element_guid,task_id,step_id,element_name,storey_id,zone_id,trade,phase,quantity,unit,planned_start_day,planned_finish_day,actual_start_day,actual_finish_day,predecessor_task_ids
0$FgBCpnqmyHhNCdjMtW$B,T000001,ARC-WALL-FRAME,Lead-lined wall L00 imaging 5,L00,L00-Z1,interiors,mep_roughin,22.8,m2,44,45,,,T000010;T000011;T000015;T000030;T000056;T000076;T000496;T000497
0$FgBCpnqmyHhNCdjMtW$B,T000002,FIR-STOP-INSTALL,Lead-lined wall L00 imaging 5,L00,L00-Z1,interiors,mep_roughin,3.42,ea,45,46,,,T000001
0$FgBCpnqmyHhNCdjMtW$B,T000003,ARC-SHIELD-WALL,Lead-lined wall L00 imaging 5,L00,L00-Z1,interiors,interiors,22.8,m2,46,48,,,T000001;T000002;T000496
0$SSVSuRI1bV2zurOqNpnX,T000004,ARC-WALL-FRAME,Lead-lined wall L00 imaging 1,L00,L00-Z1,interiors,mep_roughin,22.8,m2,44,45,,,T000010;T000011;T000015;T000030;T000056;T000076;T000496;T000497
0$SSVSuRI1bV2zurOqNpnX,T000005,FIR-STOP-INSTALL,Lead-lined wall L00 imaging 1,L00,L00-Z1,interiors,mep_roughin,3.42,ea,45,46,,,T000004
0$SSVSuRI1bV2zurOqNpnX,T000006,ARC-SHIELD-WALL,Lead-lined wall L00 imaging 1,L00,L00-Z1,interiors,interiors,22.8,m2,46,48,,,T000004;T000005;T000496
01wC9RXGi8VlaKuc1cDHXE,T000007,CIV-EARTH-CUT,Pad footing F-3-1,L00,L00-Z1,concrete,substructure,9.39,m3,0,1,,,
01wC9RXGi8VlaKuc1cDHXE,T000008,STR-FOOT-REBAR,Pad footing F-3-1,L00,L00-Z1,concrete,substructure,0.313,t,1,2,,,T000007
01wC9RXGi8VlaKuc1cDHXE,T000009,STR-FOOT-POUR,Pad footing F-3-1,L00,L00-Z1,concrete,substructure,3.13,m3,2,3,,,T000008
076gUyj50WmcolG5MXL$hx,T000010,ARC-EXTWALL-BUILD,External wall L00 S-1,L00,L00-Z1,envelope,envelope,22.8,m2,28,30,,,T000488
0IFiBQaNLYR0Nr9V$Cg3aF,T000011,ARC-EXTWALL-BUILD,External wall L00 S-2,L00,L00-Z1,envelope,envelope,22.8,m2,28,30,,,T000496
0N88UpFV5AreXQeUXoGcwe,T000012,CIV-EARTH-CUT,Pad footing F-2-1,L00,L00-Z1,concrete,substructure,6.78,m3,0,1,,,
0N88UpFV5AreXQeUXoGcwe,T000013,STR-FOOT-REBAR,Pad footing F-2-1,L00,L00-Z1,concrete,substructure,0.226,t,1,2,,,T000012
0N88UpFV5AreXQeUXoGcwe,T000014,STR-FOOT-POUR,Pad footing F-2-1,L00,L00-Z1,concrete,substructure,2.26,m3,2,3,,,T000013
0Oy2FN2ZQVuAfp5_2htNr3,T000015,ARC-EXTWALL-BUILD,External wall L00 W-1,L00,L00-Z1,envelope,envelope,22.8,m2,28,30,,,T000488
0ZVSHDBs43BRT3PrSvZ0Ks,T000016,CIV-EARTH-CUT,Pad footing F-0-0,L00,L00-Z1,concrete,substructure,8.52,m3,0,1,,,
0ZVSHDBs43BRT3PrSvZ0Ks,T000017,STR-FOOT-REBAR,Pad footing F-0-0,L00,L00-Z1,concrete,substructure,0.284,t,1,2,,,T000016
0ZVSHDBs43BRT3PrSvZ0Ks,T000018,STR-FOOT-POUR,Pad footing F-0-0,L00,L00-Z1,concrete,substructure,2.84,m3,2,3,,,T000017
0i6CtT9hof3Yv_TjmtNmAb,T000019,STR-GSLAB-POUR,Slab L00 S-0-0,L00,L00-Z1,concrete,substructure,36.0,m3,3,6,,,T000018;T000036;T000059;T000074
0itEa_d5So70QcRHWbfF0$,T000020,STR-COL-POUR,Column C-2-0 L00,L00,L00-Z1,concrete,superstructure,0.95,m3,12,13,,,T000026;T000029;T000033;T000049;T000085
0wu$t8L2v7izI8j8ZW3_tH,T000021,ARC-WALL-FRAME,Lead-lined wall L00 imaging 3,L00,L00-Z1,interiors,mep_roughin,22.8,m2,44,45,,,T000010;T000011;T000015;T000030;T000056;T000076;T000488;T000489
0wu$t8L2v7izI8j8ZW3_tH,T000022,FIR-STOP-INSTALL,Lead-lined wall L00 imaging 3,L00,L00-Z1,interiors,mep_roughin,3.42,ea,45,46,,,T000021
0wu$t8L2v7izI8j8ZW3_tH,T000023,ARC-SHIELD-WALL,Lead-lined wall L00 imaging 3,L00,L00-Z1,interiors,interiors,22.8,m2,46,48,,,T000021;T000022;T000488
155YSK8AMJCM9lbElJtr$p,T000024,MED-CT-INSTALL,CT scanner,L00,L00-Z1,medical,medical_equipment,1.0,ea,95,102,,,T000003;T000006;T000023;T000026;T000027;T000037;T000049;T000066;T000081;T000085
155YSK8AMJCM9lbElJtr$p,T000025,GEN-HANDOVER-DOC,CT scanner,L00,L00-Z1,commissioning,handover,1.0,ea,170,171,,,T000024;T000054;T000062
,T000026,GEN-LIFT-PLAN,Prepare and approve lift plan · CT scanner,L00,L00-Z1,mechanical,mobilise,1.0,ea,0,1,,,
,T000027,GEN-PRECOMM-CHECK,Pre-commissioning checks · CT scanner,L00,L00-Z1,commissioning,mep_finish,1.0,ea,69,70,,,T000026;T000053;T000061;T000063;T000090
,T000028,GEN-VENDOR-REP,Vendor representative attendance (time driven) · CT scanner,L00,L00-Z1,medical,medical_equipment,1.0,ea,115,122,,,T000024;T000037
19AYJmJnekDB0dukYDGBNt,T000029,STR-GSLAB-POUR,Slab L00 S-2-0,L00,L00-Z1,concrete,substructure,36.0,m3,3,6,,,T000009;T000014;T000033;T000070
1ArlNomS22TBxPXL6psXJB,T000030,ARC-EXTWALL-BUILD,External wall L00 S-0,L00,L00-Z1,envelope,envelope,22.8,m2,28,30,,,T000488
1CmZwkKljQY9LVKxmYSf7T,T000031,CIV-EARTH-CUT,Pad footing F-2-0,L00,L00-Z1,concrete,substructure,9.57,m3,0,1,,,
1CmZwkKljQY9LVKxmYSf7T,T000032,STR-FOOT-REBAR,Pad footing F-2-0,L00,L00-Z1,concrete,substructure,0.319,t,1,2,,,T000031
1CmZwkKljQY9LVKxmYSf7T,T000033,STR-FOOT-POUR,Pad footing F-2-0,L00,L00-Z1,concrete,substructure,3.19,m3,2,3,,,T000032
1RhDBmCjiX5wFmAbkO85Tb,T000034,CIV-EARTH-CUT,Pad footing F-1-0,L00,L00-Z1,concrete,substructure,7.62,m3,0,1,,,
1RhDBmCjiX5wFmAbkO85Tb,T000035,STR-FOOT-REBAR,Pad footing F-1-0,L00,L00-Z1,concrete,substructure,0.254,t,1,2,,,T000034
1RhDBmCjiX5wFmAbkO85Tb,T000036,STR-FOOT-POUR,Pad footing F-1-0,L00,L00-Z1,concrete,substructure,2.54,m3,2,3,,,T000035
1XpPTiAhvCW277lCL010fn,T000037,ARC-FLOOR-FINISH,Floor finish L00 0-0,L00,L00-Z1,finishes,interiors,298.08,m2,51,59,,,T000019;T000029;T000042;T000045;T000052
1XpPTiAhvCW277lCL010fn,T000038,GEN-HANDOVER-DOC,Floor finish L00 0-0,L00,L00-Z1,commissioning,handover,1.0,ea,170,171,,,T000037;T000054;T000062
1gAIidoGAdmgGBsk2kdNRh,T000039,STR-COL-POUR,Column C-0-1 L00,L00,L00-Z1,concrete,superstructure,0.95,m3,12,13,,,T000019;T000026;T000049;T000059;T000085
1mNt6d4i3hXR3hts7Dnaxs,T000040,ARC-WALL-FRAME,Partition L00 Room wall 2-1,L00,L00-Z1,interiors,mep_roughin,22.8,m2,44,45,,,T000010;T000011;T000015;T000030;T000056;T000076;T000496;T000497
1mNt6d4i3hXR3hts7Dnaxs,T000041,FIR-STOP-INSTALL,Partition L00 Room wall 2-1,L00,L00-Z1,interiors,mep_roughin,3.42,ea,45,46,,,T000040
1mNt6d4i3hXR3hts7Dnaxs,T000042,ARC-WALL-BOARD,Partition L00 Room wall 2-1,L00,L00-Z1,interiors,interiors,22.8,m2,46,47,,,T000040;T000041
1uwE2$4YZncA7Zn$2mnu5S,T000043,ARC-WALL-FRAME,Partition L00 Room wall 2-0,L00,L00-Z1,interiors,mep_roughin,22.8,m2,44,45,,,T000010;T000011;T000015;T000030;T000056;T000076;T000496;T000497
1uwE2$4YZncA7Zn$2mnu5S,T000044,FIR-STOP-INSTALL,Partition L00 Room wall 2-0,L00,L00-Z1,interiors,mep_roughin,3.42,ea,45,46,,,T000043
1uwE2$4YZncA7Zn$2mnu5S,T000045,ARC-WALL-BOARD,Partition L00 Room wall 2-0,L00,L00-Z1,interiors,interiors,22.8,m2,46,47,,,T000043;T000044
1wy4KlFqEFlb5JFldlcb_3,T000046,ARC-WINDOW-INSTALL,Window L00 W-0,L00,L00-Z1,envelope,envelope,1.0,ea,30,31,,,T000076
21DEfX7nddH05nM$uzVefn,T000047,MED-CT-INSTALL,Digital X-ray,L00,L00-Z1,medical,medical_equipment,1.0,ea,102,109,,,T000003;T000006;T000023;T000026;T000037;T000049;T000050;T000066;T000081;T000085
21DEfX7nddH05nM$uzVefn,T000048,GEN-HANDOVER-DOC,Digital X-ray,L00,L00-Z1,commissioning,handover,1.0,ea,170,171,,,T000047;T000054;T000062
,T000049,GEN-LIFT-PLAN,Prepare and approve lift plan · Digital X-ray,L00,L00-Z1,mechanical,mobilise,1.0,ea,0,1,,,
,T000050,GEN-PRECOMM-CHECK,Pre-commissioning checks · Digital X-ray,L00,L00-Z1,commissioning,mep_finish,1.0,ea,69,70,,,T000049;T000053;T000061;T000063;T000090
,T000051,GEN-VENDOR-REP,Vendor representative attendance (time driven) · Digital X-ray,L00,L00-Z1,medical,medical_equipment,1.0,ea,122,129,,,T000037;T000047
23l8MO$NRiCJlMuMJu34Fd,T000052,ARC-CEILING-CLOSE,Ceiling L00 0-0,L00,L00-Z1,interiors,interiors,259.2,m2,47,51,,,T000002;T000005;T000022;T000041;T000042;T000044;T000045;T000065;T000080
26$RaEUngMP1sAgVz2CGXL,T000053,MEP-DIFFUSER-SET,Air terminal L00 0-0,L00,L00-Z1,mechanical,mep_finish,1.0,ea,68,69,,,T000052;T000205;T000222;T000239;T000247;T000254;T000266;T000306;T000307
26$RaEUngMP1sAgVz2CGXL,T000054,CX-AIR-BALANCE,Air terminal L00 0-0,L00,L00-Z1,commissioning,commissioning,1.0,ea,70,71,,,T000053;T000122;T000205;T000222;T000239;T000247;T000254;T000266;T000306;T000307
2AKYvItBSvi3r6olUnAlS3,T000055,STR-COL-POUR,Column C-3-1 L00,L00,L00-Z1,concrete,superstructure,0.95,m3,12,13,,,T000009;T000026;T000029;T000049;T000085
2ClP_vnyYsBslNtsB5hxSJ,T000056,ARC-EXTWALL-BUILD,External wall L00 S-3,L00,L00-Z1,envelope,envelope,22.8,m2,28,30,,,T000496
2DVOOvHsNZxV9uC61BULq_,T000057,CIV-EARTH-CUT,Pad footing F-0-1,L00,L00-Z1,concrete,substructure,6.78,m3,0,1,,,
2DVOOvHsNZxV9uC61BULq_,T000058,STR-FOOT-REBAR,Pad footing F-0-1,L00,L00-Z1,concrete,substructure,0.226,t,1,2,,,T000057
2DVOOvHsNZxV9uC61BULq_,T000059,STR-FOOT-POUR,Pad footing F-0-1,L00,L00-Z1,concrete,substructure,2.26,m3,2,3,,,T000058
2EZSs3Y3NYdhi0NIp8I3BR,T000060,STR-COL-POUR,Column C-0-0 L00,L00,L00-Z1,concrete,superstructure,0.95,m3,12,13,,,T000018;T000019;T000026;T000049;T000085
2FxFzZAjBjMnOW2B8KIhKO,T000061,MEP-DIFFUSER-SET,Air terminal L00 2-0,L00,L00-Z1,mechanical,mep_finish,1.0,ea,68,69,,,T000052;T000205;T000222;T000239;T000247;T000254;T000266;T000306;T000307
2FxFzZAjBjMnOW2B8KIhKO,T000062,CX-AIR-BALANCE,Air terminal L00 2-0,L00,L00-Z1,commissioning,commissioning,1.0,ea,70,71,,,T000061;T000122;T000205;T000222;T000239;T000247;T000254;T000266;T000306;T000307
2WrKsQKkCad89JF0U8YMEv,T000063,ELE-LIGHT-INSTALL,Light fixture L00 0-0,L00,L00-Z1,electrical,mep_finish,1.0,ea,51,52,,,T000052
2XtlkUej9HfVGCyeDTiSxY,T000064,ARC-WALL-FRAME,Lead-lined wall L00 imaging 2,L00,L00-Z1,interiors,mep_roughin,22.8,m2,44,45,,,T000010;T000011;T000015;T000030;T000056;T000076;T000496;T000497
2XtlkUej9HfVGCyeDTiSxY,T000065,FIR-STOP-INSTALL,Lead-lined wall L00 imaging 2,L00,L00-Z1,interiors,mep_roughin,3.42,ea,45,46,,,T000064
2XtlkUej9HfVGCyeDTiSxY,T000066,ARC-SHIELD-WALL,Lead-lined wall L00 imaging 2,L00,L00-Z1,interiors,interiors,22.8,m2,48,50,,,T000064;T000065;T000496
2mWBECLaINWBJdqL7fN37c,T000067,ARC-WINDOW-INSTALL,Window L00 W-1,L00,L00-Z1,envelope,envelope,1.0,ea,30,31,,,T000015
2pY8ReR$owIXHVXspkSH$B,T000068,CIV-EARTH-CUT,Pad footing F-3-0,L00,L00-Z1,concrete,substructure,9.06,m3,0,1,,,
2pY8ReR$owIXHVXspkSH$B,T000069,STR-FOOT-REBAR,Pad footing F-3-0,L00,L00-Z1,concrete,substructure,0.302,t,1,2,,,T000068
2pY8ReR$owIXHVXspkSH$B,T000070,STR-FOOT-POUR,Pad footing F-3-0,L00,L00-Z1,concrete,substructure,3.02,m3,2,3,,,T000069
2vTUdyOluxamrKPHW6zlDF,T000071,STR-COL-POUR,Column C-2-1 L00,L00,L00-Z1,concrete,superstructure,0.95,m3,12,13,,,T000014;T000026;T000029;T000049;T000085
37Lm0nXwas_JObR77e76zK,T000072,CIV-EARTH-CUT,Pad footing F-1-1,L00,L00-Z1,concrete,substructure,8.04,m3,0,1,,,
37Lm0nXwas_JObR77e76zK,T000073,STR-FOOT-REBAR,Pad footing F-1-1,L00,L00-Z1,concrete,substructure,0.268,t,1,2,,,T000072
37Lm0nXwas_JObR77e76zK,T000074,STR-FOOT-POUR,Pad footing F-1-1,L00,L00-Z1,concrete,substructure,2.68,m3,2,3,,,T000073
3AbxtAzcJGcVsb695DsqCx,T000075,ARC-DOOR-INSTALL,Entrance door L00 S-3,L00,L00-Z1,interiors,interiors,1.0,ea,48,49,,,T000056
3GyRv9lpoX$su_rKIG_wGF,T000076,ARC-EXTWALL-BUILD,External wall L00 W-0,L00,L00-Z1,envelope,envelope,22.8,m2,28,30,,,T000488
3MGmTj9o5t2w9esprbEp2f,T000077,STR-COL-POUR,Column C-3-0 L00,L00,L00-Z1,concrete,superstructure,0.95,m3,12,13,,,T000026;T000029;T000049;T000070;T000085
3OSHJ9bC4hGmJKNLu5qkUu,T000078,STR-COL-POUR,Column C-1-1 L00,L00,L00-Z1,concrete,superstructure,0.95,m3,12,13,,,T000019;T000026;T000049;T000074;T000085
3RvdcgTqIe06jF98qKOVMN,T000079,ARC-WALL-FRAME,Lead-lined wall L00 imaging 4,L00,L00-Z1,interiors,mep_roughin,22.8,m2,44,45,,,T000010;T000011;T000015;T000030;T000056;T000076;T000488;T000489
3RvdcgTqIe06jF98qKOVMN,T000080,FIR-STOP-INSTALL,Lead-lined wall L00 imaging 4,L00,L00-Z1,interiors,mep_roughin,3.42,ea,45,46,,,T000079
3RvdcgTqIe06jF98qKOVMN,T000081,ARC-SHIELD-WALL,Lead-lined wall L00 imaging 4,L00,L00-Z1,interiors,interiors,22.8,m2,48,50,,,T000079;T000080;T000488
3TtVxJqMbN5tm9gX3hCOQD,T000082,MED-MRI-INSTALL,MRI scanner,L00,L00-Z1,medical,medical_equipment,1.0,ea,70,80,,,T000003;T000006;T000023;T000026;T000037;T000049;T000066;T000081;T000085;T000087
3TtVxJqMbN5tm9gX3hCOQD,T000083,GEN-HANDOVER-DOC,MRI scanner,L00,L00-Z1,commissioning,handover,1.0,ea,170,171,,,T000054;T000062;T000082
,T000084,GEN-PERMIT-WORK,Permit to work · MRI scanner,L00,L00-Z1,commissioning,mobilise,1.0,ea,0,1,,,
,T000085,GEN-LIFT-PLAN,Prepare and approve lift plan · MRI scanner,L00,L00-Z1,mechanical,mobilise,1.0,ea,1,2,,,T000084
,T000086,GEN-CRANE-MOBILISE,"Mobilise, assemble and load-test crane · MRI scanner",L00,L00-Z1,mechanical,mobilise,1.0,ea,2,3,,,T000026;T000049;T000085
,T000087,GEN-ANCHOR-SURVEY,Anchor bolt and grout survey · MRI scanner,L00,L00-Z1,concrete,superstructure,1.0,ea,43,44,,,T000019;T000029;T000086
,T000088,GEN-VENDOR-REP,Vendor representative attendance (time driven) · MRI scanner,L00,L00-Z1,medical,medical_equipment,1.0,ea,80,95,,,T000037;T000082
,T000089,GEN-HANDOVER-DOC,Room-by-room handover documentation · MRI scanner,L00,L00-Z1,commissioning,handover,1.0,ea,170,171,,,T000054;T000062;T000088
3i3hntDpRLOz8T$wnflP54,T000090,ELE-LIGHT-INSTALL,Light fixture L00 2-0,L00,L00-Z1,electrical,mep_finish,1.0,ea,51,52,,,T000052
3rwhKldfA6JK6AYus_urYR,T000091,STR-COL-POUR,Column C-1-0 L00,L00,L00-Z1,concrete,superstructure,0.95,m3,12,13,,,T000019;T000026;T000036;T000049;T000085
03afNBHCkECXgeFNRAT6Zd,T000092,MEP-DIFFUSER-SET,Air terminal L00 6-0,L00,L00-Z2,mechanical,mep_finish,1.0,ea,81,82,,,T000152;T000205;T000222;T000239;T000247;T000254;T000266;T000306;T000307
03afNBHCkECXgeFNRAT6Zd,T000093,CX-AIR-BALANCE,Air terminal L00 6-0,L00,L00-Z2,commissioning,commissioning,1.0,ea,91,92,,,T000092;T000122;T000205;T000222;T000239;T000247;T000254;T000266;T000306;T000307
06Urw8E$2UIbs0jUrNAk82,T000094,STR-COL-POUR,Column C-5-1 L00,L00,L00-Z2,concrete,superstructure,0.95,m3,14,15,,,T000105;T000126;T000172
0JKs8nmxW1EYhEbtKw0XMD,T000095,CIV-EARTH-CUT,Pad footing F-4-0,L00,L00-Z2,concrete,substructure,8.88,m3,2,3,,,T000125;T000154;T000159;T000169
0JKs8nmxW1EYhEbtKw0XMD,T000096,STR-FOOT-REBAR,Pad footing F-4-0,L00,L00-Z2,concrete,substructure,0.296,t,3,4,,,T000095
0JKs8nmxW1EYhEbtKw0XMD,T000097,STR-FOOT-POUR,Pad footing F-4-0,L00,L00-Z2,concrete,substructure,2.96,m3,4,5,,,T000096
0ccCp5drBgY6H8C0Dz5ykp,T000098,ELE-LIGHT-INSTALL,Light fixture L00 6-0,L00,L00-Z2,electrical,mep_finish,1.0,ea,81,82,,,T000152
0g9UZ_RGyVyqOCCtjsqx6C,T000099,CIV-EARTH-CUT,Pad footing F-7-0,L00,L00-Z2,concrete,substructure,6.81,m3,2,3,,,T000125;T000154;T000159;T000169
0g9UZ_RGyVyqOCCtjsqx6C,T000100,STR-FOOT-REBAR,Pad footing F-7-0,L00,L00-Z2,concrete,substructure,0.227,t,3,4,,,T000099
0g9UZ_RGyVyqOCCtjsqx6C,T000101,STR-FOOT-POUR,Pad footing F-7-0,L00,L00-Z2,concrete,substructure,2.27,m3,4,5,,,T000100
0w4bP5P5edoyW4Oaj6gYFl,T000102,STR-COL-POUR,Column C-7-1 L00,L00,L00-Z2,concrete,superstructure,0.95,m3,12,13,,,T000126;T000144;T000157
14lItG5dk5jQVDjqJUKMq3,T000103,CIV-EARTH-CUT,Pad footing F-5-1,L00,L00-Z2,concrete,substructure,6.93,m3,2,3,,,T000125;T000154;T000159;T000169
14lItG5dk5jQVDjqJUKMq3,T000104,STR-FOOT-REBAR,Pad footing F-5-1,L00,L00-Z2,concrete,substructure,0.231,t,3,4,,,T000103
14lItG5dk5jQVDjqJUKMq3,T000105,STR-FOOT-POUR,Pad footing F-5-1,L00,L00-Z2,concrete,substructure,2.31,m3,4,5,,,T000104
1DIWPMJ9M$xvfeJu8yucZ7,T000106,STR-COL-POUR,Column C-5-0 L00,L00,L00-Z2,concrete,superstructure,0.95,m3,14,15,,,T000126;T000141;T000172
1E2O3QzIUtOBcxIys2ELJu,T000107,ARC-EXTWALL-BUILD,External wall L00 S-4,L00,L00-Z2,envelope,envelope,22.8,m2,41,43,,,T000568
1Ir6daRN_0Fi85rzdvhmyG,T000108,ARC-EXTWALL-BUILD,External wall L00 E-0,L00,L00-Z2,envelope,envelope,22.8,m2,37,39,,,T000589
1Q62jXjKM48htETFS_Xhj5,T000109,ARC-EXTWALL-BUILD,External wall L00 S-5,L00,L00-Z2,envelope,envelope,22.8,m2,42,44,,,T000568
1XsRPdpluvFVS8h2TS097T,T000110,CIV-EARTH-CUT,Pad footing F-6-0,L00,L00-Z2,concrete,substructure,9.45,m3,2,3,,,T000125;T000154;T000159;T000169
1XsRPdpluvFVS8h2TS097T,T000111,STR-FOOT-REBAR,Pad footing F-6-0,L00,L00-Z2,concrete,substructure,0.315,t,3,4,,,T000110
1XsRPdpluvFVS8h2TS097T,T000112,STR-FOOT-POUR,Pad footing F-6-0,L00,L00-Z2,concrete,substructure,3.15,m3,4,5,,,T000111
1YaQhQX_W6BsZ50gGXKus1,T000113,CIV-EARTH-CUT,Pad footing F-4-1,L00,L00-Z2,concrete,substructure,9.27,m3,2,3,,,T000125;T000154;T000159;T000169
1YaQhQX_W6BsZ50gGXKus1,T000114,STR-FOOT-REBAR,Pad footing F-4-1,L00,L00-Z2,concrete,substructure,0.309,t,3,4,,,T000113
1YaQhQX_W6BsZ50gGXKus1,T000115,STR-FOOT-POUR,Pad footing F-4-1,L00,L00-Z2,concrete,substructure,3.09,m3,4,5,,,T000114
1dsb4D7cHXmJZhq9k9$dcq,T000116,ELE-LIGHT-INSTALL,Light fixture L00 4-0,L00,L00-Z2,electrical,mep_finish,1.0,ea,81,82,,,T000152
1iD9uE9UQflr9saI3fkgql,T000117,ARC-WALL-FRAME,Partition L00 Room wall 4-0,L00,L00-Z2,interiors,mep_roughin,22.8,m2,73,74,,,T000107;T000108;T000109;T000153;T000154;T000159;T000168;T000169;T000173;T000568;T000569
1iD9uE9UQflr9saI3fkgql,T000118,FIR-STOP-INSTALL,Partition L00 Room wall 4-0,L00,L00-Z2,interiors,mep_roughin,3.42,ea,74,75,,,T000117;T000154;T000159;T000169
1iD9uE9UQflr9saI3fkgql,T000119,ARC-WALL-BOARD,Partition L00 Room wall 4-0,L00,L00-Z2,interiors,interiors,22.8,m2,76,77,,,T000117;T000118;T000154;T000159;T000169
1wkBtDVtpAodhSgL9EOiiI,T000120,STR-COL-POUR,Column C-4-0 L00,L00,L00-Z2,concrete,superstructure,0.95,m3,14,15,,,T000097;T000126;T000172
1wvvJfBqnToh5uZBL3dFAO,T000121,ARC-WINDOW-INSTALL,Window L00 E-0,L00,L00-Z2,envelope,envelope,1.0,ea,39,40,,,T000108
2864WnN$xofvHfseN0LWrB,T000122,MEP-AHU-SET,Air handling unit AHU-1,L00,L00-Z2,mechanical,mep_roughin,1.0,ea,44,45,,,T000126;T000128;T000157;T000172
2864WnN$xofvHfseN0LWrB,T000123,GEN-HANDOVER-DOC,Air handling unit AHU-1,L00,L00-Z2,commissioning,handover,1.0,ea,170,171,,,T000093;T000122;T000156;T000162;T000164;T000171
,T000124,GEN-PERMIT-WORK,Permit to work · Air handling unit AHU-1,L00,L00-Z2,commissioning,mobilise,1.0,ea,0,1,,,
,T000125,GEN-SURVEY-SETOUT,Survey set-out of the work area · Air handling unit AHU-1,L00,L00-Z2,concrete,mobilise,1.0,ea,1,2,,,T000124
,T000126,GEN-LIFT-PLAN,Prepare and approve lift plan · Air handling unit AHU-1,L00,L00-Z2,mechanical,mobilise,1.0,ea,2,3,,,T000125
,T000127,GEN-CRANE-MOBILISE,"Mobilise, assemble and load-test crane · Air handling unit AHU-1",L00,L00-Z2,mechanical,mobilise,1.0,ea,3,4,,,T000126
,T000128,GEN-ANCHOR-SURVEY,Anchor bolt and grout survey · Air handling unit AHU-1,L00,L00-Z2,concrete,superstructure,1.0,ea,43,44,,,T000127;T000157;T000172
,T000129,GEN-PRECOMM-CHECK,Pre-commissioning checks · Air handling unit AHU-1,L00,L00-Z2,commissioning,mep_finish,1.0,ea,82,83,,,T000092;T000098;T000116;T000122;T000163
,T000130,GEN-VENDOR-REP,Vendor representative attendance (time driven) · Air handling unit AHU-1,L00,L00-Z2,medical,medical_equipment,1.0,ea,143,148,,,T000129;T000134
29dxv47la9Bnx5vOfyJ7vD,T000131,STR-COL-POUR,Column C-6-0 L00,L00,L00-Z2,concrete,superstructure,0.95,m3,12,13,,,T000112;T000126;T000157
2AM5VuuKklanqh6g8gCnaW,T000132,STR-COL-POUR,Column C-7-0 L00,L00,L00-Z2,concrete,superstructure,0.95,m3,12,13,,,T000101;T000126;T000157
2CgIH4ayHyv0A2WRJsEaUc,T000133,STR-COL-POUR,Column C-4-1 L00,L00,L00-Z2,concrete,superstructure,0.95,m3,14,15,,,T000115;T000126;T000172
2DiNLC$OJhwnvE8hVkIU_O,T000134,ARC-FLOOR-FINISH,Floor finish L00 4-0,L00,L00-Z2,finishes,interiors,259.2,m2,84,91,,,T000119;T000138;T000150;T000152;T000157;T000167;T000172
2DiNLC$OJhwnvE8hVkIU_O,T000135,GEN-HANDOVER-DOC,Floor finish L00 4-0,L00,L00-Z2,commissioning,handover,1.0,ea,170,171,,,T000093;T000134;T000156;T000162;T000164;T000171
2FhhD59jvqvtbzHNAJ0lwm,T000136,ARC-WALL-FRAME,Partition L00 Room wall 6-0,L00,L00-Z2,interiors,mep_roughin,22.8,m2,73,74,,,T000107;T000108;T000109;T000153;T000154;T000159;T000168;T000169;T000173;T000589;T000590
2FhhD59jvqvtbzHNAJ0lwm,T000137,FIR-STOP-INSTALL,Partition L00 Room wall 6-0,L00,L00-Z2,interiors,mep_roughin,3.42,ea,74,75,,,T000136;T000154;T000159;T000169
2FhhD59jvqvtbzHNAJ0lwm,T000138,ARC-WALL-BOARD,Partition L00 Room wall 6-0,L00,L00-Z2,interiors,interiors,22.8,m2,76,77,,,T000136;T000137;T000154;T000159;T000169
2PJlK0f_2EkdU7UAA_8GGy,T000139,CIV-EARTH-CUT,Pad footing F-5-0,L00,L00-Z2,concrete,substructure,9.21,m3,2,3,,,T000125;T000154;T000159;T000169
2PJlK0f_2EkdU7UAA_8GGy,T000140,STR-FOOT-REBAR,Pad footing F-5-0,L00,L00-Z2,concrete,substructure,0.307,t,3,4,,,T000139
2PJlK0f_2EkdU7UAA_8GGy,T000141,STR-FOOT-POUR,Pad footing F-5-0,L00,L00-Z2,concrete,substructure,3.07,m3,5,6,,,T000140
2ipg3EXMX4DtietEnOW5t0,T000142,CIV-EARTH-CUT,Pad footing F-7-1,L00,L00-Z2,concrete,substructure,9.51,m3,2,3,,,T000125;T000154;T000159;T000169
2ipg3EXMX4DtietEnOW5t0,T000143,STR-FOOT-REBAR,Pad footing F-7-1,L00,L00-Z2,concrete,substructure,0.317,t,3,4,,,T000142
2ipg3EXMX4DtietEnOW5t0,T000144,STR-FOOT-POUR,Pad footing F-7-1,L00,L00-Z2,concrete,substructure,3.17,m3,5,6,,,T000143
2qVYKDm4ySPwidTS3OpgZ8,T000145,CIV-EARTH-CUT,Pad footing F-6-1,L00,L00-Z2,concrete,substructure,7.14,m3,2,3,,,T000125;T000154;T000159;T000169
2qVYKDm4ySPwidTS3OpgZ8,T000146,STR-FOOT-REBAR,Pad footing F-6-1,L00,L00-Z2,concrete,substructure,0.238,t,3,4,,,T000145
2qVYKDm4ySPwidTS3OpgZ8,T000147,STR-FOOT-POUR,Pad footing F-6-1,L00,L00-Z2,concrete,substructure,2.38,m3,5,6,,,T000146
2uMZCTc$h6safneMI5QtZe,T000148,ARC-WALL-FRAME,Partition L00 Room wall 6-1,L00,L00-Z2,interiors,mep_roughin,22.8,m2,74,75,,,T000107;T000108;T000109;T000153;T000154;T000159;T000168;T000169;T000173;T000589;T000590
2uMZCTc$h6safneMI5QtZe,T000149,FIR-STOP-INSTALL,Partition L00 Room wall 6-1,L00,L00-Z2,interiors,mep_roughin,3.42,ea,75,76,,,T000148;T000154;T000159;T000169
2uMZCTc$h6safneMI5QtZe,T000150,ARC-WALL-BOARD,Partition L00 Room wall 6-1,L00,L00-Z2,interiors,interiors,22.8,m2,76,77,,,T000148;T000149;T000154;T000159;T000169
33qT2YCVGcqvAQIlLVsv50,T000151,ARC-WINDOW-INSTALL,Window L00 E-1,L00,L00-Z2,envelope,envelope,1.0,ea,39,40,,,T000153
35j7zCBfoPafHvPbsptmA_,T000152,ARC-CEILING-CLOSE,Ceiling L00 4-0,L00,L00-Z2,interiors,interiors,259.2,m2,77,81,,,T000118;T000119;T000137;T000138;T000149;T000150;T000154;T000159;T000166;T000167;T000169
3CeIqfXmF6PUU$nEY7exq8,T000153,ARC-EXTWALL-BUILD,External wall L00 E-1,L00,L00-Z2,envelope,envelope,22.8,m2,37,39,,,T000589
3I8LtZrcz9kWV$PwDHc0og,T000154,GEN-ICRA-SETUP,Slab L00 S-6-0,L00,L00-Z2,icra,mobilise,1.0,ea,0,1,,,
3I8LtZrcz9kWV$PwDHc0og,T000155,GEN-HEPA-CLEAN,Slab L00 S-6-0,L00,L00-Z2,icra,icra_closeout,144.0,m2,159,160,,,T000093;T000134;T000152;T000154;T000159;T000164;T000169
3I8LtZrcz9kWV$PwDHc0og,T000156,GEN-ICRA-CLOSEOUT,Slab L00 S-6-0,L00,L00-Z2,icra,icra_closeout,1.0,ea,162,163,,,T000154;T000155;T000159;T000161;T000169;T000170
3I8LtZrcz9kWV$PwDHc0og,T000157,STR-GSLAB-POUR,Slab L00 S-6-0,L00,L00-Z2,concrete,substructure,36.0,m3,6,9,,,T000101;T000112;T000144;T000147
,T000158,GEN-PERMIT-WORK,Permit to work · L00 zone 2,L00,L00-Z2,commissioning,mobilise,1.0,ea,0,1,,,
,T000159,GEN-ICRA-SETUP,Erect ICRA barrier and negative air · L00 zone 2,L00,L00-Z2,icra,mobilise,1.0,ea,1,2,,,T000158
,T000160,GEN-PRECOMM-CHECK,Pre-commissioning checks · L00 zone 2,L00,L00-Z2,commissioning,mep_finish,1.0,ea,82,83,,,T000092;T000098;T000116;T000159;T000163
,T000161,GEN-HEPA-CLEAN,HEPA terminal clean · L00 zone 2,L00,L00-Z2,icra,icra_closeout,1.0,ea,159,160,,,T000093;T000134;T000152;T000154;T000159;T000160;T000164;T000169
,T000162,GEN-ICRA-CLOSEOUT,ICRA clearance and barrier removal · L00 zone 2,L00,L00-Z2,icra,icra_closeout,1.0,ea,163,164,,,T000154;T000155;T000159;T000161;T000169;T000170
3O0j2lhr0exAHCEHy$hF4e,T000163,MEP-DIFFUSER-SET,Air terminal L00 4-0,L00,L00-Z2,mechanical,mep_finish,1.0,ea,81,82,,,T000152;T000205;T000222;T000239;T000247;T000254;T000266;T000306;T000307
3O0j2lhr0exAHCEHy$hF4e,T000164,CX-AIR-BALANCE,Air terminal L00 4-0,L00,L00-Z2,commissioning,commissioning,1.0,ea,91,92,,,T000122;T000163;T000205;T000222;T000239;T000247;T000254;T000266;T000306;T000307
3b3Kl5bJ3DReiRm4JmA9Sr,T000165,ARC-WALL-FRAME,Partition L00 Room wall 4-1,L00,L00-Z2,interiors,mep_roughin,22.8,m2,74,75,,,T000107;T000108;T000109;T000153;T000154;T000159;T000168;T000169;T000173;T000568;T000569
3b3Kl5bJ3DReiRm4JmA9Sr,T000166,FIR-STOP-INSTALL,Partition L00 Room wall 4-1,L00,L00-Z2,interiors,mep_roughin,3.42,ea,75,76,,,T000154;T000159;T000165;T000169
3b3Kl5bJ3DReiRm4JmA9Sr,T000167,ARC-WALL-BOARD,Partition L00 Room wall 4-1,L00,L00-Z2,interiors,interiors,22.8,m2,76,77,,,T000154;T000159;T000165;T000166;T000169
3hUTicaHmVDfOkwCIsqAB7,T000168,ARC-EXTWALL-BUILD,External wall L00 S-7,L00,L00-Z2,envelope,envelope,22.8,m2,37,39,,,T000589
3qD3BjBfn1bqnAVLmLHYcY,T000169,GEN-ICRA-SETUP,Slab L00 S-4-0,L00,L00-Z2,icra,mobilise,1.0,ea,0,1,,,
3qD3BjBfn1bqnAVLmLHYcY,T000170,GEN-HEPA-CLEAN,Slab L00 S-4-0,L00,L00-Z2,icra,icra_closeout,144.0,m2,159,160,,,T000093;T000134;T000152;T000154;T000159;T000164;T000169
3qD3BjBfn1bqnAVLmLHYcY,T000171,GEN-ICRA-CLOSEOUT,Slab L00 S-4-0,L00,L00-Z2,icra,icra_closeout,1.0,ea,163,164,,,T000154;T000155;T000159;T000161;T000169;T000170
3qD3BjBfn1bqnAVLmLHYcY,T000172,STR-GSLAB-POUR,Slab L00 S-4-0,L00,L00-Z2,concrete,substructure,36.0,m3,6,9,,,T000097;T000105;T000115;T000141
3qqwk3uI18AhepLt7o4J7b,T000173,ARC-EXTWALL-BUILD,External wall L00 S-6,L00,L00-Z2,envelope,envelope,22.8,m2,39,41,,,T000589
3y2vVPbo6g1Dtr$b4_p__T,T000174,ARC-DOOR-INSTALL,Entrance door L00 S-4,L00,L00-Z2,interiors,interiors,1.0,ea,76,77,,,T000107
3y5nlW2j8iUDgH5jhMxzNH,T000175,STR-COL-POUR,Column C-6-1 L00,L00,L00-Z2,concrete,superstructure,0.95,m3,12,13,,,T000126;T000147;T000157
0PN3xQub8q$HcUWJsm9vzp,T000176,STR-SLAB-FORM,Slab L00 S-2-2 +1,L00,L00-Z3,concrete,superstructure,288.0,m2,13,23,,,T000181
0PN3xQub8q$HcUWJsm9vzp,T000177,STR-SLAB-POUR,Slab L00 S-2-2 +1,L00,L00-Z3,concrete,superstructure,72.0,m3,23,29,,,T000176
1dlyisgjwYdWTFOeFNORzZ,T000178,CIV-EARTH-CUT,Pad footing F-2-3 +7,L00,L00-Z3,concrete,substructure,21.59,m3,2,3,,,T000180
1dlyisgjwYdWTFOeFNORzZ,T000179,CIV-PILE-DRIVE,Pad footing F-2-3 +7,L00,L00-Z3,concrete,substructure,8.0,ea,3,6,,,T000178;T000180
,T000180,GEN-SURVEY-SETOUT,Survey set-out of the work area · L00 zone 3,L00,L00-Z3,concrete,mobilise,1.0,ea,0,2,,,
,T000181,GEN-SURVEY-ASBUILT,As-built survey and record · L00 zone 3,L00,L00-Z3,concrete,superstructure,1.0,ea,12,13,,,T000179
06yueYObVgVkTweEUuqkAj,T000182,ARC-WALL-FRAME,Partition L00 Room wall 4-3,L00,L00-Z4,interiors,mep_roughin,22.8,m2,62,63,,,T000186;T000230;T000235;T000277;T000278;T000793;T000794
06yueYObVgVkTweEUuqkAj,T000183,FIR-STOP-INSTALL,Partition L00 Room wall 4-3,L00,L00-Z4,interiors,mep_roughin,3.42,ea,63,64,,,T000182;T000228;T000230;T000235;T000278
06yueYObVgVkTweEUuqkAj,T000184,ARC-WALL-BOARD,Partition L00 Room wall 4-3,L00,L00-Z4,interiors,interiors,22.8,m2,70,71,,,T000182;T000183;T000230;T000235;T000278
07KurzxQhIeeipGlDeUxFY,T000185,STR-COL-POUR,Column C-7-2 L00,L00,L00-Z4,concrete,superstructure,0.95,m3,12,13,,,T000225;T000233
093uFjmjnM1FxlOu1S2ZjO,T000186,ARC-EXTWALL-BUILD,External wall L00 E-2,L00,L00-Z4,envelope,envelope,22.8,m2,37,39,,,T000762
0CQRXAKUM9K0qvyb4Taaw9,T000187,CIV-EARTH-CUT,Pad footing F-5-3,L00,L00-Z4,concrete,substructure,7.53,m3,2,3,,,T000219;T000230;T000235;T000243;T000278;T000297
0CQRXAKUM9K0qvyb4Taaw9,T000188,STR-FOOT-REBAR,Pad footing F-5-3,L00,L00-Z4,concrete,substructure,0.251,t,3,4,,,T000187
0CQRXAKUM9K0qvyb4Taaw9,T000189,STR-FOOT-POUR,Pad footing F-5-3,L00,L00-Z4,concrete,substructure,2.51,m3,5,6,,,T000188
0D$yfTUDMnr87WE49ul3Mf,T000190,ARC-WALL-FRAME,Partition L00 Corridor S wall 5,L00,L00-Z4,interiors,mep_roughin,22.8,m2,62,63,,,T000186;T000230;T000235;T000277;T000278;T000793;T000794
0D$yfTUDMnr87WE49ul3Mf,T000191,FIR-STOP-INSTALL,Partition L00 Corridor S wall 5,L00,L00-Z4,interiors,mep_roughin,3.42,ea,68,69,,,T000190;T000222;T000230;T000235;T000247;T000262;T000278
0D$yfTUDMnr87WE49ul3Mf,T000192,ARC-WALL-BOARD,Partition L00 Corridor S wall 5,L00,L00-Z4,interiors,interiors,22.8,m2,70,71,,,T000190;T000191;T000230;T000235;T000278
0D4$SitzcT273Pm2z6nmGt,T000193,ARC-WALL-FRAME,Partition L00 Corridor N wall 6,L00,L00-Z4,interiors,mep_roughin,22.8,m2,62,63,,,T000186;T000230;T000235;T000277;T000278;T000762;T000763
0D4$SitzcT273Pm2z6nmGt,T000194,FIR-STOP-INSTALL,Partition L00 Corridor N wall 6,L00,L00-Z4,interiors,mep_roughin,3.42,ea,68,69,,,T000193;T000216;T000229;T000230;T000235;T000240;T000266;T000278;T000282;T000289;T000306;T000309
0D4$SitzcT273Pm2z6nmGt,T000195,ARC-WALL-BOARD,Partition L00 Corridor N wall 6,L00,L00-Z4,interiors,interiors,22.8,m2,70,71,,,T000193;T000194;T000196;T000217;T000229;T000230;T000235;T000241;T000278;T000282;T000309
0FIDvGJ9ageUztqFcQy4kK,T000196,ELE-CABLE-PULL,Power cable L00 4,L00,L00-Z4,electrical,mep_roughin,12.0,m,66,67,,,T000289
0G7u7ct8D76bmpCqT1wnxs,T000197,ARC-WINDOW-INSTALL,Window L00 E-3,L00,L00-Z4,envelope,envelope,1.0,ea,39,40,,,T000277
0GuNa5eiVbGozF99WQ$jSu,T000198,ARC-DOOR-INSTALL,Door L00 Corridor S wall 7,L00,L00-Z4,interiors,interiors,1.0,ea,72,73,,,T000286;T000288
0ST6CqgyCH0KqyzPafa7BT,T000199,STR-COL-POUR,Column C-7-3 L00,L00,L00-Z4,concrete,superstructure,0.95,m3,12,13,,,T000233;T000302
0UgMnTlp5JIVXsdQYq1rqm,T000200,ARC-FLOOR-FINISH,Floor finish L00 4-2,L00,L00-Z4,finishes,interiors,259.2,m2,76,83,,,T000184;T000192;T000195;T000210;T000213;T000233;T000255;T000265;T000269;T000275;T000281;T000285;T000288
0UgMnTlp5JIVXsdQYq1rqm,T000201,GEN-HANDOVER-DOC,Floor finish L00 4-2,L00,L00-Z4,commissioning,handover,1.0,ea,170,171,,,T000200;T000218;T000232;T000238;T000242;T000250;T000260;T000280
0WzE8p_96JJcAVFrSmvucs,T000202,CIV-EARTH-CUT,Pad footing F-4-3,L00,L00-Z4,concrete,substructure,7.62,m3,2,3,,,T000219;T000230;T000235;T000243;T000278;T000297
0WzE8p_96JJcAVFrSmvucs,T000203,STR-FOOT-REBAR,Pad footing F-4-3,L00,L00-Z4,concrete,substructure,0.254,t,3,4,,,T000202
0WzE8p_96JJcAVFrSmvucs,T000204,STR-FOOT-POUR,Pad footing F-4-3,L00,L00-Z4,concrete,substructure,2.54,m3,5,6,,,T000203
0_MvbK5bgsEJ9Pz_V0nMm5,T000205,MEP-DUCT-INSTALL,Supply duct L00 8,L00,L00-Z4,mechanical,mep_roughin,6.0,m,67,68,,,T000267;T000286;T000762;T000763
0cST$k4Z$Q0PoEZ$LOM8G8,T000206,ARC-WINDOW-INSTALL,Window L00 E-2,L00,L00-Z4,envelope,envelope,1.0,ea,39,40,,,T000186
0glFdU__oRptUaVLhKfmAC,T000207,MEP-TRAY-INSTALL,Cable tray L00 8,L00,L00-Z4,electrical,mep_roughin,6.0,m,65,66,,,T000267;T000286;T000762;T000763
0hrXPg7HQg7U$94i9rAzGY,T000208,ARC-WALL-FRAME,Partition L00 Corridor S wall 6,L00,L00-Z4,interiors,mep_roughin,22.8,m2,62,63,,,T000186;T000230;T000235;T000277;T000278;T000762;T000763
0hrXPg7HQg7U$94i9rAzGY,T000209,FIR-STOP-INSTALL,Partition L00 Corridor S wall 6,L00,L00-Z4,interiors,mep_roughin,3.42,ea,68,69,,,T000208;T000216;T000229;T000230;T000235;T000240;T000266;T000278;T000282;T000289;T000306;T000309
0hrXPg7HQg7U$94i9rAzGY,T000210,ARC-WALL-BOARD,Partition L00 Corridor S wall 6,L00,L00-Z4,interiors,interiors,22.8,m2,71,72,,,T000196;T000208;T000209;T000217;T000229;T000230;T000235;T000241;T000278;T000282;T000309
0iaLFaZ_uSLaXDTZICQL35,T000211,ARC-WALL-FRAME,Partition L00 Room wall 6-3,L00,L00-Z4,interiors,mep_roughin,22.8,m2,63,64,,,T000186;T000230;T000235;T000277;T000278;T000762;T000763
0iaLFaZ_uSLaXDTZICQL35,T000212,FIR-STOP-INSTALL,Partition L00 Room wall 6-3,L00,L00-Z4,interiors,mep_roughin,3.42,ea,64,65,,,T000211;T000230;T000235;T000278
0iaLFaZ_uSLaXDTZICQL35,T000213,ARC-WALL-BOARD,Partition L00 Room wall 6-3,L00,L00-Z4,interiors,interiors,22.8,m2,71,72,,,T000211;T000212;T000230;T000235;T000278
0vmHPPW_uaSPKtOB3CQ4H0,T000214,ARC-DOOR-INSTALL,Door L00 Corridor S wall 5,L00,L00-Z4,interiors,interiors,1.0,ea,71,72,,,T000190;T000192
0zLmIV4EO2uerJqQqy7HQf,T000215,STR-COL-POUR,Column C-4-3 L00,L00,L00-Z4,concrete,superstructure,0.95,m3,14,15,,,T000204;T000281
1$G4Q9lcEqmmcl3e_P2RtI,T000216,MED-GAS-PIPE-INSTALL,Medical air line L00 3,L00,L00-Z4,plumbing,mep_roughin,18.0,m,65,66,,,T000193;T000208;T000220;T000244;T000298;T000762;T000763
1$G4Q9lcEqmmcl3e_P2RtI,T000217,MED-GAS-TEST,Medical air line L00 3,L00,L00-Z4,plumbing,mep_roughin,18.0,m,66,67,,,T000216
1$G4Q9lcEqmmcl3e_P2RtI,T000218,MED-GAS-CERT,Medical air line L00 3,L00,L00-Z4,commissioning,commissioning,18.0,m,96,98,,,T000216;T000217;T000221;T000608;T000684;T000735;T001112;T001129;T001212
,T000219,GEN-SURVEY-SETOUT,Survey set-out of the work area · system MG-MA,L00,L00-Z4,concrete,mobilise,1.0,ea,0,1,,,
,T000220,GEN-PERMIT-HOT,Hot work permit and fire watch · system MG-MA,L00,L00-Z4,commissioning,mobilise,1.0,ea,1,2,,,T000219
,T000221,GEN-PRECOMM-CHECK,Pre-commissioning checks · system MG-MA,L00,L00-Z4,commissioning,mep_finish,1.0,ea,95,96,,,T000217;T000249;T000259;T000261;T000290;T000609;T000685;T000736;T001113;T001130;T001213
198WvFsjp1chnlQcsz5_4$,T000222,MEP-DUCT-INSTALL,Return duct L00 6,L00,L00-Z4,mechanical,mep_roughin,6.0,m,67,68,,,T000190;T000273;T000793;T000794
1EKdD3dmoP9VDcF5isl8h1,T000223,CIV-EARTH-CUT,Pad footing F-7-2,L00,L00-Z4,concrete,substructure,8.91,m3,2,3,,,T000219;T000230;T000235;T000243;T000278;T000297
1EKdD3dmoP9VDcF5isl8h1,T000224,STR-FOOT-REBAR,Pad footing F-7-2,L00,L00-Z4,concrete,substructure,0.297,t,3,4,,,T000223
1EKdD3dmoP9VDcF5isl8h1,T000225,STR-FOOT-POUR,Pad footing F-7-2,L00,L00-Z4,concrete,substructure,2.97,m3,5,6,,,T000224
1FPHU$3klxGB8dozqq9Ge9,T000226,STR-COL-POUR,Column C-4-2 L00,L00,L00-Z4,concrete,superstructure,0.95,m3,14,15,,,T000281;T000305
1FbVQhN$lVozYwhIW9WFmo,T000227,PLB-PIPE-INSTALL,Heating water pipe L00 3,L00,L00-Z4,plumbing,mep_roughin,12.0,m,65,66,,,T000263;T000283;T000793;T000794
1Uqwj2NG87Y6FoWF0XXMy$,T000228,FIR-SPRINK-INSTALL,Sprinkler main L00,L00,L00-Z4,plumbing,mep_roughin,12.0,ea,62,63,,,T000233;T000281;T000793;T000794
1W$wZrPY6s_DytneFHNFk6,T000229,PLB-PIPE-INSTALL,Heating water pipe L00 4,L00,L00-Z4,plumbing,mep_roughin,12.0,m,65,66,,,T000193;T000208;T000762;T000763
1i3zDbrAEIidhwQziyCuve,T000230,GEN-ICRA-SETUP,Slab L00 S-6-2,L00,L00-Z4,icra,mobilise,1.0,ea,0,1,,,
1i3zDbrAEIidhwQziyCuve,T000231,GEN-HEPA-CLEAN,Slab L00 S-6-2,L00,L00-Z4,icra,icra_closeout,144.0,m2,159,160,,,T000200;T000230;T000235;T000250;T000255;T000260;T000278
1i3zDbrAEIidhwQziyCuve,T000232,GEN-ICRA-CLOSEOUT,Slab L00 S-6-2,L00,L00-Z4,icra,icra_closeout,1.0,ea,163,164,,,T000230;T000231;T000235;T000237;T000278;T000279
1i3zDbrAEIidhwQziyCuve,T000233,STR-GSLAB-POUR,Slab L00 S-6-2,L00,L00-Z4,concrete,substructure,36.0,m3,6,9,,,T000225;T000258;T000294;T000302
,T000234,GEN-PERMIT-WORK,Permit to work · L00 zone 4,L00,L00-Z4,commissioning,mobilise,1.0,ea,0,1,,,
,T000235,GEN-ICRA-SETUP,Erect ICRA barrier and negative air · L00 zone 4,L00,L00-Z4,icra,mobilise,1.0,ea,1,2,,,T000234
,T000236,GEN-PRECOMM-CHECK,Pre-commissioning checks · L00 zone 4,L00,L00-Z4,commissioning,mep_finish,1.0,ea,77,78,,,T000235;T000249;T000259;T000261;T000290
,T000237,GEN-HEPA-CLEAN,HEPA terminal clean · L00 zone 4,L00,L00-Z4,icra,icra_closeout,1.0,ea,159,160,,,T000200;T000230;T000235;T000236;T000250;T000255;T000260;T000278
,T000238,GEN-ICRA-CLOSEOUT,ICRA clearance and barrier removal · L00 zone 4,L00,L00-Z4,icra,icra_closeout,1.0,ea,163,164,,,T000230;T000231;T000235;T000237;T000278;T000279
1oArE5D0WLTg_EflooSiqD,T000239,MEP-DUCT-INSTALL,Return duct L00 5,L00,L00-Z4,mechanical,mep_roughin,6.0,m,67,68,,,T000263;T000283;T000793;T000794
1qdL8TB6MaysLU2P98CYMF,T000240,MED-GAS-PIPE-INSTALL,Oxygen line L00 3,L00,L00-Z4,plumbing,mep_roughin,18.0,m,65,66,,,T000193;T000208;T000220;T000244;T000298;T000762;T000763
1qdL8TB6MaysLU2P98CYMF,T000241,MED-GAS-TEST,Oxygen line L00 3,L00,L00-Z4,plumbing,mep_roughin,18.0,m,66,67,,,T000240
1qdL8TB6MaysLU2P98CYMF,T000242,MED-GAS-CERT,Oxygen line L00 3,L00,L00-Z4,commissioning,commissioning,18.0,m,96,98,,,T000240;T000241;T000245;T000657;T000687;T000729;T001095;T001104;T001147
,T000243,GEN-SURVEY-SETOUT,Survey set-out of the work area · system MG-O2,L00,L00-Z4,concrete,mobilise,1.0,ea,0,1,,,
,T000244,GEN-PERMIT-HOT,Hot work permit and fire watch · system MG-O2,L00,L00-Z4,commissioning,mobilise,1.0,ea,1,2,,,T000243
,T000245,GEN-PRECOMM-CHECK,Pre-commissioning checks · system MG-O2,L00,L00-Z4,commissioning,mep_finish,1.0,ea,95,96,,,T000241;T000249;T000259;T000261;T000290;T000658;T000688;T000730;T001096;T001105;T001148
1sWQ08K4Xz8SxL$EAwhlyX,T000246,MEP-TRAY-INSTALL,Cable tray L00 5,L00,L00-Z4,electrical,mep_roughin,6.0,m,65,66,,,T000263;T000283;T000793;T000794
1wJO0D$I9dUpcQCO323bFQ,T000247,MEP-DUCT-INSTALL,Supply duct L00 6,L00,L00-Z4,mechanical,mep_roughin,6.0,m,67,68,,,T000190;T000273;T000793;T000794
1yzzRCMn9IGI8z9LVqkSXq,T000248,PLB-PIPE-INSTALL,Chilled water pipe L00 3,L00,L00-Z4,plumbing,mep_roughin,12.0,m,65,66,,,T000263;T000283;T000793;T000794
20txK77wbQqEaIaZMs1y8w,T000249,MEP-DIFFUSER-SET,Air terminal L00 4-2,L00,L00-Z4,mechanical,mep_finish,1.0,ea,76,77,,,T000205;T000222;T000239;T000247;T000254;T000255;T000266;T000306;T000307
20txK77wbQqEaIaZMs1y8w,T000250,CX-AIR-BALANCE,Air terminal L00 4-2,L00,L00-Z4,commissioning,commissioning,1.0,ea,96,97,,,T000122;T000205;T000222;T000239;T000247;T000249;T000254;T000266;T000306;T000307
24ohKyvjdbprUdfQUxJJ4A,T000251,ELE-CABLE-PULL,Power cable L00 3,L00,L00-Z4,electrical,mep_roughin,12.0,m,66,67,,,T000246
2BLJLh53A5XQr3$bczVpcw,T000252,STR-COL-POUR,Column C-6-2 L00,L00,L00-Z4,concrete,superstructure,0.95,m3,12,13,,,T000233;T000294
2FmoiIb5aAiuWzRPYYHDUV,T000253,STR-COL-POUR,Column C-6-3 L00,L00,L00-Z4,concrete,superstructure,0.95,m3,12,13,,,T000233;T000258
2NSh$TuECLHG3u$kt2lDry,T000254,MEP-DUCT-INSTALL,Return duct L00 8,L00,L00-Z4,mechanical,mep_roughin,6.0,m,67,68,,,T000267;T000286;T000762;T000763
2O_W1o5vGS9EEK_8NfLWoa,T000255,ARC-CEILING-CLOSE,Ceiling L00 4-2,L00,L00-Z4,interiors,interiors,259.2,m2,72,76,,,T000183;T000184;T000191;T000192;T000194;T000195;T000196;T000205;T000207;T000209;T000210;T000212;T000213;T000216;T000217;T000222;T000227;T000228;T000229;T000230;T000235;T000239;T000240;T000241;T000246;T000247;T000248;T000251;T000254;T000262;T000264;T000265;T000266;T000268;T000269;T000274;T000275;T000276;T000278;T000282;T000284;T000285;T000287;T000288;T000289;T000295;T000306;T000307;T000309
2PsESJYI97LdauFxcpY$uA,T000256,CIV-EARTH-CUT,Pad footing F-6-3,L00,L00-Z4,concrete,substructure,8.67,m3,2,3,,,T000219;T000230;T000235;T000243;T000278;T000297
2PsESJYI97LdauFxcpY$uA,T000257,STR-FOOT-REBAR,Pad footing F-6-3,L00,L00-Z4,concrete,substructure,0.289,t,3,4,,,T000256
2PsESJYI97LdauFxcpY$uA,T000258,STR-FOOT-POUR,Pad footing F-6-3,L00,L00-Z4,concrete,substructure,2.89,m3,5,6,,,T000257
2WCYdp28DUaWVN$0J2frh0,T000259,MEP-DIFFUSER-SET,Air terminal L00 6-2,L00,L00-Z4,mechanical,mep_finish,1.0,ea,76,77,,,T000205;T000222;T000239;T000247;T000254;T000255;T000266;T000306;T000307
2WCYdp28DUaWVN$0J2frh0,T000260,CX-AIR-BALANCE,Air terminal L00 6-2,L00,L00-Z4,commissioning,commissioning,1.0,ea,96,97,,,T000122;T000205;T000222;T000239;T000247;T000254;T000259;T000266;T000306;T000307
2cSvPZznYKzSuH2U_nSIEY,T000261,ELE-LIGHT-INSTALL,Light fixture L00 4-2,L00,L00-Z4,electrical,mep_finish,1.0,ea,76,77,,,T000207;T000246;T000251;T000255;T000262;T000289
2fJZVS2tzYgc$p6cWDISSV,T000262,MEP-TRAY-INSTALL,Cable tray L00 6,L00,L00-Z4,electrical,mep_roughin,6.0,m,65,66,,,T000190;T000273;T000793;T000794
2hwHZco8zmyNXGfip853KT,T000263,ARC-WALL-FRAME,Partition L00 Corridor N wall 4,L00,L00-Z4,interiors,mep_roughin,22.8,m2,62,63,,,T000186;T000230;T000235;T000277;T000278;T000793;T000794
2hwHZco8zmyNXGfip853KT,T000264,FIR-STOP-INSTALL,Partition L00 Corridor N wall 4,L00,L00-Z4,interiors,mep_roughin,3.42,ea,68,69,,,T000227;T000230;T000235;T000239;T000246;T000248;T000263;T000276;T000278;T000307
2hwHZco8zmyNXGfip853KT,T000265,ARC-WALL-BOARD,Partition L00 Corridor N wall 4,L00,L00-Z4,interiors,interiors,22.8,m2,71,72,,,T000227;T000230;T000235;T000248;T000251;T000263;T000264;T000276;T000278
2i3WynCsi_3m4_ByWBAVCw,T000266,MEP-DUCT-INSTALL,Supply duct L00 7,L00,L00-Z4,mechanical,mep_roughin,6.0,m,67,68,,,T000193;T000208;T000762;T000763
2kbVYeD6iq_ZAQHTdQFlI4,T000267,ARC-WALL-FRAME,Partition L00 Corridor N wall 7,L00,L00-Z4,interiors,mep_roughin,22.8,m2,62,63,,,T000186;T000230;T000235;T000277;T000278;T000762;T000763
2kbVYeD6iq_ZAQHTdQFlI4,T000268,FIR-STOP-INSTALL,Partition L00 Corridor N wall 7,L00,L00-Z4,interiors,mep_roughin,3.42,ea,68,69,,,T000205;T000207;T000230;T000235;T000254;T000267;T000278
2kbVYeD6iq_ZAQHTdQFlI4,T000269,ARC-WALL-BOARD,Partition L00 Corridor N wall 7,L00,L00-Z4,interiors,interiors,22.8,m2,71,72,,,T000230;T000235;T000267;T000268;T000278
2pLxG3o3AsHxN6XmfRwfhm,T000270,CIV-EARTH-CUT,Pad footing F-5-2,L00,L00-Z4,concrete,substructure,6.69,m3,2,3,,,T000219;T000230;T000235;T000243;T000278;T000297
2pLxG3o3AsHxN6XmfRwfhm,T000271,STR-FOOT-REBAR,Pad footing F-5-2,L00,L00-Z4,concrete,substructure,0.223,t,3,4,,,T000270
2pLxG3o3AsHxN6XmfRwfhm,T000272,STR-FOOT-POUR,Pad footing F-5-2,L00,L00-Z4,concrete,substructure,2.23,m3,5,6,,,T000271
2q9hN$OQyjjH8usm9AGcCF,T000273,ARC-WALL-FRAME,Partition L00 Corridor N wall 5,L00,L00-Z4,interiors,mep_roughin,22.8,m2,62,63,,,T000186;T000230;T000235;T000277;T000278;T000793;T000794
2q9hN$OQyjjH8usm9AGcCF,T000274,FIR-STOP-INSTALL,Partition L00 Corridor N wall 5,L00,L00-Z4,interiors,mep_roughin,3.42,ea,68,69,,,T000222;T000230;T000235;T000247;T000262;T000273;T000278
2q9hN$OQyjjH8usm9AGcCF,T000275,ARC-WALL-BOARD,Partition L00 Corridor N wall 5,L00,L00-Z4,interiors,interiors,22.8,m2,71,72,,,T000230;T000235;T000273;T000274;T000278
2tnvRTCAquuJnm2YQ_thf2,T000276,PLB-PIPE-INSTALL,Cold water pipe L00 3,L00,L00-Z4,plumbing,mep_roughin,12.0,m,66,67,,,T000263;T000283;T000793;T000794
33gWVDyUh6gU9uCvFA74me,T000277,ARC-EXTWALL-BUILD,External wall L00 E-3,L00,L00-Z4,envelope,envelope,22.8,m2,37,39,,,T000762
34kADVjL5pgtD1CXSSvlox,T000278,GEN-ICRA-SETUP,Slab L00 S-4-2,L00,L00-Z4,icra,mobilise,1.0,ea,0,1,,,
34kADVjL5pgtD1CXSSvlox,T000279,GEN-HEPA-CLEAN,Slab L00 S-4-2,L00,L00-Z4,icra,icra_closeout,144.0,m2,159,160,,,T000200;T000230;T000235;T000250;T000255;T000260;T000278
34kADVjL5pgtD1CXSSvlox,T000280,GEN-ICRA-CLOSEOUT,Slab L00 S-4-2,L00,L00-Z4,icra,icra_closeout,1.0,ea,164,165,,,T000230;T000231;T000235;T000237;T000278;T000279
34kADVjL5pgtD1CXSSvlox,T000281,STR-GSLAB-POUR,Slab L00 S-4-2,L00,L00-Z4,concrete,substructure,36.0,m3,7,10,,,T000189;T000204;T000272;T000305
35fo3OlovSGzqKUa$9t3r8,T000282,PLB-PIPE-INSTALL,Chilled water pipe L00 4,L00,L00-Z4,plumbing,mep_roughin,12.0,m,66,67,,,T000193;T000208;T000762;T000763
3Fn1c4u5jHxwZ1KjQin8MJ,T000283,ARC-WALL-FRAME,Partition L00 Corridor S wall 4,L00,L00-Z4,interiors,mep_roughin,22.8,m2,62,63,,,T000186;T000230;T000235;T000277;T000278;T000793;T000794
3Fn1c4u5jHxwZ1KjQin8MJ,T000284,FIR-STOP-INSTALL,Partition L00 Corridor S wall 4,L00,L00-Z4,interiors,mep_roughin,3.42,ea,68,69,,,T000227;T000230;T000235;T000239;T000246;T000248;T000276;T000278;T000283;T000307
3Fn1c4u5jHxwZ1KjQin8MJ,T000285,ARC-WALL-BOARD,Partition L00 Corridor S wall 4,L00,L00-Z4,interiors,interiors,22.8,m2,71,72,,,T000227;T000230;T000235;T000248;T000251;T000276;T000278;T000283;T000284
3HEuFljOht7UTB1Tq51V79,T000286,ARC-WALL-FRAME,Partition L00 Corridor S wall 7,L00,L00-Z4,interiors,mep_roughin,22.8,m2,62,63,,,T000186;T000230;T000235;T000277;T000278;T000762;T000763
3HEuFljOht7UTB1Tq51V79,T000287,FIR-STOP-INSTALL,Partition L00 Corridor S wall 7,L00,L00-Z4,interiors,mep_roughin,3.42,ea,68,69,,,T000205;T000207;T000230;T000235;T000254;T000278;T000286
3HEuFljOht7UTB1Tq51V79,T000288,ARC-WALL-BOARD,Partition L00 Corridor S wall 7,L00,L00-Z4,interiors,interiors,22.8,m2,71,72,,,T000230;T000235;T000278;T000286;T000287
3JCkqprgcAVKz8e7tptJry,T000289,MEP-TRAY-INSTALL,Cable tray L00 7,L00,L00-Z4,electrical,mep_roughin,6.0,m,65,66,,,T000193;T000208;T000762;T000763
3ONDdsWYPpjCmyPVf5hjyU,T000290,ELE-LIGHT-INSTALL,Light fixture L00 6-2,L00,L00-Z4,electrical,mep_finish,1.0,ea,76,77,,,T000196;T000207;T000246;T000255;T000262;T000289
3T6g2SbWnj8Ka9Udp7EyX3,T000291,ARC-DOOR-INSTALL,Door L00 Corridor N wall 5,L00,L00-Z4,interiors,interiors,1.0,ea,72,73,,,T000273;T000275
3WAy26iS853VP2JUGyERxW,T000292,CIV-EARTH-CUT,Pad footing F-6-2,L00,L00-Z4,concrete,substructure,7.44,m3,2,3,,,T000219;T000230;T000235;T000243;T000278;T000297
3WAy26iS853VP2JUGyERxW,T000293,STR-FOOT-REBAR,Pad footing F-6-2,L00,L00-Z4,concrete,substructure,0.248,t,3,4,,,T000292
3WAy26iS853VP2JUGyERxW,T000294,STR-FOOT-POUR,Pad footing F-6-2,L00,L00-Z4,concrete,substructure,2.48,m3,5,6,,,T000293
3Xc4TWoX0T5SvUo0t69Zr2,T000295,MEP-FITTING-INSTALL,Fire damper L00 2,L00,L00-Z4,mechanical,mep_roughin,1.0,ea,68,69,,,T000222;T000247;T000298
,T000296,GEN-PERMIT-WORK,Permit to work · L00 zone 4,L00,L00-Z4,commissioning,mobilise,1.0,ea,0,1,,,
,T000297,GEN-UTIL-LOCATE,Locate and mark buried utilities · L00 zone 4,L00,L00-Z4,concrete,mobilise,1.0,ea,1,2,,,T000296
,T000298,GEN-PERMIT-HOT,Hot work permit and fire watch · L00 zone 4,L00,L00-Z4,commissioning,mobilise,1.0,ea,2,3,,,T000297
,T000299,GEN-HYDROTEST,System hydrotest or pressure test · L00 zone 4,L00,L00-Z4,plumbing,mep_roughin,1.0,ea,69,70,,,T000295
3fW3BT2Y5MyuZNt_Byiqgf,T000300,CIV-EARTH-CUT,Pad footing F-7-3,L00,L00-Z4,concrete,substructure,8.4,m3,2,3,,,T000219;T000230;T000235;T000243;T000278;T000297
3fW3BT2Y5MyuZNt_Byiqgf,T000301,STR-FOOT-REBAR,Pad footing F-7-3,L00,L00-Z4,concrete,substructure,0.28,t,3,4,,,T000300
3fW3BT2Y5MyuZNt_Byiqgf,T000302,STR-FOOT-POUR,Pad footing F-7-3,L00,L00-Z4,concrete,substructure,2.8,m3,5,6,,,T000301
3gxr7Qrn2mz0jcnrS_SYt_,T000303,CIV-EARTH-CUT,Pad footing F-4-2,L00,L00-Z4,concrete,substructure,6.78,m3,2,3,,,T000219;T000230;T000235;T000243;T000278;T000297
3gxr7Qrn2mz0jcnrS_SYt_,T000304,STR-FOOT-REBAR,Pad footing F-4-2,L00,L00-Z4,concrete,substructure,0.226,t,3,4,,,T000303
3gxr7Qrn2mz0jcnrS_SYt_,T000305,STR-FOOT-POUR,Pad footing F-4-2,L00,L00-Z4,concrete,substructure,2.26,m3,6,7,,,T000304
3hUy4fdvRqC1G3u8NxZn6W,T000306,MEP-DUCT-INSTALL,Return duct L00 7,L00,L00-Z4,mechanical,mep_roughin,6.0,m,67,68,,,T000193;T000208;T000762;T000763
3ibI$qktBWHgjxvL5hIhKH,T000307,MEP-DUCT-INSTALL,Supply duct L00 5,L00,L00-Z4,mechanical,mep_roughin,6.0,m,67,68,,,T000263;T000283;T000793;T000794
3meMwhjXzOVZcScaQ_eziZ,T000308,STR-COL-POUR,Column C-5-3 L00,L00,L00-Z4,concrete,superstructure,0.95,m3,14,15,,,T000189;T000281
3uQlI9mLpQRejpZVbTmy3V,T000309,PLB-PIPE-INSTALL,Cold water pipe L00 4,L00,L00-Z4,plumbing,mep_roughin,12.0,m,66,67,,,T000193;T000208;T000762;T000763
3xiGNGt7FJcLKfSiaAWPZG,T000310,STR-COL-POUR,Column C-5-2 L00,L00,L00-Z4,concrete,superstructure,0.95,m3,14,15,,,T000272;T000281
04W1qFZvQBhUFBWU5yZL0_,T000311,ELE-LIGHT-INSTALL,Light fixture L00 0-4,L00,L00-Z5,electrical,mep_finish,1.0,ea,77,78,,,T000339
0MrM4o$Nb41cDgaw$HxYOE,T000312,STR-COL-POUR,Column C-0-4 L00,L00,L00-Z5,concrete,superstructure,0.95,m3,12,13,,,T000314;T000332;T000366
0ROFzVQoUfamxjdXk$xCye,T000313,STR-COL-POUR,Column C-2-5 L00,L00,L00-Z5,concrete,superstructure,0.95,m3,12,13,,,T000323;T000366;T000371
0c5E2hDLVMKgsxTpNNto3P,T000314,STR-GSLAB-POUR,Slab L00 S-0-4,L00,L00-Z5,concrete,substructure,36.0,m3,7,10,,,T000319;T000328;T000332;T000363
0h3wgODD18OGWjrzuNVH57,T000315,ARC-EXTWALL-BUILD,External wall L00 W-4,L00,L00-Z5,envelope,envelope,22.8,m2,39,41,,,T000829
0mBpWMUpB2QKnpaJFc_tdG,T000316,ARC-WINDOW-INSTALL,Window L00 N-3,L00,L00-Z5,envelope,envelope,1.0,ea,39,40,,,T000370
0wlXmlDTy3fS8xcqEH54c$,T000317,CIV-EARTH-CUT,Pad footing F-1-5,L00,L00-Z5,concrete,substructure,7.38,m3,0,1,,,
0wlXmlDTy3fS8xcqEH54c$,T000318,STR-FOOT-REBAR,Pad footing F-1-5,L00,L00-Z5,concrete,substructure,0.246,t,1,2,,,T000317
0wlXmlDTy3fS8xcqEH54c$,T000319,STR-FOOT-POUR,Pad footing F-1-5,L00,L00-Z5,concrete,substructure,2.46,m3,2,3,,,T000318
1BetIXEe5G$ZktaXXetLe_,T000320,ARC-EXTWALL-BUILD,External wall L00 N-2,L00,L00-Z5,envelope,envelope,22.8,m2,37,39,,,T000813
1HnwlrJrC_qZ4lRuuUkClj,T000321,CIV-EARTH-CUT,Pad footing F-2-5,L00,L00-Z5,concrete,substructure,6.96,m3,0,1,,,
1HnwlrJrC_qZ4lRuuUkClj,T000322,STR-FOOT-REBAR,Pad footing F-2-5,L00,L00-Z5,concrete,substructure,0.232,t,1,2,,,T000321
1HnwlrJrC_qZ4lRuuUkClj,T000323,STR-FOOT-POUR,Pad footing F-2-5,L00,L00-Z5,concrete,substructure,2.32,m3,2,3,,,T000322
1HzJwlryRVAvk9E7PJLfuE,T000324,STR-COL-POUR,Column C-3-4 L00,L00,L00-Z5,concrete,superstructure,0.95,m3,12,13,,,T000366;T000371;T000374
1PQPGbw7vSH4FQkctJ8Kym,T000325,ELE-LIGHT-INSTALL,Light fixture L00 2-4,L00,L00-Z5,electrical,mep_finish,1.0,ea,77,78,,,T000339
1YGau_F3UKd1qBSExFJ$bY,T000326,CIV-EARTH-CUT,Pad footing F-1-4,L00,L00-Z5,concrete,substructure,8.88,m3,0,1,,,
1YGau_F3UKd1qBSExFJ$bY,T000327,STR-FOOT-REBAR,Pad footing F-1-4,L00,L00-Z5,concrete,substructure,0.296,t,1,2,,,T000326
1YGau_F3UKd1qBSExFJ$bY,T000328,STR-FOOT-POUR,Pad footing F-1-4,L00,L00-Z5,concrete,substructure,2.96,m3,2,3,,,T000327
1dtjdIIydhbl1I7U6siPPP,T000329,ARC-WINDOW-INSTALL,Window L00 W-4,L00,L00-Z5,envelope,envelope,1.0,ea,42,43,,,T000315
1gq$ap4wBeWfEp0xq6Ok$u,T000330,CIV-EARTH-CUT,Pad footing F-0-4,L00,L00-Z5,concrete,substructure,8.61,m3,0,1,,,
1gq$ap4wBeWfEp0xq6Ok$u,T000331,STR-FOOT-REBAR,Pad footing F-0-4,L00,L00-Z5,concrete,substructure,0.287,t,1,2,,,T000330
1gq$ap4wBeWfEp0xq6Ok$u,T000332,STR-FOOT-POUR,Pad footing F-0-4,L00,L00-Z5,concrete,substructure,2.87,m3,2,3,,,T000331
1leq5SI2XrbJPgTmV$hW__,T000333,STR-COL-POUR,Column C-3-5 L00,L00,L00-Z5,concrete,superstructure,0.95,m3,12,13,,,T000350;T000366;T000371
1nVWQgAvlBO6Ym59ORzQgc,T000334,STR-COL-POUR,Column C-1-5 L00,L00,L00-Z5,concrete,superstructure,0.95,m3,12,13,,,T000314;T000319;T000366
1qI3bXUvVlwA1yHfoRnsW9,T000335,ARC-WINDOW-INSTALL,Window L00 N-1,L00,L00-Z5,envelope,envelope,1.0,ea,42,43,,,T000346
1qgCBTZ0sijvL3C2ZOMKT5,T000336,MEP-DIFFUSER-SET,Air terminal L00 2-4,L00,L00-Z5,mechanical,mep_finish,1.0,ea,77,78,,,T000205;T000222;T000239;T000247;T000254;T000266;T000306;T000307;T000339
1qgCBTZ0sijvL3C2ZOMKT5,T000337,CX-AIR-BALANCE,Air terminal L00 2-4,L00,L00-Z5,commissioning,commissioning,1.0,ea,90,91,,,T000122;T000205;T000222;T000239;T000247;T000254;T000266;T000306;T000307;T000336
1s$6imerqJcmNyUScIx7qr,T000338,STR-COL-POUR,Column C-0-5 L00,L00,L00-Z5,concrete,superstructure,0.95,m3,13,14,,,T000314;T000363;T000366
1tluIu5OQe51JhWMixP7om,T000339,ARC-CEILING-CLOSE,Ceiling L00 0-4,L00,L00-Z5,interiors,interiors,259.2,m2,73,77,,,T000352;T000353;T000355;T000356
1u6OJ6TN4yXKxtE$5uj_w$,T000340,ARC-WINDOW-INSTALL,Window L00 N-2,L00,L00-Z5,envelope,envelope,1.0,ea,39,40,,,T000320
1uH0pPdeAEKVGqevzHXMfa,T000341,ARC-WINDOW-INSTALL,Window L00 N-0,L00,L00-Z5,envelope,envelope,1.0,ea,42,43,,,T000342
1ueq4ZA_yqgsCKX8jrfw36,T000342,ARC-EXTWALL-BUILD,External wall L00 N-0,L00,L00-Z5,envelope,envelope,22.8,m2,39,41,,,T000829
2$Tt29DHTq5Qxq9DuHSRRl,T000343,MEP-DIFFUSER-SET,Air terminal L00 0-4,L00,L00-Z5,mechanical,mep_finish,1.0,ea,77,78,,,T000205;T000222;T000239;T000247;T000254;T000266;T000306;T000307;T000339
2$Tt29DHTq5Qxq9DuHSRRl,T000344,CX-AIR-BALANCE,Air terminal L00 0-4,L00,L00-Z5,commissioning,commissioning,1.0,ea,90,91,,,T000122;T000205;T000222;T000239;T000247;T000254;T000266;T000306;T000307;T000343
2KwWN1hbOMpsfBpCNHzfV0,T000345,STR-COL-POUR,Column C-1-4 L00,L00,L00-Z5,concrete,superstructure,0.95,m3,13,14,,,T000314;T000328;T000366
2LF1tw$FSQOYa$mGtQRaOr,T000346,ARC-EXTWALL-BUILD,External wall L00 N-1,L00,L00-Z5,envelope,envelope,22.8,m2,39,41,,,T000829
2MSXMhVMP2MXC2HmEhQdwU,T000347,ARC-EXTWALL-BUILD,External wall L00 W-5,L00,L00-Z5,envelope,envelope,22.8,m2,39,41,,,T000829
2OFwBR26gVGQ8QRTgI0ZIG,T000348,CIV-EARTH-CUT,Pad footing F-3-5,L00,L00-Z5,concrete,substructure,6.78,m3,0,1,,,
2OFwBR26gVGQ8QRTgI0ZIG,T000349,STR-FOOT-REBAR,Pad footing F-3-5,L00,L00-Z5,concrete,substructure,0.226,t,1,2,,,T000348
2OFwBR26gVGQ8QRTgI0ZIG,T000350,STR-FOOT-POUR,Pad footing F-3-5,L00,L00-Z5,concrete,substructure,2.26,m3,2,3,,,T000349
2X$GTMI6TE4Nue5T7XW2j5,T000351,ARC-WALL-FRAME,Partition L00 Room wall 2-5,L00,L00-Z5,interiors,mep_roughin,22.8,m2,70,71,,,T000315;T000320;T000342;T000346;T000347;T000370;T000813;T000814
2X$GTMI6TE4Nue5T7XW2j5,T000352,FIR-STOP-INSTALL,Partition L00 Room wall 2-5,L00,L00-Z5,interiors,mep_roughin,3.42,ea,71,72,,,T000351
2X$GTMI6TE4Nue5T7XW2j5,T000353,ARC-WALL-BOARD,Partition L00 Room wall 2-5,L00,L00-Z5,interiors,interiors,22.8,m2,72,73,,,T000351;T000352
2XMux2u1x4jzRq7AZe8uNX,T000354,ARC-WALL-FRAME,Partition L00 Room wall 2-4,L00,L00-Z5,interiors,mep_roughin,22.8,m2,70,71,,,T000315;T000320;T000342;T000346;T000347;T000370;T000813;T000814
2XMux2u1x4jzRq7AZe8uNX,T000355,FIR-STOP-INSTALL,Partition L00 Room wall 2-4,L00,L00-Z5,interiors,mep_roughin,3.42,ea,71,72,,,T000354
2XMux2u1x4jzRq7AZe8uNX,T000356,ARC-WALL-BOARD,Partition L00 Room wall 2-4,L00,L00-Z5,interiors,interiors,22.8,m2,72,73,,,T000354;T000355
2aXDFoPB$PG4yzDET4nNA8,T000357,ARC-FLOOR-FINISH,Floor finish L00 0-4,L00,L00-Z5,finishes,interiors,259.2,m2,83,90,,,T000314;T000339;T000353;T000356;T000371
2aXDFoPB$PG4yzDET4nNA8,T000358,GEN-HANDOVER-DOC,Floor finish L00 0-4,L00,L00-Z5,commissioning,handover,1.0,ea,170,171,,,T000337;T000344;T000357
2lLt8FIGOOmlesV5ObJfV6,T000359,ARC-WINDOW-INSTALL,Window L00 W-5,L00,L00-Z5,envelope,envelope,1.0,ea,43,44,,,T000347
2nUvYgc1XkU7FxdKpdFblS,T000360,STR-COL-POUR,Column C-2-4 L00,L00,L00-Z5,concrete,superstructure,0.95,m3,13,14,,,T000366;T000371;T000377
2rMPGkYLWzbhEx9ISokBo1,T000361,CIV-EARTH-CUT,Pad footing F-0-5,L00,L00-Z5,concrete,substructure,9.33,m3,0,1,,,
2rMPGkYLWzbhEx9ISokBo1,T000362,STR-FOOT-REBAR,Pad footing F-0-5,L00,L00-Z5,concrete,substructure,0.311,t,1,2,,,T000361
2rMPGkYLWzbhEx9ISokBo1,T000363,STR-FOOT-POUR,Pad footing F-0-5,L00,L00-Z5,concrete,substructure,3.11,m3,2,3,,,T000362
3apdFtGRbNEItIM9ON2d85,T000364,MED-STERIL-INSTALL,Steriliser SS-1,L00,L00-Z5,medical,medical_equipment,1.0,ea,109,112,,,T000357;T000366;T000368
3apdFtGRbNEItIM9ON2d85,T000365,GEN-HANDOVER-DOC,Steriliser SS-1,L00,L00-Z5,commissioning,handover,1.0,ea,170,171,,,T000337;T000344;T000364
,T000366,GEN-LIFT-PLAN,Prepare and approve lift plan · Steriliser SS-1,L00,L00-Z5,mechanical,mobilise,1.0,ea,0,1,,,
,T000367,GEN-HYDROTEST,System hydrotest or pressure test · Steriliser SS-1,L00,L00-Z5,plumbing,mep_roughin,1.0,ea,44,45,,,T000366
,T000368,GEN-PRECOMM-CHECK,Pre-commissioning checks · Steriliser SS-1,L00,L00-Z5,commissioning,mep_finish,1.0,ea,78,79,,,T000311;T000325;T000336;T000343;T000367
,T000369,GEN-VENDOR-REP,Vendor representative attendance (time driven) · Steriliser SS-1,L00,L00-Z5,medical,medical_equipment,1.0,ea,129,136,,,T000357;T000364;T000367
3lDfJ3AwzwY0g5vfGR6af7,T000370,ARC-EXTWALL-BUILD,External wall L00 N-3,L00,L00-Z5,envelope,envelope,22.8,m2,37,39,,,T000813
3sn0RQZ8DNkfPwEX_enoEi,T000371,STR-GSLAB-POUR,Slab L00 S-2-4,L00,L00-Z5,concrete,substructure,36.0,m3,9,12,,,T000323;T000350;T000374;T000377
3wfOUnTq5eymnJ$4GgCuCw,T000372,CIV-EARTH-CUT,Pad footing F-3-4,L00,L00-Z5,concrete,substructure,8.25,m3,0,1,,,
3wfOUnTq5eymnJ$4GgCuCw,T000373,STR-FOOT-REBAR,Pad footing F-3-4,L00,L00-Z5,concrete,substructure,0.275,t,1,2,,,T000372
3wfOUnTq5eymnJ$4GgCuCw,T000374,STR-FOOT-POUR,Pad footing F-3-4,L00,L00-Z5,concrete,substructure,2.75,m3,2,3,,,T000373
3yVwInOH8ZrhY0ac_Jvzig,T000375,CIV-EARTH-CUT,Pad footing F-2-4,L00,L00-Z5,concrete,substructure,7.86,m3,0,1,,,
3yVwInOH8ZrhY0ac_Jvzig,T000376,STR-FOOT-REBAR,Pad footing F-2-4,L00,L00-Z5,concrete,substructure,0.262,t,1,2,,,T000375
3yVwInOH8ZrhY0ac_Jvzig,T000377,STR-FOOT-POUR,Pad footing F-2-4,L00,L00-Z5,concrete,substructure,2.62,m3,2,3,,,T000376
02cxsmTVwiJZOE4r2UQ8C4,T000378,STR-COL-POUR,Column C-6-4 L00,L00,L00-Z6,concrete,superstructure,0.95,m3,13,14,,,T000412;T000441;T000460
02se8YryE$ivt2KaOyiuTS,T000379,ARC-EXTWALL-BUILD,External wall L00 N-5,L00,L00-Z6,envelope,envelope,22.8,m2,40,42,,,T000890
08y4aqNHrlmvmmAHiFMoGS,T000380,STR-COL-POUR,Column C-5-4 L00,L00,L00-Z6,concrete,superstructure,0.95,m3,13,14,,,T000431;T000441;T000451
0JMa5emy5tx3560XVmihBk,T000381,PLB-FIXTURE-SET,Sanitary fixture L00 2,L00,L00-Z6,plumbing,mep_finish,1.0,ea,84,85,,,T000418
0Ll4MrDAKR9JrDtTLYgvKR,T000382,MEP-DIFFUSER-SET,Air terminal L00 4-4,L00,L00-Z6,mechanical,mep_finish,1.0,ea,77,78,,,T000205;T000222;T000239;T000247;T000254;T000266;T000306;T000307;T000446
0Ll4MrDAKR9JrDtTLYgvKR,T000383,CX-AIR-BALANCE,Air terminal L00 4-4,L00,L00-Z6,commissioning,commissioning,1.0,ea,85,86,,,T000122;T000205;T000222;T000239;T000247;T000254;T000266;T000306;T000307;T000382
0OzCul73JjemEbbXKAIza_,T000384,PLB-FIXTURE-SET,Sanitary fixture L00 1,L00,L00-Z6,plumbing,mep_finish,1.0,ea,84,85,,,T000392;T000418
0XDt20oE1Lzwp_ckocBGH1,T000385,ARC-WINDOW-INSTALL,Window L00 N-4,L00,L00-Z6,envelope,envelope,1.0,ea,43,44,,,T000445
0cw37zpsD_u9AfI8GZfmbw,T000386,CIV-EARTH-CUT,Pad footing F-5-5,L00,L00-Z6,concrete,substructure,9.45,m3,3,4,,,T000409;T000414;T000448
0cw37zpsD_u9AfI8GZfmbw,T000387,STR-FOOT-REBAR,Pad footing F-5-5,L00,L00-Z6,concrete,substructure,0.315,t,4,5,,,T000386
0cw37zpsD_u9AfI8GZfmbw,T000388,STR-FOOT-POUR,Pad footing F-5-5,L00,L00-Z6,concrete,substructure,3.15,m3,6,7,,,T000387
0hOyxggcrgKDw5$S0STxRU,T000389,ARC-EXTWALL-BUILD,External wall L00 E-4,L00,L00-Z6,envelope,envelope,22.8,m2,40,42,,,T000903
0kzTvrTGVqHXaheFAqrI$P,T000390,ARC-WALL-FRAME,Partition L00 Room wall 4-4,L00,L00-Z6,interiors,mep_roughin,22.8,m2,70,71,,,T000379;T000389;T000409;T000414;T000435;T000437;T000445;T000448;T000463;T000890;T000891
0kzTvrTGVqHXaheFAqrI$P,T000391,FIR-STOP-INSTALL,Partition L00 Room wall 4-4,L00,L00-Z6,interiors,mep_roughin,3.42,ea,71,72,,,T000390;T000409;T000414;T000448
0kzTvrTGVqHXaheFAqrI$P,T000392,ARC-WALL-BOARD,Partition L00 Room wall 4-4,L00,L00-Z6,interiors,interiors,22.8,m2,72,73,,,T000390;T000391;T000409;T000414;T000448
0tClG7gFqjs6adjDRJzSDi,T000393,CIV-EARTH-CUT,Pad footing F-7-5,L00,L00-Z6,concrete,substructure,9.09,m3,3,4,,,T000409;T000414;T000448
0tClG7gFqjs6adjDRJzSDi,T000394,STR-FOOT-REBAR,Pad footing F-7-5,L00,L00-Z6,concrete,substructure,0.303,t,4,5,,,T000393
0tClG7gFqjs6adjDRJzSDi,T000395,STR-FOOT-POUR,Pad footing F-7-5,L00,L00-Z6,concrete,substructure,3.03,m3,6,7,,,T000394
10_3lQasuGwbEFut$XBHZE,T000396,ARC-WALL-FRAME,Partition L00 Room wall 6-4,L00,L00-Z6,interiors,mep_roughin,22.8,m2,70,71,,,T000379;T000389;T000409;T000414;T000435;T000437;T000445;T000448;T000463;T000903;T000904
10_3lQasuGwbEFut$XBHZE,T000397,FIR-STOP-INSTALL,Partition L00 Room wall 6-4,L00,L00-Z6,interiors,mep_roughin,3.42,ea,71,72,,,T000396;T000409;T000414;T000448
10_3lQasuGwbEFut$XBHZE,T000398,ARC-WALL-BOARD,Partition L00 Room wall 6-4,L00,L00-Z6,interiors,interiors,22.8,m2,72,73,,,T000396;T000397;T000409;T000414;T000448
16NTGU69UAhBXXgHM5s_QH,T000399,MEP-DIFFUSER-SET,Air terminal L00 6-4,L00,L00-Z6,mechanical,mep_finish,1.0,ea,77,78,,,T000205;T000222;T000239;T000247;T000254;T000266;T000306;T000307;T000446
16NTGU69UAhBXXgHM5s_QH,T000400,CX-AIR-BALANCE,Air terminal L00 6-4,L00,L00-Z6,commissioning,commissioning,1.0,ea,85,86,,,T000122;T000205;T000222;T000239;T000247;T000254;T000266;T000306;T000307;T000399
1BIu9sAfwLZh341333AfLA,T000401,ELE-LIGHT-INSTALL,Light fixture L00 6-4,L00,L00-Z6,electrical,mep_finish,1.0,ea,77,78,,,T000446
1BdhK23XUcsE7lXjF6Fvc0,T000402,ARC-WINDOW-INSTALL,Window L00 N-7,L00,L00-Z6,envelope,envelope,1.0,ea,43,44,,,T000463
1E3G1jUf2MX6GrE8yvkDvS,T000403,CIV-EARTH-CUT,Pad footing F-4-5,L00,L00-Z6,concrete,substructure,8.22,m3,3,4,,,T000409;T000414;T000448
1E3G1jUf2MX6GrE8yvkDvS,T000404,STR-FOOT-REBAR,Pad footing F-4-5,L00,L00-Z6,concrete,substructure,0.274,t,4,5,,,T000403
1E3G1jUf2MX6GrE8yvkDvS,T000405,STR-FOOT-POUR,Pad footing F-4-5,L00,L00-Z6,concrete,substructure,2.74,m3,6,7,,,T000404
1PvUoRdsmKlWAHAbujT5xh,T000406,ARC-WINDOW-INSTALL,Window L00 E-5,L00,L00-Z6,envelope,envelope,1.0,ea,43,44,,,T000435
1RyY59Z4Me2QIo9cKUngnH,T000407,STR-COL-POUR,Column C-7-5 L00,L00,L00-Z6,concrete,superstructure,0.95,m3,13,14,,,T000395;T000412;T000441
1_Bv7wGrw7xd2oW0R95si8,T000408,STR-COL-POUR,Column C-4-4 L00,L00,L00-Z6,concrete,superstructure,0.95,m3,13,14,,,T000422;T000441;T000451
1_aHNev6j1_HOn$q_ru_LA,T000409,GEN-ICRA-SETUP,Slab L00 S-6-4,L00,L00-Z6,icra,mobilise,1.0,ea,1,2,,,
1_aHNev6j1_HOn$q_ru_LA,T000410,GEN-HEPA-CLEAN,Slab L00 S-6-4,L00,L00-Z6,icra,icra_closeout,144.0,m2,159,160,,,T000383;T000400;T000409;T000414;T000418;T000446;T000448
1_aHNev6j1_HOn$q_ru_LA,T000411,GEN-ICRA-CLOSEOUT,Slab L00 S-6-4,L00,L00-Z6,icra,icra_closeout,1.0,ea,164,165,,,T000409;T000410;T000414;T000416;T000448;T000449
1_aHNev6j1_HOn$q_ru_LA,T000412,STR-GSLAB-POUR,Slab L00 S-6-4,L00,L00-Z6,concrete,substructure,36.0,m3,9,12,,,T000395;T000428;T000456;T000460
,T000413,GEN-PERMIT-WORK,Permit to work · L00 zone 6,L00,L00-Z6,commissioning,mobilise,1.0,ea,0,1,,,
,T000414,GEN-ICRA-SETUP,Erect ICRA barrier and negative air · L00 zone 6,L00,L00-Z6,icra,mobilise,1.0,ea,1,2,,,T000413
,T000415,GEN-PRECOMM-CHECK,Pre-commissioning checks · L00 zone 6,L00,L00-Z6,commissioning,mep_finish,1.0,ea,78,79,,,T000382;T000399;T000401;T000414;T000464
,T000416,GEN-HEPA-CLEAN,HEPA terminal clean · L00 zone 6,L00,L00-Z6,icra,icra_closeout,1.0,ea,159,160,,,T000383;T000400;T000409;T000414;T000415;T000418;T000446;T000448
,T000417,GEN-ICRA-CLOSEOUT,ICRA clearance and barrier removal · L00 zone 6,L00,L00-Z6,icra,icra_closeout,1.0,ea,164,165,,,T000409;T000410;T000414;T000416;T000448;T000449
1b8SNOgu3u8VaKIe7E8q2L,T000418,ARC-FLOOR-FINISH,Floor finish L00 4-4,L00,L00-Z6,finishes,interiors,259.2,m2,77,84,,,T000392;T000398;T000412;T000425;T000434;T000446;T000451
1b8SNOgu3u8VaKIe7E8q2L,T000419,GEN-HANDOVER-DOC,Floor finish L00 4-4,L00,L00-Z6,commissioning,handover,1.0,ea,170,171,,,T000383;T000400;T000411;T000417;T000418;T000450
1qJ9yXhoAgme_48UaTBtCC,T000420,CIV-EARTH-CUT,Pad footing F-4-4,L00,L00-Z6,concrete,substructure,6.66,m3,3,4,,,T000409;T000414;T000448
1qJ9yXhoAgme_48UaTBtCC,T000421,STR-FOOT-REBAR,Pad footing F-4-4,L00,L00-Z6,concrete,substructure,0.222,t,4,5,,,T000420
1qJ9yXhoAgme_48UaTBtCC,T000422,STR-FOOT-POUR,Pad footing F-4-4,L00,L00-Z6,concrete,substructure,2.22,m3,6,7,,,T000421
1w1LFrXyCG4t3L9GnsjGpU,T000423,ARC-WALL-FRAME,Partition L00 Room wall 4-5,L00,L00-Z6,interiors,mep_roughin,22.8,m2,70,71,,,T000379;T000389;T000409;T000414;T000435;T000437;T000445;T000448;T000463;T000890;T000891
1w1LFrXyCG4t3L9GnsjGpU,T000424,FIR-STOP-INSTALL,Partition L00 Room wall 4-5,L00,L00-Z6,interiors,mep_roughin,3.42,ea,71,72,,,T000409;T000414;T000423;T000448
1w1LFrXyCG4t3L9GnsjGpU,T000425,ARC-WALL-BOARD,Partition L00 Room wall 4-5,L00,L00-Z6,interiors,interiors,22.8,m2,72,73,,,T000409;T000414;T000423;T000424;T000448
22oZ16$aTjSOWHC5du4kGB,T000426,CIV-EARTH-CUT,Pad footing F-7-4,L00,L00-Z6,concrete,substructure,9.57,m3,3,4,,,T000409;T000414;T000448
22oZ16$aTjSOWHC5du4kGB,T000427,STR-FOOT-REBAR,Pad footing F-7-4,L00,L00-Z6,concrete,substructure,0.319,t,4,5,,,T000426
22oZ16$aTjSOWHC5du4kGB,T000428,STR-FOOT-POUR,Pad footing F-7-4,L00,L00-Z6,concrete,substructure,3.19,m3,6,7,,,T000427
235f7bjltIVqNLMAmU$ITx,T000429,CIV-EARTH-CUT,Pad footing F-5-4,L00,L00-Z6,concrete,substructure,7.92,m3,3,4,,,T000409;T000414;T000448
235f7bjltIVqNLMAmU$ITx,T000430,STR-FOOT-REBAR,Pad footing F-5-4,L00,L00-Z6,concrete,substructure,0.264,t,4,5,,,T000429
235f7bjltIVqNLMAmU$ITx,T000431,STR-FOOT-POUR,Pad footing F-5-4,L00,L00-Z6,concrete,substructure,2.64,m3,6,7,,,T000430
2AS9fKgZw9e4tCeO41VHmS,T000432,ARC-WALL-FRAME,Partition L00 Room wall 6-5,L00,L00-Z6,interiors,mep_roughin,22.8,m2,70,71,,,T000379;T000389;T000409;T000414;T000435;T000437;T000445;T000448;T000463;T000903;T000904
2AS9fKgZw9e4tCeO41VHmS,T000433,FIR-STOP-INSTALL,Partition L00 Room wall 6-5,L00,L00-Z6,interiors,mep_roughin,3.42,ea,71,72,,,T000409;T000414;T000432;T000448
2AS9fKgZw9e4tCeO41VHmS,T000434,ARC-WALL-BOARD,Partition L00 Room wall 6-5,L00,L00-Z6,interiors,interiors,22.8,m2,72,73,,,T000409;T000414;T000432;T000433;T000448
2G_QAy8Lnl$xMflz$yYp4Q,T000435,ARC-EXTWALL-BUILD,External wall L00 E-5,L00,L00-Z6,envelope,envelope,22.8,m2,41,43,,,T000903
2HFPur0VyhaLAYlrkVJrTH,T000436,ARC-WINDOW-INSTALL,Window L00 N-6,L00,L00-Z6,envelope,envelope,1.0,ea,43,44,,,T000437
2JD6uwEDD5DLFQkKbu$CJk,T000437,ARC-EXTWALL-BUILD,External wall L00 N-6,L00,L00-Z6,envelope,envelope,22.8,m2,41,43,,,T000903
2JpmFUqJYTfl6kdLm55y6q,T000438,PLB-FIXTURE-SET,Sanitary fixture L00 3,L00,L00-Z6,plumbing,mep_finish,1.0,ea,84,85,,,T000418;T000434
2KWREa_EByvJqZCKPE27St,T000439,MED-STERIL-INSTALL,Steriliser SS-2,L00,L00-Z6,medical,medical_equipment,1.0,ea,112,115,,,T000381;T000384;T000418;T000438;T000441;T000443
2KWREa_EByvJqZCKPE27St,T000440,GEN-HANDOVER-DOC,Steriliser SS-2,L00,L00-Z6,commissioning,handover,1.0,ea,170,171,,,T000383;T000400;T000411;T000417;T000439;T000450
,T000441,GEN-LIFT-PLAN,Prepare and approve lift plan · Steriliser SS-2,L00,L00-Z6,mechanical,mobilise,1.0,ea,0,1,,,
,T000442,GEN-HYDROTEST,System hydrotest or pressure test · Steriliser SS-2,L00,L00-Z6,plumbing,mep_roughin,1.0,ea,44,45,,,T000441
,T000443,GEN-PRECOMM-CHECK,Pre-commissioning checks · Steriliser SS-2,L00,L00-Z6,commissioning,mep_finish,1.0,ea,78,79,,,T000382;T000399;T000401;T000442;T000464
,T000444,GEN-VENDOR-REP,Vendor representative attendance (time driven) · Steriliser SS-2,L00,L00-Z6,medical,medical_equipment,1.0,ea,136,143,,,T000418;T000439;T000442
2jWA2ExMNo5ArcewvXhNRN,T000445,ARC-EXTWALL-BUILD,External wall L00 N-4,L00,L00-Z6,envelope,envelope,22.8,m2,41,43,,,T000890
2l4IDT0m07nFS492ynanvU,T000446,ARC-CEILING-CLOSE,Ceiling L00 4-4,L00,L00-Z6,interiors,interiors,259.2,m2,73,77,,,T000391;T000392;T000397;T000398;T000409;T000414;T000424;T000425;T000433;T000434;T000448
2pwVScA4Bpmmy71LA$tgC5,T000447,STR-COL-POUR,Column C-6-5 L00,L00,L00-Z6,concrete,superstructure,0.95,m3,13,14,,,T000412;T000441;T000456
2wMcAHeFUdENlInrHnsN_M,T000448,GEN-ICRA-SETUP,Slab L00 S-4-4,L00,L00-Z6,icra,mobilise,1.0,ea,2,3,,,
2wMcAHeFUdENlInrHnsN_M,T000449,GEN-HEPA-CLEAN,Slab L00 S-4-4,L00,L00-Z6,icra,icra_closeout,144.0,m2,160,161,,,T000383;T000400;T000409;T000414;T000418;T000446;T000448
2wMcAHeFUdENlInrHnsN_M,T000450,GEN-ICRA-CLOSEOUT,Slab L00 S-4-4,L00,L00-Z6,icra,icra_closeout,1.0,ea,164,165,,,T000409;T000410;T000414;T000416;T000448;T000449
2wMcAHeFUdENlInrHnsN_M,T000451,STR-GSLAB-POUR,Slab L00 S-4-4,L00,L00-Z6,concrete,substructure,36.0,m3,9,12,,,T000388;T000405;T000422;T000431
2xGbnrkyKQaBzGMPK_Cr$c,T000452,ARC-WINDOW-INSTALL,Window L00 N-5,L00,L00-Z6,envelope,envelope,1.0,ea,43,44,,,T000379
36V5puTR7HbTefUcISqcZ7,T000453,STR-COL-POUR,Column C-7-4 L00,L00,L00-Z6,concrete,superstructure,0.95,m3,13,14,,,T000412;T000428;T000441
3CERtvTqhwprCeseWlJy8B,T000454,CIV-EARTH-CUT,Pad footing F-6-5,L00,L00-Z6,concrete,substructure,8.13,m3,3,4,,,T000409;T000414;T000448
3CERtvTqhwprCeseWlJy8B,T000455,STR-FOOT-REBAR,Pad footing F-6-5,L00,L00-Z6,concrete,substructure,0.271,t,4,5,,,T000454
3CERtvTqhwprCeseWlJy8B,T000456,STR-FOOT-POUR,Pad footing F-6-5,L00,L00-Z6,concrete,substructure,2.71,m3,6,7,,,T000455
3LjLH_N74960qHT8J1Rwl7,T000457,STR-COL-POUR,Column C-4-5 L00,L00,L00-Z6,concrete,superstructure,0.95,m3,13,14,,,T000405;T000441;T000451
3W1xaK9uicsWwcPnzDUmjb,T000458,CIV-EARTH-CUT,Pad footing F-6-4,L00,L00-Z6,concrete,substructure,8.52,m3,3,4,,,T000409;T000414;T000448
3W1xaK9uicsWwcPnzDUmjb,T000459,STR-FOOT-REBAR,Pad footing F-6-4,L00,L00-Z6,concrete,substructure,0.284,t,4,5,,,T000458
3W1xaK9uicsWwcPnzDUmjb,T000460,STR-FOOT-POUR,Pad footing F-6-4,L00,L00-Z6,concrete,substructure,2.84,m3,6,7,,,T000459
3_20q12Za2tMDCJUOWjYoA,T000461,STR-COL-POUR,Column C-5-5 L00,L00,L00-Z6,concrete,superstructure,0.95,m3,13,14,,,T000388;T000441;T000451
3gmQpN0k19j3EIbuOk53PP,T000462,ARC-WINDOW-INSTALL,Window L00 E-4,L00,L00-Z6,envelope,envelope,1.0,ea,43,44,,,T000389
3pcei1ZIpvQuipPcA4gnGa,T000463,ARC-EXTWALL-BUILD,External wall L00 N-7,L00,L00-Z6,envelope,envelope,22.8,m2,41,43,,,T000903
3sMuZeXR2PpbmxBEG6TEzo,T000464,ELE-LIGHT-INSTALL,Light fixture L00 4-4,L00,L00-Z6,electrical,mep_finish,1.0,ea,77,78,,,T000446
0DfqvLWQ5x39xmhpOo41WE,T000465,ARC-CURTAIN-INSTALL,Curtain wall L01 S-2,L01,L01-Z1,envelope,envelope,22.8,m2,63,64,,,T000496;T000929
0Hq7ZGGVIfVo_IYrmv9BpZ,T000466,STR-COL-POUR,Column C-2-0 L01,L01,L01-Z1,concrete,superstructure,0.95,m3,9,10,,,T000033
0Sb4ZSaLw$EEYk5uRsDVc4,T000467,STR-COL-POUR,Column C-0-0 L01,L01,L01-Z1,concrete,superstructure,0.95,m3,9,10,,,T000018
0_Ks51CkvDI3Dh7xAP5qvD,T000468,ELE-LIGHT-INSTALL,Light fixture L01 2-0,L01,L01-Z1,electrical,mep_finish,1.0,ea,110,111,,,T000503;T000505;T000678
0hOElGem0d7OnsekGSDo1w,T000469,ARC-EXTWALL-BUILD,External wall L01 W-1,L01,L01-Z1,envelope,envelope,22.8,m2,63,65,,,T000488;T000966
0w7l1LfqoKEGrz8nQGQdty,T000470,ARC-CURTAIN-INSTALL,Curtain wall L01 S-1,L01,L01-Z1,envelope,envelope,22.8,m2,64,65,,,T000488;T000966
10jKrL77votKwtVTMQnQRz,T000471,MED-EQUIP-INSTALL,Theatre light 2,L01,L01-Z1,medical,medical_equipment,1.0,ea,158,159,,,T000507
10jKrL77votKwtVTMQnQRz,T000472,GEN-HANDOVER-DOC,Theatre light 2,L01,L01-Z1,commissioning,handover,1.0,ea,170,171,,,T000471;T000492;T000511
16x9b8WCP_gjGUCa8Oe_vg,T000473,STR-BEAM-POUR,Edge beam L01 1-0x,L01,L01-Z1,concrete,superstructure,1.44,m3,11,12,,,T000509
1AZHPX9923pR4XyJkoSbHx,T000474,STR-BEAM-POUR,Edge beam L01 3-0x,L01,L01-Z1,concrete,superstructure,1.44,m3,11,12,,,T000490
1PB2r31hO8SCLL5rDffOQo,T000475,ARC-CURTAIN-INSTALL,Curtain wall L01 S-3,L01,L01-Z1,envelope,envelope,22.8,m2,67,68,,,T000496;T000929
1cl1IF50oAdQiRqIKNSWOE,T000476,STR-BEAM-POUR,Edge beam L01 0-0x,L01,L01-Z1,concrete,superstructure,1.44,m3,11,12,,,T000467
1iNx8zf2pz$nC5slL0CYV9,T000477,MED-EQUIP-INSTALL,Anaesthesia pendant 2,L01,L01-Z1,medical,medical_equipment,1.0,ea,158,159,,,T000479;T000507
1iNx8zf2pz$nC5slL0CYV9,T000478,GEN-HANDOVER-DOC,Anaesthesia pendant 2,L01,L01-Z1,commissioning,handover,1.0,ea,170,171,,,T000477;T000492;T000511
24V7F2kp$vlsd8luilasMV,T000479,ELE-LIGHT-INSTALL,Light fixture L01 0-0,L01,L01-Z1,electrical,mep_finish,1.0,ea,110,111,,,T000503;T000505;T000678
28X9$wk7$LlKWDET051V5y,T000480,STR-COL-POUR,Column C-3-1 L01,L01,L01-Z1,concrete,superstructure,0.95,m3,11,12,,,T000009
2IbS$wIaI4edFZzR$bm7gJ,T000481,ARC-WINDOW-INSTALL,Window L01 W-1,L01,L01-Z1,envelope,envelope,1.0,ea,67,68,,,T000469
2JkesL0eVStZkHgzxvjd_D,T000482,STR-BEAM-POUR,Edge beam L01 2-0x,L01,L01-Z1,concrete,superstructure,1.44,m3,11,12,,,T000466
2PHGg6BdIiwoLw0IPMcdAN,T000483,ARC-WALL-FRAME,Partition L01 Room wall 2-1,L01,L01-Z1,interiors,mep_roughin,22.8,m2,86,87,,,T000469;T000496;T000515;T000929;T000930
2PHGg6BdIiwoLw0IPMcdAN,T000484,FIR-STOP-INSTALL,Partition L01 Room wall 2-1,L01,L01-Z1,interiors,mep_roughin,3.42,ea,89,90,,,T000483
2PHGg6BdIiwoLw0IPMcdAN,T000485,ARC-WALL-BOARD,Partition L01 Room wall 2-1,L01,L01-Z1,interiors,interiors,22.8,m2,92,93,,,T000483;T000484
2UgZ6SmpUAwuvB$veF$2Dp,T000486,STR-SLAB-FORM,Slab L01 S-0-0,L01,L01-Z1,concrete,superstructure,144.0,m2,13,18,,,T000039;T000060;T000078;T000091
2UgZ6SmpUAwuvB$veF$2Dp,T000487,STR-SLAB-REBAR,Slab L01 S-0-0,L01,L01-Z1,concrete,superstructure,3.96,t,18,20,,,T000486
2UgZ6SmpUAwuvB$veF$2Dp,T000488,STR-SLAB-POUR,Slab L01 S-0-0,L01,L01-Z1,concrete,superstructure,36.0,m3,25,28,,,T000039;T000060;T000078;T000091;T000487
2UgZ6SmpUAwuvB$veF$2Dp,T000489,STR-SLAB-STRIKE,Slab L01 S-0-0,L01,L01-Z1,concrete,superstructure,144.0,m2,40,42,,,T000488
2w_f0Bwj8oRsR$YfahG_h6,T000490,STR-COL-POUR,Column C-3-0 L01,L01,L01-Z1,concrete,superstructure,0.95,m3,9,10,,,T000070
2zDHWxt0E57FF4Q3qTCvpZ,T000491,MEP-DIFFUSER-SET,Air terminal L01 2-0,L01,L01-Z1,mechanical,mep_finish,1.0,ea,110,111,,,T000503;T000505;T000596;T000605;T000629;T000632;T000640;T000646;T000655;T000663;T000716;T000727;T000732;T000739;T000744;T000747;T000751;T000776
2zDHWxt0E57FF4Q3qTCvpZ,T000492,CX-AIR-BALANCE,Air terminal L01 2-0,L01,L01-Z1,commissioning,commissioning,1.0,ea,123,124,,,T000491;T000523;T000596;T000605;T000629;T000632;T000640;T000646;T000655;T000663;T000716;T000727;T000732;T000739;T000744;T000747;T000751;T000776
2zDHWxt0E57FF4Q3qTCvpZ,T000493,CX-PRESSURE-TEST,Air terminal L01 2-0,L01,L01-Z1,commissioning,commissioning,1.0,ea,124,125,,,T000492;T000507
340BcQwhk6SwgykvECS0hj,T000494,STR-SLAB-FORM,Slab L01 S-2-0,L01,L01-Z1,concrete,superstructure,144.0,m2,13,18,,,T000020;T000055;T000071;T000077
340BcQwhk6SwgykvECS0hj,T000495,STR-SLAB-REBAR,Slab L01 S-2-0,L01,L01-Z1,concrete,superstructure,3.96,t,18,20,,,T000494
340BcQwhk6SwgykvECS0hj,T000496,STR-SLAB-POUR,Slab L01 S-2-0,L01,L01-Z1,concrete,superstructure,36.0,m3,25,28,,,T000020;T000055;T000071;T000077;T000495
340BcQwhk6SwgykvECS0hj,T000497,STR-SLAB-STRIKE,Slab L01 S-2-0,L01,L01-Z1,concrete,superstructure,144.0,m2,40,42,,,T000496
3AhEpMowDVtdD09OJKPSJC,T000498,MED-EQUIP-INSTALL,Anaesthesia pendant 1,L01,L01-Z1,medical,medical_equipment,1.0,ea,158,159,,,T000507
3AhEpMowDVtdD09OJKPSJC,T000499,GEN-HANDOVER-DOC,Anaesthesia pendant 1,L01,L01-Z1,commissioning,handover,1.0,ea,170,171,,,T000492;T000498;T000511
3EU$91keGnrkMy9281XR57,T000500,STR-COL-POUR,Column C-0-1 L01,L01,L01-Z1,concrete,superstructure,0.95,m3,10,11,,,T000059
3Ew7dMF1H1K$iXLlGYF3gs,T000501,STR-COL-POUR,Column C-2-1 L01,L01,L01-Z1,concrete,superstructure,0.95,m3,40,41,,,T000014
3JoTTQyTxxhAeOsrQuv3lH,T000502,ARC-CURTAIN-INSTALL,Curtain wall L01 S-0,L01,L01-Z1,envelope,envelope,22.8,m2,67,68,,,T000488;T000966
3TpGjQprrwvunxkhfpHQVR,T000503,ARC-CEILING-CLOSE,Ceiling L01 0-0,L01,L01-Z1,interiors,interiors,259.2,m2,96,100,,,T000484;T000485;T000519;T000520
,T000504,GEN-PERMIT-HOT,Hot work permit and fire watch · L01 zone 1,L01,L01-Z1,commissioning,mobilise,1.0,ea,0,1,,,
,T000505,ARC-CEILING-CLOSE,Close ceiling · L01 zone 1,L01,L01-Z1,interiors,interiors,1.0,ea,109,110,,,T000484;T000485;T000504;T000519;T000520
,T000506,CX-PRESSURE-TEST,Room pressure differential test · L01 zone 1,L01,L01-Z1,commissioning,commissioning,1.0,ea,123,124,,,T000505;T000507
3WiwzJwkSIaMnWKl2tcI5w,T000507,ARC-FLOOR-FINISH,Floor finish L01 0-0,L01,L01-Z1,finishes,interiors,298.08,m2,115,123,,,T000485;T000488;T000496;T000503;T000505;T000520
3WiwzJwkSIaMnWKl2tcI5w,T000508,GEN-HANDOVER-DOC,Floor finish L01 0-0,L01,L01-Z1,commissioning,handover,1.0,ea,170,171,,,T000492;T000507;T000511
3XiBuFUQisLHQQ7iZLfbbY,T000509,STR-COL-POUR,Column C-1-0 L01,L01,L01-Z1,concrete,superstructure,0.95,m3,10,11,,,T000036
3Z7L7uAts2qTGGaDheXK0S,T000510,MEP-DIFFUSER-SET,Air terminal L01 0-0,L01,L01-Z1,mechanical,mep_finish,1.0,ea,110,111,,,T000503;T000505;T000596;T000605;T000629;T000632;T000640;T000646;T000655;T000663;T000716;T000727;T000732;T000739;T000744;T000747;T000751;T000776
3Z7L7uAts2qTGGaDheXK0S,T000511,CX-AIR-BALANCE,Air terminal L01 0-0,L01,L01-Z1,commissioning,commissioning,1.0,ea,123,124,,,T000510;T000523;T000596;T000605;T000629;T000632;T000640;T000646;T000655;T000663;T000716;T000727;T000732;T000739;T000744;T000747;T000751;T000776
3Z7L7uAts2qTGGaDheXK0S,T000512,CX-PRESSURE-TEST,Air terminal L01 0-0,L01,L01-Z1,commissioning,commissioning,1.0,ea,124,125,,,T000507;T000511
3arspAJZAdAQJfo8dtU7VB,T000513,STR-COL-POUR,Column C-1-1 L01,L01,L01-Z1,concrete,superstructure,0.95,m3,40,41,,,T000074
3ejRYNO$PUUXQTPVjJDFA$,T000514,STR-BEAM-POUR,Edge beam L01 0-1z,L01,L01-Z1,concrete,superstructure,1.44,m3,40,41,,,T000500
3hlheUkpm7jgC0wpH3FZVl,T000515,ARC-EXTWALL-BUILD,External wall L01 W-0,L01,L01-Z1,envelope,envelope,22.8,m2,63,65,,,T000488;T000966
3q2L070iPKhOoOC0f5fMYV,T000516,MED-EQUIP-INSTALL,Theatre light 1,L01,L01-Z1,medical,medical_equipment,1.0,ea,158,159,,,T000479;T000507
3q2L070iPKhOoOC0f5fMYV,T000517,GEN-HANDOVER-DOC,Theatre light 1,L01,L01-Z1,commissioning,handover,1.0,ea,170,171,,,T000492;T000511;T000516
3wtpyVWlhzpc5TDrsYp3KL,T000518,ARC-WALL-FRAME,Partition L01 Room wall 2-0,L01,L01-Z1,interiors,mep_roughin,22.8,m2,86,87,,,T000469;T000496;T000515;T000929;T000930
3wtpyVWlhzpc5TDrsYp3KL,T000519,FIR-STOP-INSTALL,Partition L01 Room wall 2-0,L01,L01-Z1,interiors,mep_roughin,3.42,ea,89,90,,,T000518
3wtpyVWlhzpc5TDrsYp3KL,T000520,ARC-WALL-BOARD,Partition L01 Room wall 2-0,L01,L01-Z1,interiors,interiors,22.8,m2,92,93,,,T000518;T000519
3yqO0f2k5fuT_pAisyCnbO,T000521,ARC-WINDOW-INSTALL,Window L01 W-0,L01,L01-Z1,envelope,envelope,1.0,ea,67,68,,,T000515
0Cw2FKuw0sPGcKZBkWAlL6,T000522,STR-COL-POUR,Column C-4-0 L01,L01,L01-Z2,concrete,superstructure,0.95,m3,10,11,,,T000097;T000527
0EEmpDGN5F4vHhuVPR4bOt,T000523,MEP-AHU-SET,Air handling unit AHU-2,L01,L01-Z2,mechanical,mep_roughin,1.0,ea,84,85,,,T000132;T000527;T000529;T000568;T000589
0EEmpDGN5F4vHhuVPR4bOt,T000524,GEN-HANDOVER-DOC,Air handling unit AHU-2,L01,L01-Z2,commissioning,handover,1.0,ea,171,172,,,T000523;T000547;T000559;T000565;T000574;T000586
,T000525,GEN-PERMIT-WORK,Permit to work · Air handling unit AHU-2,L01,L01-Z2,commissioning,mobilise,1.0,ea,0,1,,,
,T000526,GEN-SURVEY-SETOUT,Survey set-out of the work area · Air handling unit AHU-2,L01,L01-Z2,concrete,mobilise,1.0,ea,1,2,,,T000525
,T000527,GEN-LIFT-PLAN,Prepare and approve lift plan · Air handling unit AHU-2,L01,L01-Z2,mechanical,mobilise,1.0,ea,2,3,,,T000526
,T000528,GEN-CRANE-MOBILISE,"Mobilise, assemble and load-test crane · Air handling unit AHU-2",L01,L01-Z2,mechanical,mobilise,1.0,ea,3,4,,,T000527
,T000529,GEN-ANCHOR-SURVEY,Anchor bolt and grout survey · Air handling unit AHU-2,L01,L01-Z2,concrete,superstructure,1.0,ea,77,78,,,T000528;T000568;T000589
,T000530,GEN-PRECOMM-CHECK,Pre-commissioning checks · Air handling unit AHU-2,L01,L01-Z2,commissioning,mep_finish,1.0,ea,96,97,,,T000523;T000535;T000546;T000558;T000576
,T000531,GEN-VENDOR-REP,Vendor representative attendance (time driven) · Air handling unit AHU-2,L01,L01-Z2,medical,medical_equipment,1.0,ea,148,153,,,T000530;T000549
0FdUsVA7Hl$bPJmQ4UugHZ,T000532,ARC-CURTAIN-INSTALL,Curtain wall L01 S-4,L01,L01-Z2,envelope,envelope,22.8,m2,67,68,,,T000527;T000568;T000987
0HFniseHVZAVa3cQOob6U$,T000533,STR-COL-POUR,Column C-7-0 L01,L01,L01-Z2,concrete,superstructure,0.95,m3,10,11,,,T000101;T000527
0IXwIWVK1EBnoAOsLsWcmd,T000534,ARC-CURTAIN-INSTALL,Curtain wall L01 S-6,L01,L01-Z2,envelope,envelope,22.8,m2,82,83,,,T000527;T000589;T001029
0W42XU8Y0eV8eM5W4c$o$S,T000535,ELE-LIGHT-INSTALL,Light fixture L01 6-0,L01,L01-Z2,electrical,mep_finish,1.0,ea,95,96,,,T000554;T000678
0Z8h3Uz_C17Y05CR0mY_yh,T000536,ARC-CURTAIN-INSTALL,Curtain wall L01 S-7,L01,L01-Z2,envelope,envelope,22.8,m2,82,83,,,T000527;T000589;T001029
0awrgny1hheiuJx$QLnWp4,T000537,ARC-WALL-FRAME,Partition L01 Room wall 6-1,L01,L01-Z2,interiors,mep_roughin,22.8,m2,85,86,,,T000545;T000551;T000563;T000571;T000584;T000589;T001029;T001030
0awrgny1hheiuJx$QLnWp4,T000538,FIR-STOP-INSTALL,Partition L01 Room wall 6-1,L01,L01-Z2,interiors,mep_roughin,3.42,ea,86,87,,,T000537;T000563;T000571;T000584
0awrgny1hheiuJx$QLnWp4,T000539,ARC-WALL-BOARD,Partition L01 Room wall 6-1,L01,L01-Z2,interiors,interiors,22.8,m2,90,91,,,T000537;T000538;T000563;T000571;T000584
0g0mdDQUr_7IZB5TqlwACH,T000540,STR-COL-POUR,Column C-6-1 L01,L01,L01-Z2,concrete,superstructure,0.95,m3,40,41,,,T000147;T000527
0ok1ULHvKMIzj5S_T8XlT5,T000541,STR-BEAM-POUR,Edge beam L01 4-0x,L01,L01-Z2,concrete,superstructure,1.44,m3,41,42,,,T000522
0xAiCp1KeGnw1_ps6csXEv,T000542,ARC-WALL-FRAME,Partition L01 Room wall 4-0,L01,L01-Z2,interiors,mep_roughin,22.8,m2,85,86,,,T000545;T000551;T000563;T000568;T000571;T000584;T000987;T000988
0xAiCp1KeGnw1_ps6csXEv,T000543,FIR-STOP-INSTALL,Partition L01 Room wall 4-0,L01,L01-Z2,interiors,mep_roughin,3.42,ea,86,87,,,T000542;T000563;T000571;T000584
0xAiCp1KeGnw1_ps6csXEv,T000544,ARC-WALL-BOARD,Partition L01 Room wall 4-0,L01,L01-Z2,interiors,interiors,22.8,m2,90,91,,,T000542;T000543;T000563;T000571;T000584
14G$BcxLvEzUVRLBDt3Kfn,T000545,ARC-EXTWALL-BUILD,External wall L01 E-0,L01,L01-Z2,envelope,envelope,22.8,m2,65,67,,,T000589;T001029
16xTgA6akZ_cPpMEP32tNi,T000546,MEP-DIFFUSER-SET,Air terminal L01 4-0,L01,L01-Z2,mechanical,mep_finish,1.0,ea,95,96,,,T000554;T000596;T000605;T000629;T000632;T000640;T000646;T000655;T000663;T000716;T000727;T000732;T000739;T000744;T000747;T000751;T000776
16xTgA6akZ_cPpMEP32tNi,T000547,CX-AIR-BALANCE,Air terminal L01 4-0,L01,L01-Z2,commissioning,commissioning,1.0,ea,102,103,,,T000523;T000546;T000596;T000605;T000629;T000632;T000640;T000646;T000655;T000663;T000716;T000727;T000732;T000739;T000744;T000747;T000751;T000776
1Kq2V5GKH5I7LXNp2aARvy,T000548,STR-BEAM-POUR,Edge beam L01 7-0x,L01,L01-Z2,concrete,superstructure,1.44,m3,41,42,,,T000533
1OkxqldRoIyDvcq6PRhKnt,T000549,ARC-FLOOR-FINISH,Floor finish L01 4-0,L01,L01-Z2,finishes,interiors,259.2,m2,95,102,,,T000539;T000544;T000554;T000557;T000568;T000579;T000589
1OkxqldRoIyDvcq6PRhKnt,T000550,GEN-HANDOVER-DOC,Floor finish L01 4-0,L01,L01-Z2,commissioning,handover,1.0,ea,171,172,,,T000547;T000549;T000559;T000565;T000574;T000586
1S6M_ocK2ohsyioo9aaOoC,T000551,ARC-EXTWALL-BUILD,External wall L01 E-1,L01,L01-Z2,envelope,envelope,22.8,m2,65,67,,,T000589;T001029
1f6cwKHuzbIQRP1kDImsL7,T000552,ARC-WINDOW-INSTALL,Window L01 E-1,L01,L01-Z2,envelope,envelope,1.0,ea,82,83,,,T000551
1knyw55fDZXMmmk9WmSpji,T000553,STR-BEAM-POUR,Edge beam L01 5-0x,L01,L01-Z2,concrete,superstructure,1.44,m3,41,42,,,T000583
1u3QnMYJpPJqexVG_e4C8A,T000554,ARC-CEILING-CLOSE,Ceiling L01 4-0,L01,L01-Z2,interiors,interiors,259.2,m2,91,95,,,T000538;T000539;T000543;T000544;T000556;T000557;T000563;T000571;T000578;T000579;T000584
25pNaY0qQ2rGZYxeCSS2fS,T000555,ARC-WALL-FRAME,Partition L01 Room wall 6-0,L01,L01-Z2,interiors,mep_roughin,22.8,m2,86,87,,,T000545;T000551;T000563;T000571;T000584;T000589;T001029;T001030
25pNaY0qQ2rGZYxeCSS2fS,T000556,FIR-STOP-INSTALL,Partition L01 Room wall 6-0,L01,L01-Z2,interiors,mep_roughin,3.42,ea,89,90,,,T000555;T000563;T000571;T000584
25pNaY0qQ2rGZYxeCSS2fS,T000557,ARC-WALL-BOARD,Partition L01 Room wall 6-0,L01,L01-Z2,interiors,interiors,22.8,m2,90,91,,,T000555;T000556;T000563;T000571;T000584
28UHy247YprsCdg38E6v_x,T000558,MEP-DIFFUSER-SET,Air terminal L01 6-0,L01,L01-Z2,mechanical,mep_finish,1.0,ea,95,96,,,T000554;T000596;T000605;T000629;T000632;T000640;T000646;T000655;T000663;T000716;T000727;T000732;T000739;T000744;T000747;T000751;T000776
28UHy247YprsCdg38E6v_x,T000559,CX-AIR-BALANCE,Air terminal L01 6-0,L01,L01-Z2,commissioning,commissioning,1.0,ea,102,103,,,T000523;T000558;T000596;T000605;T000629;T000632;T000640;T000646;T000655;T000663;T000716;T000727;T000732;T000739;T000744;T000747;T000751;T000776
2SWyFH_BgS8hmmtTSXEbBE,T000560,ARC-WINDOW-INSTALL,Window L01 E-0,L01,L01-Z2,envelope,envelope,1.0,ea,82,83,,,T000545
2_cW6oCK7RWyCvgXkkWi2q,T000561,STR-BEAM-POUR,Edge beam L01 7-1z,L01,L01-Z2,concrete,superstructure,1.44,m3,41,42,,,T000581
2dfBw1lPbcVxl$PVJ0q3Ti,T000562,STR-COL-POUR,Column C-5-1 L01,L01,L01-Z2,concrete,superstructure,0.95,m3,41,42,,,T000105;T000527
2lD5L$HqDWPOFoRwOhDr5F,T000563,GEN-ICRA-SETUP,Slab L01 S-4-0,L01,L01-Z2,icra,mobilise,1.0,ea,2,3,,,
2lD5L$HqDWPOFoRwOhDr5F,T000564,GEN-HEPA-CLEAN,Slab L01 S-4-0,L01,L01-Z2,icra,icra_closeout,144.0,m2,160,161,,,T000547;T000549;T000554;T000559;T000563;T000571;T000584
2lD5L$HqDWPOFoRwOhDr5F,T000565,GEN-ICRA-CLOSEOUT,Slab L01 S-4-0,L01,L01-Z2,icra,icra_closeout,1.0,ea,165,166,,,T000563;T000564;T000571;T000573;T000584;T000585
2lD5L$HqDWPOFoRwOhDr5F,T000566,STR-SLAB-FORM,Slab L01 S-4-0,L01,L01-Z2,concrete,superstructure,144.0,m2,25,30,,,T000094;T000106;T000120;T000133
2lD5L$HqDWPOFoRwOhDr5F,T000567,STR-SLAB-REBAR,Slab L01 S-4-0,L01,L01-Z2,concrete,superstructure,3.96,t,32,34,,,T000566
2lD5L$HqDWPOFoRwOhDr5F,T000568,STR-SLAB-POUR,Slab L01 S-4-0,L01,L01-Z2,concrete,superstructure,36.0,m3,37,40,,,T000094;T000106;T000120;T000133;T000567
2lD5L$HqDWPOFoRwOhDr5F,T000569,STR-SLAB-STRIKE,Slab L01 S-4-0,L01,L01-Z2,concrete,superstructure,144.0,m2,71,73,,,T000568
,T000570,GEN-PERMIT-WORK,Permit to work · L01 zone 2,L01,L01-Z2,commissioning,mobilise,1.0,ea,0,1,,,
,T000571,GEN-ICRA-SETUP,Erect ICRA barrier and negative air · L01 zone 2,L01,L01-Z2,icra,mobilise,1.0,ea,2,3,,,T000570
,T000572,GEN-PRECOMM-CHECK,Pre-commissioning checks · L01 zone 2,L01,L01-Z2,commissioning,mep_finish,1.0,ea,96,97,,,T000535;T000546;T000558;T000571;T000576
,T000573,GEN-HEPA-CLEAN,HEPA terminal clean · L01 zone 2,L01,L01-Z2,icra,icra_closeout,1.0,ea,160,161,,,T000547;T000549;T000554;T000559;T000563;T000571;T000572;T000584
,T000574,GEN-ICRA-CLOSEOUT,ICRA clearance and barrier removal · L01 zone 2,L01,L01-Z2,icra,icra_closeout,1.0,ea,165,166,,,T000563;T000564;T000571;T000573;T000584;T000585
2nJM4rSfVreY9lF6MS5p8x,T000575,STR-COL-POUR,Column C-4-1 L01,L01,L01-Z2,concrete,superstructure,0.95,m3,41,42,,,T000115;T000527
2vssW$3QF0gPPpKuWtotJA,T000576,ELE-LIGHT-INSTALL,Light fixture L01 4-0,L01,L01-Z2,electrical,mep_finish,1.0,ea,95,96,,,T000554;T000678
2ygkEMsnAJ0hXPwt6xa5F_,T000577,ARC-WALL-FRAME,Partition L01 Room wall 4-1,L01,L01-Z2,interiors,mep_roughin,22.8,m2,86,87,,,T000545;T000551;T000563;T000568;T000571;T000584;T000987;T000988
2ygkEMsnAJ0hXPwt6xa5F_,T000578,FIR-STOP-INSTALL,Partition L01 Room wall 4-1,L01,L01-Z2,interiors,mep_roughin,3.42,ea,89,90,,,T000563;T000571;T000577;T000584
2ygkEMsnAJ0hXPwt6xa5F_,T000579,ARC-WALL-BOARD,Partition L01 Room wall 4-1,L01,L01-Z2,interiors,interiors,22.8,m2,90,91,,,T000563;T000571;T000577;T000578;T000584
2zAkomLyustJz2msAcJMWm,T000580,ARC-CURTAIN-INSTALL,Curtain wall L01 S-5,L01,L01-Z2,envelope,envelope,22.8,m2,82,83,,,T000527;T000568;T000987
397tGUbXeofevYT9PHDJDL,T000581,STR-COL-POUR,Column C-7-1 L01,L01,L01-Z2,concrete,superstructure,0.95,m3,10,11,,,T000144;T000527
3BDDelcHmHI81LuiRJquRB,T000582,STR-COL-POUR,Column C-6-0 L01,L01,L01-Z2,concrete,superstructure,0.95,m3,10,11,,,T000112;T000527
3dTsBC0Rz9GSu11hFsGz9T,T000583,STR-COL-POUR,Column C-5-0 L01,L01,L01-Z2,concrete,superstructure,0.95,m3,10,11,,,T000141;T000527
3wH$06tzMMGDnfnrVZohbv,T000584,GEN-ICRA-SETUP,Slab L01 S-6-0,L01,L01-Z2,icra,mobilise,1.0,ea,2,3,,,
3wH$06tzMMGDnfnrVZohbv,T000585,GEN-HEPA-CLEAN,Slab L01 S-6-0,L01,L01-Z2,icra,icra_closeout,144.0,m2,160,161,,,T000547;T000549;T000554;T000559;T000563;T000571;T000584
3wH$06tzMMGDnfnrVZohbv,T000586,GEN-ICRA-CLOSEOUT,Slab L01 S-6-0,L01,L01-Z2,icra,icra_closeout,1.0,ea,165,166,,,T000563;T000564;T000571;T000573;T000584;T000585
3wH$06tzMMGDnfnrVZohbv,T000587,STR-SLAB-FORM,Slab L01 S-6-0,L01,L01-Z2,concrete,superstructure,144.0,m2,15,20,,,T000102;T000131;T000132;T000175
3wH$06tzMMGDnfnrVZohbv,T000588,STR-SLAB-REBAR,Slab L01 S-6-0,L01,L01-Z2,concrete,superstructure,3.96,t,28,30,,,T000587
3wH$06tzMMGDnfnrVZohbv,T000589,STR-SLAB-POUR,Slab L01 S-6-0,L01,L01-Z2,concrete,superstructure,36.0,m3,34,37,,,T000102;T000131;T000132;T000175;T000588
3wH$06tzMMGDnfnrVZohbv,T000590,STR-SLAB-STRIKE,Slab L01 S-6-0,L01,L01-Z2,concrete,superstructure,144.0,m2,71,73,,,T000589
3z0HuLT9ZRJNKkFTrgEzzz,T000591,STR-BEAM-POUR,Edge beam L01 6-0x,L01,L01-Z2,concrete,superstructure,1.44,m3,42,43,,,T000582
016gBejPJRd8kevyhMbcCK,T000592,ARC-FLOOR-FINISH,Floor finish L01 0-2,L01,L01-Z3,finishes,interiors,298.08,m2,117,125,,,T000600;T000614;T000622;T000625;T000627;T000635;T000639;T000645;T000651;T000662;T000671;T000683;T000692
016gBejPJRd8kevyhMbcCK,T000593,GEN-HANDOVER-DOC,Floor finish L01 0-2,L01,L01-Z3,commissioning,handover,1.0,ea,171,172,,,T000592;T000603;T000610;T000659;T000666;T000686;T000689
05X_xuiQljNUo75P2ZcUnA,T000594,ELE-CABLE-PULL,Power cable L01 2,L01,L01-Z3,electrical,mep_roughin,12.0,m,88,89,,,T000676;T000678
05zle$Z_NZoSG6sz4ioMwF,T000595,STR-BEAM-POUR,Edge beam L01 0-2z,L01,L01-Z3,concrete,superstructure,1.44,m3,42,43,,,T000693
06PUBP$RHpfS5q49A$fnCx,T000596,MEP-DUCT-INSTALL,Supply duct L01 3,L01,L01-Z3,mechanical,mep_roughin,6.0,m,89,90,,,T000598;T000660;T001057;T001058
0CLQ_VAIpyT7$WqdhJ4fq0,T000597,ARC-DOOR-INSTALL,Door L01 Corridor N wall 2,L01,L01-Z3,interiors,interiors,1.0,ea,109,110,,,T000660;T000662
0JCoOdfs2cZwPCXymbsBSq,T000598,ARC-WALL-FRAME,Partition L01 Corridor S wall 2,L01,L01-Z3,interiors,mep_roughin,22.8,m2,84,85,,,T000607;T000624;T000671;T001057;T001058
0JCoOdfs2cZwPCXymbsBSq,T000599,FIR-STOP-INSTALL,Partition L01 Corridor S wall 2,L01,L01-Z3,interiors,mep_roughin,3.42,ea,90,91,,,T000596;T000598;T000648;T000663;T000675;T000676;T000680
0JCoOdfs2cZwPCXymbsBSq,T000600,ARC-WALL-BOARD,Partition L01 Corridor S wall 2,L01,L01-Z3,interiors,interiors,22.8,m2,93,94,,,T000594;T000598;T000599;T000648;T000675;T000680
0MxeEioGz_qU3bYRq7fXeq,T000601,ARC-DOOR-INSTALL,Door L01 Corridor N wall 0,L01,L01-Z3,interiors,interiors,1.0,ea,109,110,,,T000643;T000645
0PxuFrmbDqmCJR_a6_zYVT,T000602,MEP-DIFFUSER-SET,Air terminal L01 0-2,L01,L01-Z3,mechanical,mep_finish,1.0,ea,110,111,,,T000596;T000605;T000625;T000627;T000629;T000632;T000640;T000646;T000655;T000663;T000716;T000727;T000732;T000739;T000744;T000747;T000751;T000776
0PxuFrmbDqmCJR_a6_zYVT,T000603,CX-AIR-BALANCE,Air terminal L01 0-2,L01,L01-Z3,commissioning,commissioning,1.0,ea,125,126,,,T000523;T000596;T000602;T000605;T000629;T000632;T000640;T000646;T000655;T000663;T000716;T000727;T000732;T000739;T000744;T000747;T000751;T000776
0PxuFrmbDqmCJR_a6_zYVT,T000604,CX-PRESSURE-TEST,Air terminal L01 0-2,L01,L01-Z3,commissioning,commissioning,1.0,ea,126,127,,,T000592;T000603
0RoliH79d9FaDbSTozh3Hq,T000605,MEP-DUCT-INSTALL,Supply duct L01 4,L01,L01-Z3,mechanical,mep_roughin,6.0,m,89,90,,,T000649;T000690;T001057;T001058
0YOlKrJetm3V9YFEq8gBkg,T000606,ARC-WINDOW-INSTALL,Window L01 W-3,L01,L01-Z3,envelope,envelope,1.0,ea,83,84,,,T000624
0jyM6FhtJpV4FUo_cMmBxm,T000607,ARC-EXTWALL-BUILD,External wall L01 W-2,L01,L01-Z3,envelope,envelope,22.8,m2,65,67,,,T000622;T001048
0kQodBfbwDffPDRMkRryCU,T000608,MED-GAS-PIPE-INSTALL,Medical air line L01 1,L01,L01-Z3,plumbing,mep_roughin,18.0,m,87,88,,,T000220;T000626;T000637;T000643;T001048;T001049
0kQodBfbwDffPDRMkRryCU,T000609,MED-GAS-TEST,Medical air line L01 1,L01,L01-Z3,plumbing,mep_roughin,18.0,m,89,90,,,T000608
0kQodBfbwDffPDRMkRryCU,T000610,MED-GAS-CERT,Medical air line L01 1,L01,L01-Z3,commissioning,commissioning,18.0,m,125,127,,,T000216;T000221;T000608;T000609;T000684;T000735;T001112;T001129;T001212
0nP9AOg368m7ZAb9f6wqMP,T000611,PLB-PIPE-INSTALL,Chilled water pipe L01 1,L01,L01-Z3,plumbing,mep_roughin,12.0,m,87,88,,,T000637;T000643;T001048;T001049
0o_5Kac3TV4YFmpGYA99r2,T000612,ARC-WALL-FRAME,Partition L01 Corridor N wall 1,L01,L01-Z3,interiors,mep_roughin,22.8,m2,84,85,,,T000607;T000622;T000624;T001048;T001049
0o_5Kac3TV4YFmpGYA99r2,T000613,FIR-STOP-INSTALL,Partition L01 Corridor N wall 1,L01,L01-Z3,interiors,mep_roughin,3.42,ea,90,91,,,T000612;T000618;T000640;T000646
0o_5Kac3TV4YFmpGYA99r2,T000614,ARC-WALL-BOARD,Partition L01 Corridor N wall 1,L01,L01-Z3,interiors,interiors,22.8,m2,93,94,,,T000612;T000613
0o_J6k0sBbzPC3QLbAyEdo,T000615,STR-COL-POUR,Column C-3-3 L01,L01,L01-Z3,concrete,superstructure,0.95,m3,42,43,,,T000177
0s$L_Hrp1bFtbYflLIbQlW,T000616,ARC-DOOR-INSTALL,Door L01 Corridor S wall 3,L01,L01-Z3,interiors,interiors,1.0,ea,109,110,,,T000649;T000651
17gVx$ER_fHVGJ3CHko6OM,T000617,ELE-CABLE-PULL,Power cable L01 1,L01,L01-Z3,electrical,mep_roughin,12.0,m,88,89,,,T000652;T000678
19UGEfe8Q0fhz4QsNCacan,T000618,MEP-TRAY-INSTALL,Cable tray L01 2,L01,L01-Z3,electrical,mep_roughin,6.0,m,87,88,,,T000612;T000681;T001048;T001049
1FvjTulu1M73X5ryeyBNOm,T000619,ELE-LIGHT-INSTALL,Light fixture L01 2-2,L01,L01-Z3,electrical,mep_finish,1.0,ea,110,111,,,T000594;T000618;T000625;T000627;T000631;T000652;T000676;T000678
1HqceRPQbiGMfEjzras1D3,T000620,STR-SLAB-FORM,Slab L01 S-0-2,L01,L01-Z3,concrete,superstructure,144.0,m2,29,34,,,T000177
1HqceRPQbiGMfEjzras1D3,T000621,STR-SLAB-REBAR,Slab L01 S-0-2,L01,L01-Z3,concrete,superstructure,3.96,t,34,36,,,T000620
1HqceRPQbiGMfEjzras1D3,T000622,STR-SLAB-POUR,Slab L01 S-0-2,L01,L01-Z3,concrete,superstructure,36.0,m3,39,42,,,T000621
1HqceRPQbiGMfEjzras1D3,T000623,STR-SLAB-STRIKE,Slab L01 S-0-2,L01,L01-Z3,concrete,superstructure,144.0,m2,71,73,,,T000622
1IcRHRjZGs9WXmKpwAWsIQ,T000624,ARC-EXTWALL-BUILD,External wall L01 W-3,L01,L01-Z3,envelope,envelope,22.8,m2,65,67,,,T000622;T001048
1KrFqKyZVEIuC5HmymzL2k,T000625,ARC-CEILING-CLOSE,Ceiling L01 0-2,L01,L01-Z3,interiors,interiors,259.2,m2,97,101,,,T000594;T000596;T000599;T000600;T000605;T000608;T000609;T000611;T000613;T000614;T000617;T000618;T000629;T000631;T000632;T000634;T000635;T000636;T000638;T000639;T000640;T000644;T000645;T000646;T000648;T000650;T000651;T000652;T000653;T000654;T000655;T000657;T000658;T000661;T000662;T000663;T000675;T000676;T000680;T000682;T000683;T000684;T000685;T000687;T000688;T000691;T000692
,T000626,GEN-PERMIT-HOT,Hot work permit and fire watch · L01 zone 3,L01,L01-Z3,commissioning,mobilise,1.0,ea,0,1,,,
,T000627,ARC-CEILING-CLOSE,Close ceiling · L01 zone 3,L01,L01-Z3,interiors,interiors,1.0,ea,109,110,,,T000594;T000596;T000599;T000600;T000605;T000608;T000609;T000611;T000613;T000614;T000617;T000618;T000626;T000629;T000631;T000632;T000634;T000635;T000636;T000638;T000639;T000640;T000644;T000645;T000646;T000648;T000650;T000651;T000652;T000653;T000654;T000655;T000657;T000658;T000661;T000662;T000663;T000675;T000676;T000680;T000682;T000683;T000684;T000685;T000687;T000688;T000691;T000692
,T000628,CX-PRESSURE-TEST,Room pressure differential test · L01 zone 3,L01,L01-Z3,commissioning,commissioning,1.0,ea,125,126,,,T000592;T000627
1LKRI9UvZghr9BW4bGq5k2,T000629,MEP-DUCT-INSTALL,Return duct L01 4,L01,L01-Z3,mechanical,mep_roughin,6.0,m,89,90,,,T000649;T000690;T001057;T001058
1NZZvJ4Vb$qz7BZnHrPV2m,T000630,STR-COL-POUR,Column C-3-2 L01,L01,L01-Z3,concrete,superstructure,0.95,m3,42,43,,,T000177
1O8GPI0dB7m1BVrX_KQxi3,T000631,MEP-TRAY-INSTALL,Cable tray L01 4,L01,L01-Z3,electrical,mep_roughin,6.0,m,87,88,,,T000649;T000690;T001057;T001058
1OmO8pYVJ8IpbLdqcK2VrG,T000632,MEP-DUCT-INSTALL,Supply duct L01 1,L01,L01-Z3,mechanical,mep_roughin,6.0,m,89,90,,,T000637;T000643;T001048;T001049
1QtBVJl0zKiCyoRymxVCnG,T000633,ARC-WALL-FRAME,Partition L01 Room wall 2-3,L01,L01-Z3,interiors,mep_roughin,22.8,m2,86,87,,,T000607;T000624;T000671;T001057;T001058
1QtBVJl0zKiCyoRymxVCnG,T000634,FIR-STOP-INSTALL,Partition L01 Room wall 2-3,L01,L01-Z3,interiors,mep_roughin,3.42,ea,89,90,,,T000633
1QtBVJl0zKiCyoRymxVCnG,T000635,ARC-WALL-BOARD,Partition L01 Room wall 2-3,L01,L01-Z3,interiors,interiors,22.8,m2,93,94,,,T000633;T000634
1Rv9bdX6Lf6Iob5CtZa6Uv,T000636,PLB-PIPE-INSTALL,Heating water pipe L01 1,L01,L01-Z3,plumbing,mep_roughin,12.0,m,87,88,,,T000637;T000643;T001048;T001049
1XyJ_N$aGPBR0t8_QM4rXm,T000637,ARC-WALL-FRAME,Partition L01 Corridor S wall 0,L01,L01-Z3,interiors,mep_roughin,22.8,m2,84,85,,,T000607;T000622;T000624;T001048;T001049
1XyJ_N$aGPBR0t8_QM4rXm,T000638,FIR-STOP-INSTALL,Partition L01 Corridor S wall 0,L01,L01-Z3,interiors,mep_roughin,3.42,ea,90,91,,,T000608;T000611;T000632;T000636;T000637;T000652;T000654;T000655;T000687
1XyJ_N$aGPBR0t8_QM4rXm,T000639,ARC-WALL-BOARD,Partition L01 Corridor S wall 0,L01,L01-Z3,interiors,interiors,22.8,m2,93,94,,,T000609;T000611;T000617;T000636;T000637;T000638;T000654;T000688
1bO2AymdqZb2SDlUMZgHx7,T000640,MEP-DUCT-INSTALL,Supply duct L01 2,L01,L01-Z3,mechanical,mep_roughin,6.0,m,89,90,,,T000612;T000681;T001048;T001049
1ftNQbEv18XLtH3Rx6wLDB,T000641,ELE-LIGHT-INSTALL,Light fixture L01 0-2,L01,L01-Z3,electrical,mep_finish,1.0,ea,110,111,,,T000617;T000618;T000625;T000627;T000631;T000652;T000676;T000678
1g9UieLBgv1XQV8iWD06nu,T000642,STR-COL-POUR,Column C-0-3 L01,L01,L01-Z3,concrete,superstructure,0.95,m3,40,41,,,T000177
1izNcTb__ojzbCSEarvfVs,T000643,ARC-WALL-FRAME,Partition L01 Corridor N wall 0,L01,L01-Z3,interiors,mep_roughin,22.8,m2,84,85,,,T000607;T000622;T000624;T001048;T001049
1izNcTb__ojzbCSEarvfVs,T000644,FIR-STOP-INSTALL,Partition L01 Corridor N wall 0,L01,L01-Z3,interiors,mep_roughin,3.42,ea,90,91,,,T000608;T000611;T000632;T000636;T000643;T000652;T000654;T000655;T000687
1izNcTb__ojzbCSEarvfVs,T000645,ARC-WALL-BOARD,Partition L01 Corridor N wall 0,L01,L01-Z3,interiors,interiors,22.8,m2,94,95,,,T000609;T000611;T000617;T000636;T000643;T000644;T000654;T000688
24b7bUQRQjOWeFoSIDBCwx,T000646,MEP-DUCT-INSTALL,Return duct L01 2,L01,L01-Z3,mechanical,mep_roughin,6.0,m,89,90,,,T000612;T000681;T001048;T001049
2928PuGBgF5x6Lto$3msMj,T000647,STR-COL-POUR,Column C-2-2 L01,L01,L01-Z3,concrete,superstructure,0.95,m3,42,43,,,T000177
2DoyDIx$LN91KB_NDOXrLh,T000648,PLB-PIPE-INSTALL,Heating water pipe L01 2,L01,L01-Z3,plumbing,mep_roughin,12.0,m,87,88,,,T000598;T000660;T001057;T001058
2Q_$eUfxzADs9mG1KFLPuE,T000649,ARC-WALL-FRAME,Partition L01 Corridor S wall 3,L01,L01-Z3,interiors,mep_roughin,22.8,m2,84,85,,,T000607;T000624;T000671;T001057;T001058
2Q_$eUfxzADs9mG1KFLPuE,T000650,FIR-STOP-INSTALL,Partition L01 Corridor S wall 3,L01,L01-Z3,interiors,mep_roughin,3.42,ea,90,91,,,T000605;T000629;T000631;T000649;T000657;T000684
2Q_$eUfxzADs9mG1KFLPuE,T000651,ARC-WALL-BOARD,Partition L01 Corridor S wall 3,L01,L01-Z3,interiors,interiors,22.8,m2,94,95,,,T000649;T000650;T000658;T000685
2hskeaMGcFAsg3H055JdlT,T000652,MEP-TRAY-INSTALL,Cable tray L01 1,L01,L01-Z3,electrical,mep_roughin,6.0,m,87,88,,,T000637;T000643;T001048;T001049
2mG2Okim80RiG$2CTwFIZO,T000653,MEP-FITTING-INSTALL,Fire damper L01 1,L01,L01-Z3,mechanical,mep_roughin,1.0,ea,90,91,,,T000596;T000648;T000663;T000675;T000680
2pJ9M9Hfow5YUta2KG4g4T,T000654,PLB-PIPE-INSTALL,Cold water pipe L01 1,L01,L01-Z3,plumbing,mep_roughin,12.0,m,87,88,,,T000637;T000643;T001048;T001049
2tRDdWAx5nbnKjlb5NpTlh,T000655,MEP-DUCT-INSTALL,Return duct L01 1,L01,L01-Z3,mechanical,mep_roughin,6.0,m,89,90,,,T000637;T000643;T001048;T001049
2ul1FEAF_S2zZCNnztcGCf,T000656,ARC-WINDOW-INSTALL,Window L01 W-2,L01,L01-Z3,envelope,envelope,1.0,ea,83,84,,,T000607
2zMhnLLpSShlDSDolk3_Xn,T000657,MED-GAS-PIPE-INSTALL,Oxygen line L01 2,L01,L01-Z3,plumbing,mep_roughin,18.0,m,88,89,,,T000244;T000626;T000649;T000690;T001057;T001058
2zMhnLLpSShlDSDolk3_Xn,T000658,MED-GAS-TEST,Oxygen line L01 2,L01,L01-Z3,plumbing,mep_roughin,18.0,m,89,90,,,T000657
2zMhnLLpSShlDSDolk3_Xn,T000659,MED-GAS-CERT,Oxygen line L01 2,L01,L01-Z3,commissioning,commissioning,18.0,m,125,127,,,T000240;T000245;T000657;T000658;T000687;T000729;T001095;T001104;T001147
2zaVm2$olDvS3oTvlzDdgI,T000660,ARC-WALL-FRAME,Partition L01 Corridor N wall 2,L01,L01-Z3,interiors,mep_roughin,22.8,m2,84,85,,,T000607;T000624;T000671;T001057;T001058
2zaVm2$olDvS3oTvlzDdgI,T000661,FIR-STOP-INSTALL,Partition L01 Corridor N wall 2,L01,L01-Z3,interiors,mep_roughin,3.42,ea,90,91,,,T000596;T000648;T000660;T000663;T000675;T000676;T000680
2zaVm2$olDvS3oTvlzDdgI,T000662,ARC-WALL-BOARD,Partition L01 Corridor N wall 2,L01,L01-Z3,interiors,interiors,22.8,m2,94,95,,,T000594;T000648;T000660;T000661;T000675;T000680
311NQ33DgrEG1Vmgy$XaFr,T000663,MEP-DUCT-INSTALL,Return duct L01 3,L01,L01-Z3,mechanical,mep_roughin,6.0,m,89,90,,,T000598;T000660;T001057;T001058
36cXM3pvVCxDHF17SGPplA,T000664,STR-COL-POUR,Column C-1-2 L01,L01,L01-Z3,concrete,superstructure,0.95,m3,42,43,,,T000177
37K3XCAUlvIEAu2b39pXcH,T000665,MEP-DIFFUSER-SET,Air terminal L01 2-2,L01,L01-Z3,mechanical,mep_finish,1.0,ea,110,111,,,T000596;T000605;T000625;T000627;T000629;T000632;T000640;T000646;T000655;T000663;T000716;T000727;T000732;T000739;T000744;T000747;T000751;T000776
37K3XCAUlvIEAu2b39pXcH,T000666,CX-AIR-BALANCE,Air terminal L01 2-2,L01,L01-Z3,commissioning,commissioning,1.0,ea,125,126,,,T000523;T000596;T000605;T000629;T000632;T000640;T000646;T000655;T000663;T000665;T000716;T000727;T000732;T000739;T000744;T000747;T000751;T000776
37K3XCAUlvIEAu2b39pXcH,T000667,CX-PRESSURE-TEST,Air terminal L01 2-2,L01,L01-Z3,commissioning,commissioning,1.0,ea,126,127,,,T000592;T000666
3Bgj86QkPKoTbKlgqRV142,T000668,ARC-DOOR-INSTALL,Door L01 Corridor S wall 1,L01,L01-Z3,interiors,interiors,1.0,ea,109,110,,,T000681;T000683
3I67PYKaWI7bQ4jvDSnUa6,T000669,STR-SLAB-FORM,Slab L01 S-2-2,L01,L01-Z3,concrete,superstructure,144.0,m2,30,35,,,T000177
3I67PYKaWI7bQ4jvDSnUa6,T000670,STR-SLAB-REBAR,Slab L01 S-2-2,L01,L01-Z3,concrete,superstructure,3.96,t,35,37,,,T000669
3I67PYKaWI7bQ4jvDSnUa6,T000671,STR-SLAB-POUR,Slab L01 S-2-2,L01,L01-Z3,concrete,superstructure,36.0,m3,40,43,,,T000670
3I67PYKaWI7bQ4jvDSnUa6,T000672,STR-SLAB-STRIKE,Slab L01 S-2-2,L01,L01-Z3,concrete,superstructure,144.0,m2,72,74,,,T000671
3K9Bhz3tLtK6CgQOqXacUC,T000673,STR-COL-POUR,Column C-2-3 L01,L01,L01-Z3,concrete,superstructure,0.95,m3,42,43,,,T000177
3Lq$mimCzSKv94b2eXD9hL,T000674,STR-COL-POUR,Column C-1-3 L01,L01,L01-Z3,concrete,superstructure,0.95,m3,42,43,,,T000177
3WbGch8Aaivw4uBjMUpvnz,T000675,PLB-PIPE-INSTALL,Cold water pipe L01 2,L01,L01-Z3,plumbing,mep_roughin,12.0,m,88,89,,,T000598;T000660;T001057;T001058
3_I$SsvubqJ0GkLlaQ8RMD,T000676,MEP-TRAY-INSTALL,Cable tray L01 3,L01,L01-Z3,electrical,mep_roughin,6.0,m,87,88,,,T000598;T000660;T001057;T001058
3e11QmCfkXNXUYyhkN$sQr,T000677,STR-BEAM-POUR,Edge beam L01 0-3z,L01,L01-Z3,concrete,superstructure,1.44,m3,42,43,,,T000642
3hQ1MwcDJaMCBa2oHh1fHJ,T000678,ELE-PANEL-INSTALL,Distribution board DB-2,L01,L01-Z3,electrical,mep_roughin,1.0,ea,86,87,,,T000622;T000637;T000643
3hQ1MwcDJaMCBa2oHh1fHJ,T000679,CX-POWER-ENERGISE,Distribution board DB-2,L01,L01-Z3,commissioning,commissioning,1.0,ea,125,126,,,T000594;T000617;T000618;T000631;T000652;T000676;T000678;T000718;T000728;T000733;T000785;T000799;T000800
3qI6lSZY2$uuaoK7vHpqGH,T000680,PLB-PIPE-INSTALL,Chilled water pipe L01 2,L01,L01-Z3,plumbing,mep_roughin,12.0,m,88,89,,,T000598;T000660;T001057;T001058
3uspX6Y_Sh5dvqSLQEgG22,T000681,ARC-WALL-FRAME,Partition L01 Corridor S wall 1,L01,L01-Z3,interiors,mep_roughin,22.8,m2,84,85,,,T000607;T000622;T000624;T001048;T001049
3uspX6Y_Sh5dvqSLQEgG22,T000682,FIR-STOP-INSTALL,Partition L01 Corridor S wall 1,L01,L01-Z3,interiors,mep_roughin,3.42,ea,90,91,,,T000618;T000640;T000646;T000681
3uspX6Y_Sh5dvqSLQEgG22,T000683,ARC-WALL-BOARD,Partition L01 Corridor S wall 1,L01,L01-Z3,interiors,interiors,22.8,m2,94,95,,,T000681;T000682
3ve52YJDaB4jMwnFy7Gz0Y,T000684,MED-GAS-PIPE-INSTALL,Medical air line L01 2,L01,L01-Z3,plumbing,mep_roughin,18.0,m,88,89,,,T000220;T000626;T000649;T000690;T001057;T001058
3ve52YJDaB4jMwnFy7Gz0Y,T000685,MED-GAS-TEST,Medical air line L01 2,L01,L01-Z3,plumbing,mep_roughin,18.0,m,89,90,,,T000684
3ve52YJDaB4jMwnFy7Gz0Y,T000686,MED-GAS-CERT,Medical air line L01 2,L01,L01-Z3,commissioning,commissioning,18.0,m,125,127,,,T000216;T000221;T000608;T000684;T000685;T000735;T001112;T001129;T001212
3woPHjbNVHYoSODhpLXAfN,T000687,MED-GAS-PIPE-INSTALL,Oxygen line L01 1,L01,L01-Z3,plumbing,mep_roughin,18.0,m,88,89,,,T000244;T000626;T000637;T000643;T001048;T001049
3woPHjbNVHYoSODhpLXAfN,T000688,MED-GAS-TEST,Oxygen line L01 1,L01,L01-Z3,plumbing,mep_roughin,18.0,m,89,90,,,T000687
3woPHjbNVHYoSODhpLXAfN,T000689,MED-GAS-CERT,Oxygen line L01 1,L01,L01-Z3,commissioning,commissioning,18.0,m,125,127,,,T000240;T000245;T000657;T000687;T000688;T000729;T001095;T001104;T001147
3xQgHLy1erMJy80dOPCwgC,T000690,ARC-WALL-FRAME,Partition L01 Corridor N wall 3,L01,L01-Z3,interiors,mep_roughin,22.8,m2,84,85,,,T000607;T000624;T000671;T001057;T001058
3xQgHLy1erMJy80dOPCwgC,T000691,FIR-STOP-INSTALL,Partition L01 Corridor N wall 3,L01,L01-Z3,interiors,mep_roughin,3.42,ea,90,91,,,T000605;T000629;T000631;T000657;T000684;T000690
3xQgHLy1erMJy80dOPCwgC,T000692,ARC-WALL-BOARD,Partition L01 Corridor N wall 3,L01,L01-Z3,interiors,interiors,22.8,m2,95,96,,,T000658;T000685;T000690;T000691
3xeqFjQvdxXFBKc5RfIBVj,T000693,STR-COL-POUR,Column C-0-2 L01,L01,L01-Z3,concrete,superstructure,0.95,m3,40,41,,,T000177
0AFckLs0Vc5buH_ejQC5U4,T000694,ARC-WINDOW-INSTALL,Window L01 E-2,L01,L01-Z4,envelope,envelope,1.0,ea,83,84,,,T000695
0Np2o_8FQFNN0veF5GQKBW,T000695,ARC-EXTWALL-BUILD,External wall L01 E-2,L01,L01-Z4,envelope,envelope,22.8,m2,68,70,,,T000762;T001175
0SnjMMUej3jIO$dM_4B7TS,T000696,STR-COL-POUR,Column C-5-2 L01,L01,L01-Z4,concrete,superstructure,0.95,m3,42,43,,,T000272
0_iAQlcbevx3JLjtr2a_Um,T000697,ARC-WALL-FRAME,Partition L01 Room wall 6-3,L01,L01-Z4,interiors,mep_roughin,22.8,m2,86,87,,,T000695;T000738;T000757;T000762;T000765;T000788;T001175;T001176
0_iAQlcbevx3JLjtr2a_Um,T000698,FIR-STOP-INSTALL,Partition L01 Room wall 6-3,L01,L01-Z4,interiors,mep_roughin,3.42,ea,95,96,,,T000697;T000757;T000765;T000788
0_iAQlcbevx3JLjtr2a_Um,T000699,ARC-WALL-BOARD,Partition L01 Room wall 6-3,L01,L01-Z4,interiors,interiors,22.8,m2,97,98,,,T000697;T000698;T000757;T000765;T000788
0_yn6K8X2oX8OPPwTBGejL,T000700,PLB-PIPE-INSTALL,Chilled water pipe L01 3,L01,L01-Z4,plumbing,mep_roughin,12.0,m,89,90,,,T000710;T000720;T001160;T001161
0aiqXn_y4MZpIp4ogU6yYl,T000701,STR-COL-POUR,Column C-7-3 L01,L01,L01-Z4,concrete,superstructure,0.95,m3,10,11,,,T000302
0cpBAK$YLsJxoz6Y5jTFXB,T000702,MEP-DIFFUSER-SET,Air terminal L01 4-2,L01,L01-Z4,mechanical,mep_finish,1.0,ea,108,109,,,T000596;T000605;T000629;T000632;T000640;T000646;T000655;T000663;T000706;T000716;T000727;T000732;T000739;T000744;T000747;T000751;T000776
0cpBAK$YLsJxoz6Y5jTFXB,T000703,CX-AIR-BALANCE,Air terminal L01 4-2,L01,L01-Z4,commissioning,commissioning,1.0,ea,115,116,,,T000523;T000596;T000605;T000629;T000632;T000640;T000646;T000655;T000663;T000702;T000716;T000727;T000732;T000739;T000744;T000747;T000751;T000776
0iPMajf_vAmaxILhrp9AKh,T000704,STR-BEAM-POUR,Edge beam L01 7-2z,L01,L01-Z4,concrete,superstructure,1.44,m3,42,43,,,T000717
0l3JMGArF7u7eCZO2geLk1,T000705,ARC-DOOR-INSTALL,Door L01 Corridor N wall 5,L01,L01-Z4,interiors,interiors,1.0,ea,109,110,,,T000741;T000743
0rLkWOZ3_eL6UdXvth5YwA,T000706,ARC-CEILING-CLOSE,Ceiling L01 4-2,L01,L01-Z4,interiors,interiors,259.2,m2,104,108,,,T000698;T000699;T000700;T000708;T000709;T000711;T000712;T000714;T000716;T000718;T000719;T000721;T000722;T000725;T000726;T000727;T000728;T000729;T000730;T000732;T000733;T000735;T000736;T000739;T000740;T000742;T000743;T000744;T000747;T000749;T000751;T000755;T000757;T000765;T000771;T000772;T000774;T000775;T000776;T000777;T000783;T000784;T000785;T000788;T000796;T000797;T000798;T000799;T000800
0xBEBNBNe2L1RlwAVdOGd6,T000707,ARC-WALL-FRAME,Partition L01 Corridor N wall 6,L01,L01-Z4,interiors,mep_roughin,22.8,m2,85,86,,,T000695;T000738;T000757;T000762;T000765;T000788;T001175;T001176
0xBEBNBNe2L1RlwAVdOGd6,T000708,FIR-STOP-INSTALL,Partition L01 Corridor N wall 6,L01,L01-Z4,interiors,mep_roughin,3.42,ea,95,96,,,T000707;T000716;T000718;T000719;T000729;T000735;T000749;T000751;T000755;T000757;T000765;T000788
0xBEBNBNe2L1RlwAVdOGd6,T000709,ARC-WALL-BOARD,Partition L01 Corridor N wall 6,L01,L01-Z4,interiors,interiors,22.8,m2,97,98,,,T000707;T000708;T000719;T000730;T000736;T000749;T000755;T000757;T000765;T000788;T000800
0xK8iSi1OZasdlpWP9JDRZ,T000710,ARC-WALL-FRAME,Partition L01 Corridor S wall 4,L01,L01-Z4,interiors,mep_roughin,22.8,m2,85,86,,,T000695;T000738;T000757;T000765;T000788;T000793;T001160;T001161
0xK8iSi1OZasdlpWP9JDRZ,T000711,FIR-STOP-INSTALL,Partition L01 Corridor S wall 4,L01,L01-Z4,interiors,mep_roughin,3.42,ea,95,96,,,T000700;T000710;T000714;T000727;T000728;T000739;T000757;T000765;T000788;T000798
0xK8iSi1OZasdlpWP9JDRZ,T000712,ARC-WALL-BOARD,Partition L01 Corridor S wall 4,L01,L01-Z4,interiors,interiors,22.8,m2,97,98,,,T000700;T000710;T000711;T000714;T000733;T000757;T000765;T000788;T000798
0z0gPGhMf72IIEk9loChcf,T000713,STR-COL-POUR,Column C-6-2 L01,L01,L01-Z4,concrete,superstructure,0.95,m3,42,43,,,T000294
13vZm98x$$nJt$JGeP$4e0,T000714,PLB-PIPE-INSTALL,Cold water pipe L01 3,L01,L01-Z4,plumbing,mep_roughin,12.0,m,89,90,,,T000710;T000720;T001160;T001161
14nJQtiaQhYBQXRxX4ENyH,T000715,ARC-DOOR-INSTALL,Door L01 Corridor S wall 7,L01,L01-Z4,interiors,interiors,1.0,ea,109,110,,,T000770;T000772
1IgDb2dOMODNSbItp7q2yJ,T000716,MEP-DUCT-INSTALL,Supply duct L01 7,L01,L01-Z4,mechanical,mep_roughin,6.0,m,90,91,,,T000707;T000795;T001175;T001176
1Kt_eMjSMmdbGM0o4NeSD$,T000717,STR-COL-POUR,Column C-7-2 L01,L01,L01-Z4,concrete,superstructure,0.95,m3,10,11,,,T000225
1RqLCsf9cUIULfkVQedYrF,T000718,MEP-TRAY-INSTALL,Cable tray L01 7,L01,L01-Z4,electrical,mep_roughin,6.0,m,88,89,,,T000707;T000795;T001175;T001176
1Ul6Y3knmgw43FLZMhlYWN,T000719,PLB-PIPE-INSTALL,Cold water pipe L01 4,L01,L01-Z4,plumbing,mep_roughin,12.0,m,89,90,,,T000707;T000795;T001175;T001176
1XDGngZyQL0TRBIILy0f96,T000720,ARC-WALL-FRAME,Partition L01 Corridor N wall 4,L01,L01-Z4,interiors,mep_roughin,22.8,m2,85,86,,,T000695;T000738;T000757;T000765;T000788;T000793;T001160;T001161
1XDGngZyQL0TRBIILy0f96,T000721,FIR-STOP-INSTALL,Partition L01 Corridor N wall 4,L01,L01-Z4,interiors,mep_roughin,3.42,ea,95,96,,,T000700;T000714;T000720;T000727;T000728;T000739;T000757;T000765;T000788;T000798
1XDGngZyQL0TRBIILy0f96,T000722,ARC-WALL-BOARD,Partition L01 Corridor N wall 4,L01,L01-Z4,interiors,interiors,22.8,m2,97,98,,,T000700;T000714;T000720;T000721;T000733;T000757;T000765;T000788;T000798
1eebYoYukvqLN2GUWAQLoD,T000723,STR-BEAM-POUR,Edge beam L01 7-3z,L01,L01-Z4,concrete,superstructure,1.44,m3,42,43,,,T000701
1usyfcFUomnyjdeARLZItu,T000724,ARC-WALL-FRAME,Partition L01 Corridor S wall 5,L01,L01-Z4,interiors,mep_roughin,22.8,m2,84,85,,,T000695;T000738;T000757;T000765;T000788;T000793;T001160;T001161
1usyfcFUomnyjdeARLZItu,T000725,FIR-STOP-INSTALL,Partition L01 Corridor S wall 5,L01,L01-Z4,interiors,mep_roughin,3.42,ea,95,96,,,T000724;T000732;T000747;T000757;T000765;T000785;T000788
1usyfcFUomnyjdeARLZItu,T000726,ARC-WALL-BOARD,Partition L01 Corridor S wall 5,L01,L01-Z4,interiors,interiors,22.8,m2,98,99,,,T000724;T000725;T000757;T000765;T000788
1w9fRCMRWhj6tNtD__sIQX,T000727,MEP-DUCT-INSTALL,Return duct L01 5,L01,L01-Z4,mechanical,mep_roughin,6.0,m,90,91,,,T000710;T000720;T001160;T001161
1ypBwMNizxfXkYzHmJ4fIB,T000728,MEP-TRAY-INSTALL,Cable tray L01 5,L01,L01-Z4,electrical,mep_roughin,6.0,m,88,89,,,T000710;T000720;T001160;T001161
22f_aXS0OdF9EzzL6PgUY4,T000729,MED-GAS-PIPE-INSTALL,Oxygen line L01 3,L01,L01-Z4,plumbing,mep_roughin,18.0,m,89,90,,,T000244;T000707;T000780;T000795;T001175;T001176
22f_aXS0OdF9EzzL6PgUY4,T000730,MED-GAS-TEST,Oxygen line L01 3,L01,L01-Z4,plumbing,mep_roughin,18.0,m,93,94,,,T000729
22f_aXS0OdF9EzzL6PgUY4,T000731,MED-GAS-CERT,Oxygen line L01 3,L01,L01-Z4,commissioning,commissioning,18.0,m,115,117,,,T000240;T000245;T000657;T000687;T000729;T000730;T001095;T001104;T001147
25EUc0vOhcUzHq5RTlF6Dl,T000732,MEP-DUCT-INSTALL,Supply duct L01 6,L01,L01-Z4,mechanical,mep_roughin,6.0,m,90,91,,,T000724;T000741;T001160;T001161
2Ew8iKQB2JLi3BcPzZO7P0,T000733,ELE-CABLE-PULL,Power cable L01 3,L01,L01-Z4,electrical,mep_roughin,12.0,m,89,90,,,T000678;T000728
2G0SYpT5tHXozJu8s28Bc9,T000734,ELE-LIGHT-INSTALL,Light fixture L01 6-2,L01,L01-Z4,electrical,mep_finish,1.0,ea,108,109,,,T000678;T000706;T000718;T000728;T000785;T000799;T000800
2GUipKHgsr7frvuZcLH$hh,T000735,MED-GAS-PIPE-INSTALL,Medical air line L01 3,L01,L01-Z4,plumbing,mep_roughin,18.0,m,89,90,,,T000220;T000707;T000780;T000795;T001175;T001176
2GUipKHgsr7frvuZcLH$hh,T000736,MED-GAS-TEST,Medical air line L01 3,L01,L01-Z4,plumbing,mep_roughin,18.0,m,93,94,,,T000735
2GUipKHgsr7frvuZcLH$hh,T000737,MED-GAS-CERT,Medical air line L01 3,L01,L01-Z4,commissioning,commissioning,18.0,m,115,117,,,T000216;T000221;T000608;T000684;T000735;T000736;T001112;T001129;T001212
2ISZ1CmSmDFMd_CiaYC6Le,T000738,ARC-EXTWALL-BUILD,External wall L01 E-3,L01,L01-Z4,envelope,envelope,22.8,m2,68,70,,,T000762;T001175
2U$ost5CEGs25O7QknoB3n,T000739,MEP-DUCT-INSTALL,Supply duct L01 5,L01,L01-Z4,mechanical,mep_roughin,6.0,m,90,91,,,T000710;T000720;T001160;T001161
2WkY64sWdlaxhIP9EHOJva,T000740,FIR-SPRINK-INSTALL,Sprinkler main L01,L01,L01-Z4,plumbing,mep_roughin,12.0,ea,84,85,,,T000762;T000793;T001160;T001161
2gClW1Y4Zzo5WZ73yw_MyD,T000741,ARC-WALL-FRAME,Partition L01 Corridor N wall 5,L01,L01-Z4,interiors,mep_roughin,22.8,m2,85,86,,,T000695;T000738;T000757;T000765;T000788;T000793;T001160;T001161
2gClW1Y4Zzo5WZ73yw_MyD,T000742,FIR-STOP-INSTALL,Partition L01 Corridor N wall 5,L01,L01-Z4,interiors,mep_roughin,3.42,ea,95,96,,,T000732;T000741;T000747;T000757;T000765;T000785;T000788
2gClW1Y4Zzo5WZ73yw_MyD,T000743,ARC-WALL-BOARD,Partition L01 Corridor N wall 5,L01,L01-Z4,interiors,interiors,22.8,m2,98,99,,,T000741;T000742;T000757;T000765;T000788
2hFWOYpJUdY53LzS00ton8,T000744,MEP-DUCT-INSTALL,Return duct L01 8,L01,L01-Z4,mechanical,mep_roughin,6.0,m,90,91,,,T000770;T000773;T001175;T001176
2qT7nryUycAo4IFvMLROG5,T000745,STR-COL-POUR,Column C-5-3 L01,L01,L01-Z4,concrete,superstructure,0.95,m3,42,43,,,T000189
2z_ifnYN3eS3Z7yjTKCVUY,T000746,STR-COL-POUR,Column C-4-2 L01,L01,L01-Z4,concrete,superstructure,0.95,m3,42,43,,,T000305
326l8baN2vWLprmbwBbIkn,T000747,MEP-DUCT-INSTALL,Return duct L01 6,L01,L01-Z4,mechanical,mep_roughin,6.0,m,90,91,,,T000724;T000741;T001160;T001161
3AtPIXe8BnofZw1rErJICD,T000748,STR-COL-POUR,Column C-6-3 L01,L01,L01-Z4,concrete,superstructure,0.95,m3,42,43,,,T000258
3DxAx1QLDAK0mESsUeGx$i,T000749,PLB-PIPE-INSTALL,Chilled water pipe L01 4,L01,L01-Z4,plumbing,mep_roughin,12.0,m,90,91,,,T000707;T000795;T001175;T001176
3Ejs5$VM_aSgmjDwoNb5ra,T000750,ELE-LIGHT-INSTALL,Light fixture L01 4-2,L01,L01-Z4,electrical,mep_finish,1.0,ea,108,109,,,T000678;T000706;T000718;T000728;T000733;T000785;T000799
3Fwr3uMRdTSfkVH2a0iqFI,T000751,MEP-DUCT-INSTALL,Return duct L01 7,L01,L01-Z4,mechanical,mep_roughin,6.0,m,90,91,,,T000707;T000795;T001175;T001176
3NipzGX1JGImY6lVrwNujx,T000752,ARC-WINDOW-INSTALL,Window L01 E-3,L01,L01-Z4,envelope,envelope,1.0,ea,83,84,,,T000738
3Nv2_ihAl8MHcoJEPfbAj$,T000753,ARC-FLOOR-FINISH,Floor finish L01 4-2,L01,L01-Z4,finishes,interiors,259.2,m2,108,115,,,T000699;T000706;T000709;T000712;T000722;T000726;T000743;T000762;T000772;T000775;T000784;T000793;T000797
3Nv2_ihAl8MHcoJEPfbAj$,T000754,GEN-HANDOVER-DOC,Floor finish L01 4-2,L01,L01-Z4,commissioning,handover,1.0,ea,171,172,,,T000703;T000731;T000737;T000753;T000759;T000768;T000787;T000790
3UpI1k0mIALNSifKBok1gv,T000755,PLB-PIPE-INSTALL,Heating water pipe L01 4,L01,L01-Z4,plumbing,mep_roughin,12.0,m,90,91,,,T000707;T000795;T001175;T001176
3WFtiM3kxisROmlM1PukO0,T000756,ARC-DOOR-INSTALL,Door L01 Corridor S wall 5,L01,L01-Z4,interiors,interiors,1.0,ea,109,110,,,T000724;T000726
3ZXGKW0gxJ5Jf6c_j9eSN8,T000757,GEN-ICRA-SETUP,Slab L01 S-6-2,L01,L01-Z4,icra,mobilise,1.0,ea,3,4,,,
3ZXGKW0gxJ5Jf6c_j9eSN8,T000758,GEN-HEPA-CLEAN,Slab L01 S-6-2,L01,L01-Z4,icra,icra_closeout,144.0,m2,160,161,,,T000703;T000706;T000753;T000757;T000765;T000787;T000788
3ZXGKW0gxJ5Jf6c_j9eSN8,T000759,GEN-ICRA-CLOSEOUT,Slab L01 S-6-2,L01,L01-Z4,icra,icra_closeout,1.0,ea,165,166,,,T000757;T000758;T000765;T000767;T000788;T000789
3ZXGKW0gxJ5Jf6c_j9eSN8,T000760,STR-SLAB-FORM,Slab L01 S-6-2,L01,L01-Z4,concrete,superstructure,144.0,m2,15,20,,,T000185;T000199;T000252;T000253
3ZXGKW0gxJ5Jf6c_j9eSN8,T000761,STR-SLAB-REBAR,Slab L01 S-6-2,L01,L01-Z4,concrete,superstructure,3.96,t,28,30,,,T000760
3ZXGKW0gxJ5Jf6c_j9eSN8,T000762,STR-SLAB-POUR,Slab L01 S-6-2,L01,L01-Z4,concrete,superstructure,36.0,m3,34,37,,,T000185;T000199;T000252;T000253;T000761
3ZXGKW0gxJ5Jf6c_j9eSN8,T000763,STR-SLAB-STRIKE,Slab L01 S-6-2,L01,L01-Z4,concrete,superstructure,144.0,m2,60,62,,,T000762
,T000764,GEN-PERMIT-WORK,Permit to work · L01 zone 4,L01,L01-Z4,commissioning,mobilise,1.0,ea,0,1,,,
,T000765,GEN-ICRA-SETUP,Erect ICRA barrier and negative air · L01 zone 4,L01,L01-Z4,icra,mobilise,1.0,ea,3,4,,,T000764
,T000766,GEN-PRECOMM-CHECK,Pre-commissioning checks · L01 zone 4,L01,L01-Z4,commissioning,mep_finish,1.0,ea,109,110,,,T000702;T000734;T000750;T000765;T000786
,T000767,GEN-HEPA-CLEAN,HEPA terminal clean · L01 zone 4,L01,L01-Z4,icra,icra_closeout,1.0,ea,160,161,,,T000703;T000706;T000753;T000757;T000765;T000766;T000787;T000788
,T000768,GEN-ICRA-CLOSEOUT,ICRA clearance and barrier removal · L01 zone 4,L01,L01-Z4,icra,icra_closeout,1.0,ea,166,167,,,T000757;T000758;T000765;T000767;T000788;T000789
3_XBnNlmlNv5XuxXSY7JCA,T000769,STR-COL-POUR,Column C-4-3 L01,L01,L01-Z4,concrete,superstructure,0.95,m3,42,43,,,T000204
3aMZHeqSOYPMbXuXB_jkiv,T000770,ARC-WALL-FRAME,Partition L01 Corridor S wall 7,L01,L01-Z4,interiors,mep_roughin,22.8,m2,85,86,,,T000695;T000738;T000757;T000762;T000765;T000788;T001175;T001176
3aMZHeqSOYPMbXuXB_jkiv,T000771,FIR-STOP-INSTALL,Partition L01 Corridor S wall 7,L01,L01-Z4,interiors,mep_roughin,3.42,ea,95,96,,,T000744;T000757;T000765;T000770;T000776;T000788;T000799
3aMZHeqSOYPMbXuXB_jkiv,T000772,ARC-WALL-BOARD,Partition L01 Corridor S wall 7,L01,L01-Z4,interiors,interiors,22.8,m2,98,99,,,T000757;T000765;T000770;T000771;T000788
3flm4fDj1KryghCNjdKxN2,T000773,ARC-WALL-FRAME,Partition L01 Corridor N wall 7,L01,L01-Z4,interiors,mep_roughin,22.8,m2,85,86,,,T000695;T000738;T000757;T000762;T000765;T000788;T001175;T001176
3flm4fDj1KryghCNjdKxN2,T000774,FIR-STOP-INSTALL,Partition L01 Corridor N wall 7,L01,L01-Z4,interiors,mep_roughin,3.42,ea,95,96,,,T000744;T000757;T000765;T000773;T000776;T000788;T000799
3flm4fDj1KryghCNjdKxN2,T000775,ARC-WALL-BOARD,Partition L01 Corridor N wall 7,L01,L01-Z4,interiors,interiors,22.8,m2,98,99,,,T000757;T000765;T000773;T000774;T000788
3h3IpjItYBmmiq9R1zsCIO,T000776,MEP-DUCT-INSTALL,Supply duct L01 8,L01,L01-Z4,mechanical,mep_roughin,6.0,m,90,91,,,T000770;T000773;T001175;T001176
3jfkndGR3X9J3Iz6sFkKzT,T000777,MEP-FITTING-INSTALL,Fire damper L01 2,L01,L01-Z4,mechanical,mep_roughin,1.0,ea,91,92,,,T000732;T000747;T000780
,T000778,GEN-PERMIT-WORK,Permit to work · L01 zone 4,L01,L01-Z4,commissioning,mobilise,1.0,ea,0,1,,,
,T000779,GEN-UTIL-LOCATE,Locate and mark buried utilities · L01 zone 4,L01,L01-Z4,concrete,mobilise,1.0,ea,1,2,,,T000778
,T000780,GEN-PERMIT-HOT,Hot work permit and fire watch · L01 zone 4,L01,L01-Z4,commissioning,mobilise,1.0,ea,2,3,,,T000779
,T000781,GEN-HYDROTEST,System hydrotest or pressure test · L01 zone 4,L01,L01-Z4,plumbing,mep_roughin,1.0,ea,94,95,,,T000777
3k6lWshb3YMbjr2vfc4Ej4,T000782,ARC-WALL-FRAME,Partition L01 Room wall 4-3,L01,L01-Z4,interiors,mep_roughin,22.8,m2,86,87,,,T000695;T000738;T000757;T000765;T000788;T000793;T001160;T001161
3k6lWshb3YMbjr2vfc4Ej4,T000783,FIR-STOP-INSTALL,Partition L01 Room wall 4-3,L01,L01-Z4,interiors,mep_roughin,3.42,ea,95,96,,,T000740;T000757;T000765;T000782;T000788
3k6lWshb3YMbjr2vfc4Ej4,T000784,ARC-WALL-BOARD,Partition L01 Room wall 4-3,L01,L01-Z4,interiors,interiors,22.8,m2,99,100,,,T000757;T000765;T000782;T000783;T000788
3mUDo6NuFyM8wRPuRN3fNM,T000785,MEP-TRAY-INSTALL,Cable tray L01 6,L01,L01-Z4,electrical,mep_roughin,6.0,m,88,89,,,T000724;T000741;T001160;T001161
3nVXs3YvdJ8u1JhDnIKjVq,T000786,MEP-DIFFUSER-SET,Air terminal L01 6-2,L01,L01-Z4,mechanical,mep_finish,1.0,ea,108,109,,,T000596;T000605;T000629;T000632;T000640;T000646;T000655;T000663;T000706;T000716;T000727;T000732;T000739;T000744;T000747;T000751;T000776
3nVXs3YvdJ8u1JhDnIKjVq,T000787,CX-AIR-BALANCE,Air terminal L01 6-2,L01,L01-Z4,commissioning,commissioning,1.0,ea,115,116,,,T000523;T000596;T000605;T000629;T000632;T000640;T000646;T000655;T000663;T000716;T000727;T000732;T000739;T000744;T000747;T000751;T000776;T000786
3nre61WPuSlPObvM9NMFm5,T000788,GEN-ICRA-SETUP,Slab L01 S-4-2,L01,L01-Z4,icra,mobilise,1.0,ea,3,4,,,
3nre61WPuSlPObvM9NMFm5,T000789,GEN-HEPA-CLEAN,Slab L01 S-4-2,L01,L01-Z4,icra,icra_closeout,144.0,m2,160,161,,,T000703;T000706;T000753;T000757;T000765;T000787;T000788
3nre61WPuSlPObvM9NMFm5,T000790,GEN-ICRA-CLOSEOUT,Slab L01 S-4-2,L01,L01-Z4,icra,icra_closeout,1.0,ea,166,167,,,T000757;T000758;T000765;T000767;T000788;T000789
3nre61WPuSlPObvM9NMFm5,T000791,STR-SLAB-FORM,Slab L01 S-4-2,L01,L01-Z4,concrete,superstructure,144.0,m2,25,30,,,T000215;T000226;T000308;T000310
3nre61WPuSlPObvM9NMFm5,T000792,STR-SLAB-REBAR,Slab L01 S-4-2,L01,L01-Z4,concrete,superstructure,3.96,t,32,34,,,T000791
3nre61WPuSlPObvM9NMFm5,T000793,STR-SLAB-POUR,Slab L01 S-4-2,L01,L01-Z4,concrete,superstructure,36.0,m3,37,40,,,T000215;T000226;T000308;T000310;T000792
3nre61WPuSlPObvM9NMFm5,T000794,STR-SLAB-STRIKE,Slab L01 S-4-2,L01,L01-Z4,concrete,superstructure,144.0,m2,60,62,,,T000793
3r78OIYAMu5ZPqM0dZiFhx,T000795,ARC-WALL-FRAME,Partition L01 Corridor S wall 6,L01,L01-Z4,interiors,mep_roughin,22.8,m2,85,86,,,T000695;T000738;T000757;T000762;T000765;T000788;T001175;T001176
3r78OIYAMu5ZPqM0dZiFhx,T000796,FIR-STOP-INSTALL,Partition L01 Corridor S wall 6,L01,L01-Z4,interiors,mep_roughin,3.42,ea,95,96,,,T000716;T000718;T000719;T000729;T000735;T000749;T000751;T000755;T000757;T000765;T000788;T000795
3r78OIYAMu5ZPqM0dZiFhx,T000797,ARC-WALL-BOARD,Partition L01 Corridor S wall 6,L01,L01-Z4,interiors,interiors,22.8,m2,99,100,,,T000719;T000730;T000736;T000749;T000755;T000757;T000765;T000788;T000795;T000796;T000800
3uTsTVEMeq3hTv2$spFwz7,T000798,PLB-PIPE-INSTALL,Heating water pipe L01 3,L01,L01-Z4,plumbing,mep_roughin,12.0,m,90,91,,,T000710;T000720;T001160;T001161
3x$SKobV2gXW$ENvu0NMu8,T000799,MEP-TRAY-INSTALL,Cable tray L01 8,L01,L01-Z4,electrical,mep_roughin,6.0,m,88,89,,,T000770;T000773;T001175;T001176
3yAQ$BEIo6JJEQKFwqxH6E,T000800,ELE-CABLE-PULL,Power cable L01 4,L01,L01-Z4,electrical,mep_roughin,12.0,m,89,90,,,T000678;T000718
01yGM1SWdZsmiwWRxcoD0l,T000801,STR-COL-POUR,Column C-3-4 L01,L01,L01-Z5,concrete,superstructure,0.95,m3,42,43,,,T000374
0F9k4PgPgWcZOHX1caipp1,T000802,ARC-WINDOW-INSTALL,Window L01 N-0,L01,L01-Z5,envelope,envelope,1.0,ea,83,84,,,T000848
0GX50pxICYAuYqDSfNomXs,T000803,MEP-DIFFUSER-SET,Air terminal L01 2-4,L01,L01-Z5,mechanical,mep_finish,1.0,ea,109,110,,,T000596;T000605;T000629;T000632;T000640;T000646;T000655;T000663;T000716;T000727;T000732;T000739;T000744;T000747;T000751;T000776;T000820
0GX50pxICYAuYqDSfNomXs,T000804,CX-AIR-BALANCE,Air terminal L01 2-4,L01,L01-Z5,commissioning,commissioning,1.0,ea,117,118,,,T000523;T000596;T000605;T000629;T000632;T000640;T000646;T000655;T000663;T000716;T000727;T000732;T000739;T000744;T000747;T000751;T000776;T000803
0LkZc$IXFCse4ObZ3rp8yz,T000805,ELE-LIGHT-INSTALL,Light fixture L01 0-4,L01,L01-Z5,electrical,mep_finish,1.0,ea,109,110,,,T000678;T000820
0YHrDFaED$PPXPjqbK5$Qz,T000806,STR-COL-POUR,Column C-3-5 L01,L01,L01-Z5,concrete,superstructure,0.95,m3,10,11,,,T000350
0YJujMR4Ru6Dndu606mPVl,T000807,ARC-WINDOW-INSTALL,Window L01 N-3,L01,L01-Z5,envelope,envelope,1.0,ea,83,84,,,T000824
0aqWO00F0mQeqkDJsWXskZ,T000808,STR-BEAM-POUR,Edge beam L01 2-5x,L01,L01-Z5,concrete,superstructure,1.44,m3,42,43,,,T000810
0hcdZ_CTHcufYrBOuRq_l7,T000809,STR-COL-POUR,Column C-0-4 L01,L01,L01-Z5,concrete,superstructure,0.95,m3,10,11,,,T000332
0k4mW66D26ErumFWyJQ1cr,T000810,STR-COL-POUR,Column C-2-5 L01,L01,L01-Z5,concrete,superstructure,0.95,m3,10,11,,,T000323
0nWa3lv_5bOfACL08QRsDQ,T000811,STR-SLAB-FORM,Slab L01 S-2-4,L01,L01-Z5,concrete,superstructure,144.0,m2,20,25,,,T000313;T000324;T000333;T000360
0nWa3lv_5bOfACL08QRsDQ,T000812,STR-SLAB-REBAR,Slab L01 S-2-4,L01,L01-Z5,concrete,superstructure,3.96,t,30,32,,,T000811
0nWa3lv_5bOfACL08QRsDQ,T000813,STR-SLAB-POUR,Slab L01 S-2-4,L01,L01-Z5,concrete,superstructure,36.0,m3,34,37,,,T000313;T000324;T000333;T000360;T000812
0nWa3lv_5bOfACL08QRsDQ,T000814,STR-SLAB-STRIKE,Slab L01 S-2-4,L01,L01-Z5,concrete,superstructure,144.0,m2,68,70,,,T000813
185cbwhtHh_jOLp2TSGR2L,T000815,STR-COL-POUR,Column C-1-5 L01,L01,L01-Z5,concrete,superstructure,0.95,m3,11,12,,,T000319
18dpH3MOP7V4w6kPZlxoF3,T000816,STR-COL-POUR,Column C-1-4 L01,L01,L01-Z5,concrete,superstructure,0.95,m3,42,43,,,T000328
1EVjKQqDTRyq0hNV5WfCpg,T000817,MEP-DIFFUSER-SET,Air terminal L01 0-4,L01,L01-Z5,mechanical,mep_finish,1.0,ea,109,110,,,T000596;T000605;T000629;T000632;T000640;T000646;T000655;T000663;T000716;T000727;T000732;T000739;T000744;T000747;T000751;T000776;T000820
1EVjKQqDTRyq0hNV5WfCpg,T000818,CX-AIR-BALANCE,Air terminal L01 0-4,L01,L01-Z5,commissioning,commissioning,1.0,ea,117,118,,,T000523;T000596;T000605;T000629;T000632;T000640;T000646;T000655;T000663;T000716;T000727;T000732;T000739;T000744;T000747;T000751;T000776;T000817
1WSyolcksNYDuuKHjt0jPE,T000819,ARC-EXTWALL-BUILD,External wall L01 W-5,L01,L01-Z5,envelope,envelope,22.8,m2,68,70,,,T000829;T001269
1_aYAvAeE2GDV9Ml8JUB91,T000820,ARC-CEILING-CLOSE,Ceiling L01 0-4,L01,L01-Z5,interiors,interiors,259.2,m2,105,109,,,T000834;T000835;T000843;T000844
1a5Horg4KPzYFr_$GfpnGE,T000821,ARC-WINDOW-INSTALL,Window L01 W-5,L01,L01-Z5,envelope,envelope,1.0,ea,83,84,,,T000819
1d1$jhSrspcf24HJgomQo8,T000822,ARC-EXTWALL-BUILD,External wall L01 N-1,L01,L01-Z5,envelope,envelope,22.8,m2,68,70,,,T000829;T001269
1dPwZP0Iv8pVg_wx5Bawic,T000823,ARC-EXTWALL-BUILD,External wall L01 N-2,L01,L01-Z5,envelope,envelope,22.8,m2,68,70,,,T000813;T001276
1fx_x8AVuHyZKL2CMbFoL9,T000824,ARC-EXTWALL-BUILD,External wall L01 N-3,L01,L01-Z5,envelope,envelope,22.8,m2,68,70,,,T000813;T001276
1l_vMyiiKXBa3n6KRSSQYq,T000825,STR-COL-POUR,Column C-2-4 L01,L01,L01-Z5,concrete,superstructure,0.95,m3,42,43,,,T000377
1oudmdBfhXe6EFHN7zkVm5,T000826,ELE-LIGHT-INSTALL,Light fixture L01 2-4,L01,L01-Z5,electrical,mep_finish,1.0,ea,109,110,,,T000678;T000820
1rpBiSRggkbRy1EivUV5fm,T000827,STR-SLAB-FORM,Slab L01 S-0-4,L01,L01-Z5,concrete,superstructure,144.0,m2,20,25,,,T000312;T000334;T000338;T000345
1rpBiSRggkbRy1EivUV5fm,T000828,STR-SLAB-REBAR,Slab L01 S-0-4,L01,L01-Z5,concrete,superstructure,3.96,t,30,32,,,T000827
1rpBiSRggkbRy1EivUV5fm,T000829,STR-SLAB-POUR,Slab L01 S-0-4,L01,L01-Z5,concrete,superstructure,36.0,m3,36,39,,,T000312;T000334;T000338;T000345;T000828
1rpBiSRggkbRy1EivUV5fm,T000830,STR-SLAB-STRIKE,Slab L01 S-0-4,L01,L01-Z5,concrete,superstructure,144.0,m2,72,74,,,T000829
24G12cmPymn4YmgksqhGiX,T000831,ARC-FLOOR-FINISH,Floor finish L01 0-4,L01,L01-Z5,finishes,interiors,298.08,m2,109,117,,,T000813;T000820;T000829;T000835;T000844
24G12cmPymn4YmgksqhGiX,T000832,GEN-HANDOVER-DOC,Floor finish L01 0-4,L01,L01-Z5,commissioning,handover,1.0,ea,171,172,,,T000804;T000818;T000831
2Hpfaso9i_3SMUlkh0o9TH,T000833,ARC-WALL-FRAME,Partition L01 Room wall 2-4,L01,L01-Z5,interiors,mep_roughin,22.8,m2,86,87,,,T000813;T000819;T000822;T000823;T000824;T000836;T000848;T001276;T001277
2Hpfaso9i_3SMUlkh0o9TH,T000834,FIR-STOP-INSTALL,Partition L01 Room wall 2-4,L01,L01-Z5,interiors,mep_roughin,3.42,ea,95,96,,,T000833
2Hpfaso9i_3SMUlkh0o9TH,T000835,ARC-WALL-BOARD,Partition L01 Room wall 2-4,L01,L01-Z5,interiors,interiors,22.8,m2,99,100,,,T000833;T000834
2ZsTdBdqeBA9UBL7Aa$1sH,T000836,ARC-EXTWALL-BUILD,External wall L01 W-4,L01,L01-Z5,envelope,envelope,22.8,m2,69,71,,,T000829;T001269
2kpZvNGTCYUtmPIJy1Mr$H,T000837,STR-BEAM-POUR,Edge beam L01 0-4z,L01,L01-Z5,concrete,superstructure,1.44,m3,43,44,,,T000809
3$Fp1O0siV5vLSM9kHj6s$,T000838,ARC-WINDOW-INSTALL,Window L01 W-4,L01,L01-Z5,envelope,envelope,1.0,ea,83,84,,,T000836
34FBzG0trl5sTzmiCsHWzT,T000839,STR-BEAM-POUR,Edge beam L01 1-5x,L01,L01-Z5,concrete,superstructure,1.44,m3,43,44,,,T000815
3LSqINXLhw8TmnGD2PrJCM,T000840,STR-BEAM-POUR,Edge beam L01 0-5x,L01,L01-Z5,concrete,superstructure,1.44,m3,43,44,,,T000847
3MrVMtwnNCo5UKZb8R$qFl,T000841,ARC-WINDOW-INSTALL,Window L01 N-2,L01,L01-Z5,envelope,envelope,1.0,ea,83,84,,,T000823
3O5RctBhnNsJadnz4XrMKo,T000842,ARC-WALL-FRAME,Partition L01 Room wall 2-5,L01,L01-Z5,interiors,mep_roughin,22.8,m2,86,87,,,T000813;T000819;T000822;T000823;T000824;T000836;T000848;T001276;T001277
3O5RctBhnNsJadnz4XrMKo,T000843,FIR-STOP-INSTALL,Partition L01 Room wall 2-5,L01,L01-Z5,interiors,mep_roughin,3.42,ea,95,96,,,T000842
3O5RctBhnNsJadnz4XrMKo,T000844,ARC-WALL-BOARD,Partition L01 Room wall 2-5,L01,L01-Z5,interiors,interiors,22.8,m2,99,100,,,T000842;T000843
3OyDgvcBLDM4_3NP8naQTb,T000845,ARC-WINDOW-INSTALL,Window L01 N-1,L01,L01-Z5,envelope,envelope,1.0,ea,83,84,,,T000822
3QqzMlzWdioHFTvKCRph6K,T000846,STR-BEAM-POUR,Edge beam L01 3-5x,L01,L01-Z5,concrete,superstructure,1.44,m3,43,44,,,T000806
3pszn04Pl1fO20VSidGDnd,T000847,STR-COL-POUR,Column C-0-5 L01,L01,L01-Z5,concrete,superstructure,0.95,m3,11,12,,,T000363
3vxtql$eYm3MuTX9jAbAZT,T000848,ARC-EXTWALL-BUILD,External wall L01 N-0,L01,L01-Z5,envelope,envelope,22.8,m2,70,72,,,T000829;T001269
02GJi1U6hs1tzba_AsVJNV,T000849,ARC-EXTWALL-BUILD,External wall L01 E-5,L01,L01-Z6,envelope,envelope,22.8,m2,70,72,,,T000903;T001366
063cHcWM6bmmZtt$q6ftXK,T000850,ELE-LIGHT-INSTALL,Light fixture L01 4-4,L01,L01-Z6,electrical,mep_finish,1.0,ea,109,110,,,T000678;T000878
08Xe1ShCtVzinJ61Ky$L9_,T000851,STR-COL-POUR,Column C-7-5 L01,L01,L01-Z6,concrete,superstructure,0.95,m3,11,12,,,T000395
08y63oADXJAndTVauGGL34,T000852,STR-BEAM-POUR,Edge beam L01 7-4z,L01,L01-Z6,concrete,superstructure,1.44,m3,43,44,,,T000883
0IQGBMQUAsxdLPVsMVcavP,T000853,ARC-WINDOW-INSTALL,Window L01 N-5,L01,L01-Z6,envelope,envelope,1.0,ea,83,84,,,T000873
0desk_uh3vdeSO3sGVlXpm,T000854,MEP-DIFFUSER-SET,Air terminal L01 6-4,L01,L01-Z6,mechanical,mep_finish,1.0,ea,109,110,,,T000596;T000605;T000629;T000632;T000640;T000646;T000655;T000663;T000716;T000727;T000732;T000739;T000744;T000747;T000751;T000776;T000878
0desk_uh3vdeSO3sGVlXpm,T000855,CX-AIR-BALANCE,Air terminal L01 6-4,L01,L01-Z6,commissioning,commissioning,1.0,ea,133,134,,,T000523;T000596;T000605;T000629;T000632;T000640;T000646;T000655;T000663;T000716;T000727;T000732;T000739;T000744;T000747;T000751;T000776;T000854
0h9JwgDF7HPANBB0tTQ6An,T000856,ARC-FLOOR-FINISH,Floor finish L01 4-4,L01,L01-Z6,finishes,interiors,259.2,m2,125,132,,,T000860;T000869;T000872;T000878;T000890;T000903;T000909
0h9JwgDF7HPANBB0tTQ6An,T000857,GEN-HANDOVER-DOC,Floor finish L01 4-4,L01,L01-Z6,commissioning,handover,1.0,ea,171,172,,,T000855;T000856;T000875;T000887;T000896;T000900
0hcsp2NWAtEOXcV6lyRtZN,T000858,ARC-WALL-FRAME,Partition L01 Room wall 4-5,L01,L01-Z6,interiors,mep_roughin,22.8,m2,89,90,,,T000849;T000873;T000885;T000890;T000893;T000897;T000898;T000905;T000906;T000912;T001329;T001330
0hcsp2NWAtEOXcV6lyRtZN,T000859,FIR-STOP-INSTALL,Partition L01 Room wall 4-5,L01,L01-Z6,interiors,mep_roughin,3.42,ea,95,96,,,T000858;T000885;T000893;T000898
0hcsp2NWAtEOXcV6lyRtZN,T000860,ARC-WALL-BOARD,Partition L01 Room wall 4-5,L01,L01-Z6,interiors,interiors,22.8,m2,100,101,,,T000858;T000859;T000885;T000893;T000898
0wgcjD0iNpj1Ct_PAJqF_0,T000861,ARC-WINDOW-INSTALL,Window L01 E-4,L01,L01-Z6,envelope,envelope,1.0,ea,83,84,,,T000906
0yoz$GPAMju1YvHqXLs9IE,T000862,PLB-FIXTURE-SET,Sanitary fixture L01 2,L01,L01-Z6,plumbing,mep_finish,1.0,ea,132,133,,,T000856
16QWTzhTtin6xiLlXMdGFT,T000863,PLB-FIXTURE-SET,Sanitary fixture L01 3,L01,L01-Z6,plumbing,mep_finish,1.0,ea,132,133,,,T000856;T000872
1HP_NEvRNP7NOXquDLAbAm,T000864,ARC-WINDOW-INSTALL,Window L01 N-7,L01,L01-Z6,envelope,envelope,1.0,ea,83,84,,,T000897
1Nrhb6DogiT61sKNFMJbNv,T000865,ELE-LIGHT-INSTALL,Light fixture L01 6-4,L01,L01-Z6,electrical,mep_finish,1.0,ea,109,110,,,T000678;T000878
1drglXbxFy69yOFmcq6JHP,T000866,STR-COL-POUR,Column C-6-4 L01,L01,L01-Z6,concrete,superstructure,0.95,m3,43,44,,,T000460
1mFCoRREbMKpqjRrZekDeo,T000867,ARC-WALL-FRAME,Partition L01 Room wall 6-4,L01,L01-Z6,interiors,mep_roughin,22.8,m2,89,90,,,T000849;T000873;T000885;T000893;T000897;T000898;T000903;T000905;T000906;T000912;T001366;T001367
1mFCoRREbMKpqjRrZekDeo,T000868,FIR-STOP-INSTALL,Partition L01 Room wall 6-4,L01,L01-Z6,interiors,mep_roughin,3.42,ea,95,96,,,T000867;T000885;T000893;T000898
1mFCoRREbMKpqjRrZekDeo,T000869,ARC-WALL-BOARD,Partition L01 Room wall 6-4,L01,L01-Z6,interiors,interiors,22.8,m2,100,101,,,T000867;T000868;T000885;T000893;T000898
1p$xavKMpa0gxMCnrrqO3S,T000870,ARC-WALL-FRAME,Partition L01 Room wall 6-5,L01,L01-Z6,interiors,mep_roughin,22.8,m2,89,90,,,T000849;T000873;T000885;T000893;T000897;T000898;T000903;T000905;T000906;T000912;T001366;T001367
1p$xavKMpa0gxMCnrrqO3S,T000871,FIR-STOP-INSTALL,Partition L01 Room wall 6-5,L01,L01-Z6,interiors,mep_roughin,3.42,ea,95,96,,,T000870;T000885;T000893;T000898
1p$xavKMpa0gxMCnrrqO3S,T000872,ARC-WALL-BOARD,Partition L01 Room wall 6-5,L01,L01-Z6,interiors,interiors,22.8,m2,100,101,,,T000870;T000871;T000885;T000893;T000898
25ra3TghVQ6VSmfNu08_8O,T000873,ARC-EXTWALL-BUILD,External wall L01 N-5,L01,L01-Z6,envelope,envelope,22.8,m2,70,72,,,T000890;T001329
2E9yAs7ToQreVqGCXfl7m_,T000874,MEP-DIFFUSER-SET,Air terminal L01 4-4,L01,L01-Z6,mechanical,mep_finish,1.0,ea,109,110,,,T000596;T000605;T000629;T000632;T000640;T000646;T000655;T000663;T000716;T000727;T000732;T000739;T000744;T000747;T000751;T000776;T000878
2E9yAs7ToQreVqGCXfl7m_,T000875,CX-AIR-BALANCE,Air terminal L01 4-4,L01,L01-Z6,commissioning,commissioning,1.0,ea,133,134,,,T000523;T000596;T000605;T000629;T000632;T000640;T000646;T000655;T000663;T000716;T000727;T000732;T000739;T000744;T000747;T000751;T000776;T000874
2EXVsPyDNOJTFGp4ZOIs2P,T000876,ARC-WINDOW-INSTALL,Window L01 E-5,L01,L01-Z6,envelope,envelope,1.0,ea,83,84,,,T000849
2O4TL4kU0KBZpjopP18Bai,T000877,STR-BEAM-POUR,Edge beam L01 5-5x,L01,L01-Z6,concrete,superstructure,1.44,m3,43,44,,,T000882
2OyP$Nya7uN0AMPXIOF9ON,T000878,ARC-CEILING-CLOSE,Ceiling L01 4-4,L01,L01-Z6,interiors,interiors,259.2,m2,105,109,,,T000859;T000860;T000868;T000869;T000871;T000872;T000885;T000893;T000898;T000908;T000909
2U01BE$JB9CWTwbXx6CM5b,T000879,STR-COL-POUR,Column C-4-5 L01,L01,L01-Z6,concrete,superstructure,0.95,m3,11,12,,,T000405
2ZSOwp0XMqD9bhEWWumzVh,T000880,STR-BEAM-POUR,Edge beam L01 6-5x,L01,L01-Z6,concrete,superstructure,1.44,m3,43,44,,,T000915
2cDz8hZfZXcOJU7peH3$bX,T000881,STR-COL-POUR,Column C-4-4 L01,L01,L01-Z6,concrete,superstructure,0.95,m3,43,44,,,T000422
2esEC51HLgjuYBlhNEppwY,T000882,STR-COL-POUR,Column C-5-5 L01,L01,L01-Z6,concrete,superstructure,0.95,m3,11,12,,,T000388
2qwIeNA_gMe70vZQLK_BGt,T000883,STR-COL-POUR,Column C-7-4 L01,L01,L01-Z6,concrete,superstructure,0.95,m3,11,12,,,T000428
30BIytB8XSlA4npa7M$u1P,T000884,STR-BEAM-POUR,Edge beam L01 4-5x,L01,L01-Z6,concrete,superstructure,1.44,m3,43,44,,,T000879
39J3wg4B96MW9TXqnvpte2,T000885,GEN-ICRA-SETUP,Slab L01 S-4-4,L01,L01-Z6,icra,mobilise,1.0,ea,3,4,,,
39J3wg4B96MW9TXqnvpte2,T000886,GEN-HEPA-CLEAN,Slab L01 S-4-4,L01,L01-Z6,icra,icra_closeout,144.0,m2,161,162,,,T000855;T000856;T000875;T000878;T000885;T000893;T000898
39J3wg4B96MW9TXqnvpte2,T000887,GEN-ICRA-CLOSEOUT,Slab L01 S-4-4,L01,L01-Z6,icra,icra_closeout,1.0,ea,166,167,,,T000885;T000886;T000893;T000895;T000898;T000899
39J3wg4B96MW9TXqnvpte2,T000888,STR-SLAB-FORM,Slab L01 S-4-4,L01,L01-Z6,concrete,superstructure,144.0,m2,20,25,,,T000380;T000408;T000457;T000461
39J3wg4B96MW9TXqnvpte2,T000889,STR-SLAB-REBAR,Slab L01 S-4-4,L01,L01-Z6,concrete,superstructure,3.96,t,30,32,,,T000888
39J3wg4B96MW9TXqnvpte2,T000890,STR-SLAB-POUR,Slab L01 S-4-4,L01,L01-Z6,concrete,superstructure,36.0,m3,37,40,,,T000380;T000408;T000457;T000461;T000889
39J3wg4B96MW9TXqnvpte2,T000891,STR-SLAB-STRIKE,Slab L01 S-4-4,L01,L01-Z6,concrete,superstructure,144.0,m2,68,70,,,T000890
,T000892,GEN-PERMIT-WORK,Permit to work · L01 zone 6,L01,L01-Z6,commissioning,mobilise,1.0,ea,0,1,,,
,T000893,GEN-ICRA-SETUP,Erect ICRA barrier and negative air · L01 zone 6,L01,L01-Z6,icra,mobilise,1.0,ea,4,5,,,T000892
,T000894,GEN-PRECOMM-CHECK,Pre-commissioning checks · L01 zone 6,L01,L01-Z6,commissioning,mep_finish,1.0,ea,110,111,,,T000850;T000854;T000865;T000874;T000893
,T000895,GEN-HEPA-CLEAN,HEPA terminal clean · L01 zone 6,L01,L01-Z6,icra,icra_closeout,1.0,ea,161,162,,,T000855;T000856;T000875;T000878;T000885;T000893;T000894;T000898
,T000896,GEN-ICRA-CLOSEOUT,ICRA clearance and barrier removal · L01 zone 6,L01,L01-Z6,icra,icra_closeout,1.0,ea,166,167,,,T000885;T000886;T000893;T000895;T000898;T000899
3BDiIYQod0L_0C8rratLMl,T000897,ARC-EXTWALL-BUILD,External wall L01 N-7,L01,L01-Z6,envelope,envelope,22.8,m2,70,72,,,T000903;T001366
3F0859jDbcBaumo3yKSHob,T000898,GEN-ICRA-SETUP,Slab L01 S-6-4,L01,L01-Z6,icra,mobilise,1.0,ea,4,5,,,
3F0859jDbcBaumo3yKSHob,T000899,GEN-HEPA-CLEAN,Slab L01 S-6-4,L01,L01-Z6,icra,icra_closeout,144.0,m2,161,162,,,T000855;T000856;T000875;T000878;T000885;T000893;T000898
3F0859jDbcBaumo3yKSHob,T000900,GEN-ICRA-CLOSEOUT,Slab L01 S-6-4,L01,L01-Z6,icra,icra_closeout,1.0,ea,167,168,,,T000885;T000886;T000893;T000895;T000898;T000899
3F0859jDbcBaumo3yKSHob,T000901,STR-SLAB-FORM,Slab L01 S-6-4,L01,L01-Z6,concrete,superstructure,144.0,m2,20,25,,,T000378;T000407;T000447;T000453
3F0859jDbcBaumo3yKSHob,T000902,STR-SLAB-REBAR,Slab L01 S-6-4,L01,L01-Z6,concrete,superstructure,3.96,t,32,34,,,T000901
3F0859jDbcBaumo3yKSHob,T000903,STR-SLAB-POUR,Slab L01 S-6-4,L01,L01-Z6,concrete,superstructure,36.0,m3,37,40,,,T000378;T000407;T000447;T000453;T000902
3F0859jDbcBaumo3yKSHob,T000904,STR-SLAB-STRIKE,Slab L01 S-6-4,L01,L01-Z6,concrete,superstructure,144.0,m2,68,70,,,T000903
3FTRDjfM1pe1nRwS8Zl58R,T000905,ARC-EXTWALL-BUILD,External wall L01 N-4,L01,L01-Z6,envelope,envelope,22.8,m2,70,72,,,T000890;T001329
3LlEhVFbczbXR0oRd4x_7j,T000906,ARC-EXTWALL-BUILD,External wall L01 E-4,L01,L01-Z6,envelope,envelope,22.8,m2,70,72,,,T000903;T001366
3VMACGI$tZiwVw59fl4ICm,T000907,ARC-WALL-FRAME,Partition L01 Room wall 4-4,L01,L01-Z6,interiors,mep_roughin,22.8,m2,89,90,,,T000849;T000873;T000885;T000890;T000893;T000897;T000898;T000905;T000906;T000912;T001329;T001330
3VMACGI$tZiwVw59fl4ICm,T000908,FIR-STOP-INSTALL,Partition L01 Room wall 4-4,L01,L01-Z6,interiors,mep_roughin,3.42,ea,95,96,,,T000885;T000893;T000898;T000907
3VMACGI$tZiwVw59fl4ICm,T000909,ARC-WALL-BOARD,Partition L01 Room wall 4-4,L01,L01-Z6,interiors,interiors,22.8,m2,100,101,,,T000885;T000893;T000898;T000907;T000908
3c$DLWCfnHgMez8g2vmT1T,T000910,ARC-WINDOW-INSTALL,Window L01 N-4,L01,L01-Z6,envelope,envelope,1.0,ea,83,84,,,T000905
3d9q4FnKOtWi_l7nsVVz4k,T000911,ARC-WINDOW-INSTALL,Window L01 N-6,L01,L01-Z6,envelope,envelope,1.0,ea,83,84,,,T000912
3dwamz9gHyPJO01l_proln,T000912,ARC-EXTWALL-BUILD,External wall L01 N-6,L01,L01-Z6,envelope,envelope,22.8,m2,71,73,,,T000903;T001366
3pn4OhSyjcLNbCyGXNgBSj,T000913,STR-COL-POUR,Column C-5-4 L01,L01,L01-Z6,concrete,superstructure,0.95,m3,43,44,,,T000431
3w3zEX8mSTeqj1XVaBph9M,T000914,STR-BEAM-POUR,Edge beam L01 7-5x,L01,L01-Z6,concrete,superstructure,1.44,m3,43,44,,,T000851
3zrLEG7KDrzuNmj3Gz_Equ,T000915,STR-COL-POUR,Column C-6-5 L01,L01,L01-Z6,concrete,superstructure,0.95,m3,11,12,,,T000456
3zydpHe8n3DAMZCBlWn701,T000916,PLB-FIXTURE-SET,Sanitary fixture L01 1,L01,L01-Z6,plumbing,mep_finish,1.0,ea,132,133,,,T000856;T000909
00Hiay1_zc1tbT0lOqtoVK,T000917,STR-COL-POUR,Column C-1-0 L02,L02,L02-Z1,concrete,superstructure,0.95,m3,68,69,,,T000488
01Q_Ax7krl7Y59c9RCCTnO,T000918,STR-COL-POUR,Column C-2-1 L02,L02,L02-Z1,concrete,superstructure,0.95,m3,69,70,,,T000496
0MK3_E9UufrPfTEfTCUqPm,T000919,STR-BEAM-POUR,Edge beam L02 0-0x,L02,L02-Z1,concrete,superstructure,1.44,m3,77,78,,,T000944
0R2sYWMAI8ZpAcvrRXN6Bs,T000920,ARC-WINDOW-INSTALL,Window L02 W-0,L02,L02-Z1,envelope,envelope,1.0,ea,83,84,,,T000921
0eh_RyEZw4JyIRe4m7ktyR,T000921,ARC-EXTWALL-BUILD,External wall L02 W-0,L02,L02-Z1,envelope,envelope,22.8,m2,63,65,,,T000966
19sVwpCH1Cmn2E15GVAYI1,T000922,ARC-CURTAIN-INSTALL,Curtain wall L02 S-2,L02,L02-Z1,envelope,envelope,22.8,m2,83,84,,,T000929
19y_6tIRwMnlHwOjYPgG47,T000923,STR-BEAM-POUR,Edge beam L02 1-0x,L02,L02-Z1,concrete,superstructure,1.44,m3,77,78,,,T000917
1NMjp7mNhRl6nVzV8E7Yo_,T000924,MEP-DIFFUSER-SET,Air terminal L02 2-0,L02,L02-Z1,mechanical,mep_finish,1.0,ea,110,111,,,T000957;T000959;T001040;T001054;T001060;T001065;T001074;T001093;T001117;T001121;T001168;T001169;T001184;T001200;T001202;T001218;T001225;T001248
1NMjp7mNhRl6nVzV8E7Yo_,T000925,CX-AIR-BALANCE,Air terminal L02 2-0,L02,L02-Z1,commissioning,commissioning,1.0,ea,131,132,,,T000924;T001031;T001040;T001054;T001060;T001065;T001074;T001093;T001117;T001121;T001168;T001169;T001184;T001200;T001202;T001218;T001225;T001248
1NMjp7mNhRl6nVzV8E7Yo_,T000926,CX-PRESSURE-TEST,Air terminal L02 2-0,L02,L02-Z1,commissioning,commissioning,1.0,ea,132,133,,,T000925;T000942
1OhNe1181qCDviSaWO43B7,T000927,STR-SLAB-FORM,Slab L02 S-2-0,L02,L02-Z1,concrete,superstructure,144.0,m2,43,48,,,T000466;T000474;T000480;T000482;T000490;T000496;T000501
1OhNe1181qCDviSaWO43B7,T000928,STR-SLAB-REBAR,Slab L02 S-2-0,L02,L02-Z1,concrete,superstructure,3.96,t,54,56,,,T000927
1OhNe1181qCDviSaWO43B7,T000929,STR-SLAB-POUR,Slab L02 S-2-0,L02,L02-Z1,concrete,superstructure,36.0,m3,60,63,,,T000466;T000474;T000480;T000482;T000490;T000501;T000928
1OhNe1181qCDviSaWO43B7,T000930,STR-SLAB-STRIKE,Slab L02 S-2-0,L02,L02-Z1,concrete,superstructure,144.0,m2,73,75,,,T000929
1S5Ub5IZHY6VQE0ilfAXHq,T000931,ARC-CURTAIN-INSTALL,Curtain wall L02 S-1,L02,L02-Z1,envelope,envelope,22.8,m2,84,85,,,T000966
1VMrDjwsDLNphKujeflqtf,T000932,STR-COL-POUR,Column C-3-1 L02,L02,L02-Z1,concrete,superstructure,0.95,m3,69,70,,,T000496
1VftSJ0r55y4sozCv$UA1q,T000933,STR-BEAM-POUR,Edge beam L02 3-0x,L02,L02-Z1,concrete,superstructure,1.44,m3,77,78,,,T000935
1exHjK6Ykrj6bb9ONCLfec,T000934,STR-BEAM-POUR,Edge beam L02 0-1z,L02,L02-Z1,concrete,superstructure,1.44,m3,77,78,,,T000941
22J62NDaYGu1TBJ1$Rhrd$,T000935,STR-COL-POUR,Column C-3-0 L02,L02,L02-Z1,concrete,superstructure,0.95,m3,69,70,,,T000496
22cdF$wqqjjsgEMwslMKtm,T000936,ARC-EXTWALL-BUILD,External wall L02 W-1,L02,L02-Z1,envelope,envelope,22.8,m2,63,65,,,T000966
2C9$xPb$_Xh24tFnvemuw4,T000937,ARC-ROOF-INSTALL,Roof R-2-0,L02,L02-Z1,envelope,envelope,144.0,m2,76,78,,,T000918;T000929;T000932;T000935;T000963
2DU0_eTdFfJ19SnMp7apTy,T000938,ELE-LIGHT-INSTALL,Light fixture L02 2-0,L02,L02-Z1,electrical,mep_finish,1.0,ea,110,111,,,T000957;T000959;T001087
2FkA5JMsgNsJcaiDY$lX90,T000939,ARC-CURTAIN-INSTALL,Curtain wall L02 S-3,L02,L02-Z1,envelope,envelope,22.8,m2,84,85,,,T000929
2HExwrLhSbKLTBq_RyxZ1s,T000940,STR-BEAM-POUR,Edge beam L02 2-0x,L02,L02-Z1,concrete,superstructure,1.44,m3,77,78,,,T000963
2K8JvbXkw0mN2kUf8nO$Ja,T000941,STR-COL-POUR,Column C-0-1 L02,L02,L02-Z1,concrete,superstructure,0.95,m3,69,70,,,T000488
2TKobqaRsWiU0WaK878$i7,T000942,ARC-FLOOR-FINISH,Floor finish L02 0-0,L02,L02-Z1,finishes,interiors,298.08,m2,123,131,,,T000929;T000948;T000956;T000957;T000959;T000966
2TKobqaRsWiU0WaK878$i7,T000943,GEN-HANDOVER-DOC,Floor finish L02 0-0,L02,L02-Z1,commissioning,handover,1.0,ea,171,172,,,T000925;T000942;T000952
2fyxYuHMwtdizTBudkqXJc,T000944,STR-COL-POUR,Column C-0-0 L02,L02,L02-Z1,concrete,superstructure,0.95,m3,69,70,,,T000488
2kklUZQnBDGF5OOvC9hcyP,T000945,ARC-CURTAIN-INSTALL,Curtain wall L02 S-0,L02,L02-Z1,envelope,envelope,22.8,m2,84,85,,,T000966
2plXf33g3y4Iq5mLKC1iSB,T000946,ARC-WALL-FRAME,Partition L02 Room wall 2-0,L02,L02-Z1,interiors,mep_roughin,22.8,m2,89,90,,,T000921;T000929;T000936
2plXf33g3y4Iq5mLKC1iSB,T000947,FIR-STOP-INSTALL,Partition L02 Room wall 2-0,L02,L02-Z1,interiors,mep_roughin,3.42,ea,90,91,,,T000946
2plXf33g3y4Iq5mLKC1iSB,T000948,ARC-WALL-BOARD,Partition L02 Room wall 2-0,L02,L02-Z1,interiors,interiors,22.8,m2,95,96,,,T000946;T000947
2qfEC85GM4PD_OC4n_W6kS,T000949,STR-COL-POUR,Column C-1-1 L02,L02,L02-Z1,concrete,superstructure,0.95,m3,69,70,,,T000488
2taCBDB2qD$Cu4brRSwmEP,T000950,ARC-WINDOW-INSTALL,Window L02 W-1,L02,L02-Z1,envelope,envelope,1.0,ea,84,85,,,T000936
35Nn$FKPm4C1_FJoCjSNB$,T000951,MEP-DIFFUSER-SET,Air terminal L02 0-0,L02,L02-Z1,mechanical,mep_finish,1.0,ea,110,111,,,T000957;T000959;T001040;T001054;T001060;T001065;T001074;T001093;T001117;T001121;T001168;T001169;T001184;T001200;T001202;T001218;T001225;T001248
35Nn$FKPm4C1_FJoCjSNB$,T000952,CX-AIR-BALANCE,Air terminal L02 0-0,L02,L02-Z1,commissioning,commissioning,1.0,ea,131,132,,,T000951;T001031;T001040;T001054;T001060;T001065;T001074;T001093;T001117;T001121;T001168;T001169;T001184;T001200;T001202;T001218;T001225;T001248
35Nn$FKPm4C1_FJoCjSNB$,T000953,CX-PRESSURE-TEST,Air terminal L02 0-0,L02,L02-Z1,commissioning,commissioning,1.0,ea,132,133,,,T000942;T000952
38EyxruH0dyyWGfkCz$PGS,T000954,ARC-WALL-FRAME,Partition L02 Room wall 2-1,L02,L02-Z1,interiors,mep_roughin,22.8,m2,89,90,,,T000921;T000929;T000936
38EyxruH0dyyWGfkCz$PGS,T000955,FIR-STOP-INSTALL,Partition L02 Room wall 2-1,L02,L02-Z1,interiors,mep_roughin,3.42,ea,90,91,,,T000954
38EyxruH0dyyWGfkCz$PGS,T000956,ARC-WALL-BOARD,Partition L02 Room wall 2-1,L02,L02-Z1,interiors,interiors,22.8,m2,95,96,,,T000954;T000955
3Av1Bek8Xevjzl$c_eOTL5,T000957,ARC-CEILING-CLOSE,Ceiling L02 0-0,L02,L02-Z1,interiors,interiors,259.2,m2,100,104,,,T000947;T000948;T000955;T000956
,T000958,GEN-PERMIT-HOT,Hot work permit and fire watch · L02 zone 1,L02,L02-Z1,commissioning,mobilise,1.0,ea,0,1,,,
,T000959,ARC-CEILING-CLOSE,Close ceiling · L02 zone 1,L02,L02-Z1,interiors,interiors,1.0,ea,109,110,,,T000947;T000948;T000955;T000956;T000958
,T000960,CX-PRESSURE-TEST,Room pressure differential test · L02 zone 1,L02,L02-Z1,commissioning,commissioning,1.0,ea,131,132,,,T000942;T000959
3XXpzPfuXGIQRJIK2DbWJi,T000961,ELE-LIGHT-INSTALL,Light fixture L02 0-0,L02,L02-Z1,electrical,mep_finish,1.0,ea,110,111,,,T000957;T000959;T001087
3_ZIwDFW_$TH3C68$3MmfJ,T000962,ARC-ROOF-INSTALL,Roof R-0-0,L02,L02-Z1,envelope,envelope,144.0,m2,76,78,,,T000917;T000941;T000944;T000949;T000966
3mSXAsUYaYqO8NHbEwvY_O,T000963,STR-COL-POUR,Column C-2-0 L02,L02,L02-Z1,concrete,superstructure,0.95,m3,69,70,,,T000496
3yXIt1avme5CjtYgYYCWox,T000964,STR-SLAB-FORM,Slab L02 S-0-0,L02,L02-Z1,concrete,superstructure,144.0,m2,43,48,,,T000467;T000473;T000476;T000488;T000500;T000509;T000513;T000514
3yXIt1avme5CjtYgYYCWox,T000965,STR-SLAB-REBAR,Slab L02 S-0-0,L02,L02-Z1,concrete,superstructure,3.96,t,54,56,,,T000964
3yXIt1avme5CjtYgYYCWox,T000966,STR-SLAB-POUR,Slab L02 S-0-0,L02,L02-Z1,concrete,superstructure,36.0,m3,60,63,,,T000467;T000473;T000476;T000500;T000509;T000513;T000514;T000965
3yXIt1avme5CjtYgYYCWox,T000967,STR-SLAB-STRIKE,Slab L02 S-0-0,L02,L02-Z1,concrete,superstructure,144.0,m2,73,75,,,T000966
04wjJHXkVTWcBpR9fzM_Cc,T000968,STR-COL-POUR,Column C-5-1 L02,L02,L02-Z2,concrete,superstructure,0.95,m3,69,70,,,T000568;T001035
07ikHbwIrVQS7HFIm3sl6D,T000969,ARC-CURTAIN-INSTALL,Curtain wall L02 S-4,L02,L02-Z2,envelope,envelope,22.8,m2,84,85,,,T000987;T001035
0HBJd9PVtpxwp4yR9Ls_zT,T000970,MEP-DIFFUSER-SET,Air terminal L02 6-0,L02,L02-Z2,mechanical,mep_finish,1.0,ea,96,97,,,T000995;T001040;T001054;T001060;T001065;T001074;T001093;T001117;T001121;T001168;T001169;T001184;T001200;T001202;T001218;T001225;T001248
0HBJd9PVtpxwp4yR9Ls_zT,T000971,CX-AIR-BALANCE,Air terminal L02 6-0,L02,L02-Z2,commissioning,commissioning,1.0,ea,103,104,,,T000970;T001031;T001040;T001054;T001060;T001065;T001074;T001093;T001117;T001121;T001168;T001169;T001184;T001200;T001202;T001218;T001225;T001248
0LSJsPZ6pbnryxfHc09WdQ,T000972,ARC-WALL-FRAME,Partition L02 Room wall 4-1,L02,L02-Z2,interiors,mep_roughin,22.8,m2,88,89,,,T000982;T000987;T000990;T001010;T001022;T001024
0LSJsPZ6pbnryxfHc09WdQ,T000973,FIR-STOP-INSTALL,Partition L02 Room wall 4-1,L02,L02-Z2,interiors,mep_roughin,3.42,ea,89,90,,,T000972;T000982;T000990;T001024
0LSJsPZ6pbnryxfHc09WdQ,T000974,ARC-WALL-BOARD,Partition L02 Room wall 4-1,L02,L02-Z2,interiors,interiors,22.8,m2,91,92,,,T000972;T000973;T000982;T000990;T001024
0LZFoV15yJlBVK$Bh77jJD,T000975,STR-COL-POUR,Column C-6-0 L02,L02,L02-Z2,concrete,superstructure,0.95,m3,69,70,,,T000589;T001035
0McL_tHdn_E_yyK7oX$mja,T000976,ARC-ROOF-INSTALL,Roof R-4-0,L02,L02-Z2,envelope,envelope,144.0,m2,76,78,,,T000968;T000987;T000997;T000999;T001017;T001035
0NGun3whyrjUQdPEBmgdO3,T000977,ELE-LIGHT-INSTALL,Light fixture L02 6-0,L02,L02-Z2,electrical,mep_finish,1.0,ea,96,97,,,T000995;T001087
0OwBAoMa9DLZEI$JQ2brGy,T000978,STR-BEAM-POUR,Edge beam L02 7-0x,L02,L02-Z2,concrete,superstructure,1.44,m3,77,78,,,T000998
0SoN9xzepmL6lsOYDD9kg3,T000979,ARC-CURTAIN-INSTALL,Curtain wall L02 S-5,L02,L02-Z2,envelope,envelope,22.8,m2,85,86,,,T000987;T001035
0TRIKhvGhbkt5nUQ9J$C1I,T000980,ARC-CURTAIN-INSTALL,Curtain wall L02 S-6,L02,L02-Z2,envelope,envelope,22.8,m2,85,86,,,T001029;T001035
0mA7gitrFT1m6d5eJfSJ6o,T000981,STR-COL-POUR,Column C-6-1 L02,L02,L02-Z2,concrete,superstructure,0.95,m3,69,70,,,T000589;T001035
1FFBGmNENWbx9wZsfWK9Z7,T000982,GEN-ICRA-SETUP,Slab L02 S-4-0,L02,L02-Z2,icra,mobilise,1.0,ea,4,5,,,
1FFBGmNENWbx9wZsfWK9Z7,T000983,GEN-HEPA-CLEAN,Slab L02 S-4-0,L02,L02-Z2,icra,icra_closeout,144.0,m2,161,162,,,T000971;T000982;T000990;T000995;T001014;T001015;T001024
1FFBGmNENWbx9wZsfWK9Z7,T000984,GEN-ICRA-CLOSEOUT,Slab L02 S-4-0,L02,L02-Z2,icra,icra_closeout,1.0,ea,167,168,,,T000982;T000983;T000990;T000992;T001024;T001025
1FFBGmNENWbx9wZsfWK9Z7,T000985,STR-SLAB-FORM,Slab L02 S-4-0,L02,L02-Z2,concrete,superstructure,144.0,m2,44,49,,,T000522;T000541;T000553;T000562;T000568;T000575;T000583
1FFBGmNENWbx9wZsfWK9Z7,T000986,STR-SLAB-REBAR,Slab L02 S-4-0,L02,L02-Z2,concrete,superstructure,3.96,t,54,56,,,T000985
1FFBGmNENWbx9wZsfWK9Z7,T000987,STR-SLAB-POUR,Slab L02 S-4-0,L02,L02-Z2,concrete,superstructure,36.0,m3,62,65,,,T000522;T000541;T000553;T000562;T000575;T000583;T000986
1FFBGmNENWbx9wZsfWK9Z7,T000988,STR-SLAB-STRIKE,Slab L02 S-4-0,L02,L02-Z2,concrete,superstructure,144.0,m2,73,75,,,T000987
,T000989,GEN-PERMIT-WORK,Permit to work · L02 zone 2,L02,L02-Z2,commissioning,mobilise,1.0,ea,0,1,,,
,T000990,GEN-ICRA-SETUP,Erect ICRA barrier and negative air · L02 zone 2,L02,L02-Z2,icra,mobilise,1.0,ea,4,5,,,T000989
,T000991,GEN-PRECOMM-CHECK,Pre-commissioning checks · L02 zone 2,L02,L02-Z2,commissioning,mep_finish,1.0,ea,97,98,,,T000970;T000977;T000990;T001000;T001013
,T000992,GEN-HEPA-CLEAN,HEPA terminal clean · L02 zone 2,L02,L02-Z2,icra,icra_closeout,1.0,ea,161,162,,,T000971;T000982;T000990;T000991;T000995;T001014;T001015;T001024
,T000993,GEN-ICRA-CLOSEOUT,ICRA clearance and barrier removal · L02 zone 2,L02,L02-Z2,icra,icra_closeout,1.0,ea,167,168,,,T000982;T000983;T000990;T000992;T001024;T001025
1GjbUB2zdKw3wxHpNlx09n,T000994,STR-BEAM-POUR,Edge beam L02 4-0x,L02,L02-Z2,concrete,superstructure,1.44,m3,78,79,,,T001017
1JNRC2oyJYhP2$oKcZTO_$,T000995,ARC-CEILING-CLOSE,Ceiling L02 4-0,L02,L02-Z2,interiors,interiors,259.2,m2,92,96,,,T000973;T000974;T000982;T000990;T001004;T001005;T001007;T001008;T001019;T001020;T001024
1Ni3BIZijKU8C1ROaL0CRy,T000996,STR-BEAM-POUR,Edge beam L02 7-1z,L02,L02-Z2,concrete,superstructure,1.44,m3,78,79,,,T001021
1RmWkvvo04a2Hc0cSRe2ZJ,T000997,STR-COL-POUR,Column C-4-1 L02,L02,L02-Z2,concrete,superstructure,0.95,m3,69,70,,,T000568;T001035
1_TeiuO2mjHW5_ub_ONifx,T000998,STR-COL-POUR,Column C-7-0 L02,L02,L02-Z2,concrete,superstructure,0.95,m3,69,70,,,T000589;T001035
1wCQyndfK5FWzcPk6REUtf,T000999,STR-COL-POUR,Column C-5-0 L02,L02,L02-Z2,concrete,superstructure,0.95,m3,70,71,,,T000568;T001035
22BmRfv$jN7z0H2WLtK19$,T001000,ELE-LIGHT-INSTALL,Light fixture L02 4-0,L02,L02-Z2,electrical,mep_finish,1.0,ea,96,97,,,T000995;T001087
24bsYQAg7k6Enkx5kkM8QH,T001001,STR-BEAM-POUR,Edge beam L02 5-0x,L02,L02-Z2,concrete,superstructure,1.44,m3,78,79,,,T000999
2735Gki3hmCsijqi7VVUdA,T001002,ARC-ROOF-INSTALL,Roof R-6-0,L02,L02-Z2,envelope,envelope,144.0,m2,77,79,,,T000975;T000981;T000998;T001021;T001029;T001035
2A1C_V$StYD_mm5DCCFUkr,T001003,ARC-WALL-FRAME,Partition L02 Room wall 6-0,L02,L02-Z2,interiors,mep_roughin,22.8,m2,88,89,,,T000982;T000990;T001010;T001022;T001024;T001029
2A1C_V$StYD_mm5DCCFUkr,T001004,FIR-STOP-INSTALL,Partition L02 Room wall 6-0,L02,L02-Z2,interiors,mep_roughin,3.42,ea,89,90,,,T000982;T000990;T001003;T001024
2A1C_V$StYD_mm5DCCFUkr,T001005,ARC-WALL-BOARD,Partition L02 Room wall 6-0,L02,L02-Z2,interiors,interiors,22.8,m2,91,92,,,T000982;T000990;T001003;T001004;T001024
2GidvtANoOIS2PjJ6kTLlK,T001006,ARC-WALL-FRAME,Partition L02 Room wall 4-0,L02,L02-Z2,interiors,mep_roughin,22.8,m2,89,90,,,T000982;T000987;T000990;T001010;T001022;T001024
2GidvtANoOIS2PjJ6kTLlK,T001007,FIR-STOP-INSTALL,Partition L02 Room wall 4-0,L02,L02-Z2,interiors,mep_roughin,3.42,ea,90,91,,,T000982;T000990;T001006;T001024
2GidvtANoOIS2PjJ6kTLlK,T001008,ARC-WALL-BOARD,Partition L02 Room wall 4-0,L02,L02-Z2,interiors,interiors,22.8,m2,91,92,,,T000982;T000990;T001006;T001007;T001024
2UEzQSfjYsZ68liv_Fybvl,T001009,STR-BEAM-POUR,Edge beam L02 6-0x,L02,L02-Z2,concrete,superstructure,1.44,m3,78,79,,,T000975
2cLPirzyKtjn1P9Ife1JwI,T001010,ARC-EXTWALL-BUILD,External wall L02 E-0,L02,L02-Z2,envelope,envelope,22.8,m2,65,67,,,T001029
2gLtUoOo6sGnMpeKtTCGFo,T001011,ARC-WINDOW-INSTALL,Window L02 E-1,L02,L02-Z2,envelope,envelope,1.0,ea,85,86,,,T001022
2mKp9SnxBixxxDANDotPpg,T001012,ARC-CURTAIN-INSTALL,Curtain wall L02 S-7,L02,L02-Z2,envelope,envelope,22.8,m2,85,86,,,T001029;T001035
2n8eZy5keW9M8lBsY99hgs,T001013,MEP-DIFFUSER-SET,Air terminal L02 4-0,L02,L02-Z2,mechanical,mep_finish,1.0,ea,96,97,,,T000995;T001040;T001054;T001060;T001065;T001074;T001093;T001117;T001121;T001168;T001169;T001184;T001200;T001202;T001218;T001225;T001248
2n8eZy5keW9M8lBsY99hgs,T001014,CX-AIR-BALANCE,Air terminal L02 4-0,L02,L02-Z2,commissioning,commissioning,1.0,ea,103,104,,,T001013;T001031;T001040;T001054;T001060;T001065;T001074;T001093;T001117;T001121;T001168;T001169;T001184;T001200;T001202;T001218;T001225;T001248
2qxxfpxxvJInr3HemJpk1t,T001015,ARC-FLOOR-FINISH,Floor finish L02 4-0,L02,L02-Z2,finishes,interiors,259.2,m2,96,103,,,T000974;T000987;T000995;T001005;T001008;T001020;T001029
2qxxfpxxvJInr3HemJpk1t,T001016,GEN-HANDOVER-DOC,Floor finish L02 4-0,L02,L02-Z2,commissioning,handover,1.0,ea,171,172,,,T000971;T000984;T000993;T001014;T001015;T001026
2x4gAI7Yo9yNOWm1FVnuV4,T001017,STR-COL-POUR,Column C-4-0 L02,L02,L02-Z2,concrete,superstructure,0.95,m3,70,71,,,T000568;T001035
35iuw4pt3RN3gCbq3wWjij,T001018,ARC-WALL-FRAME,Partition L02 Room wall 6-1,L02,L02-Z2,interiors,mep_roughin,22.8,m2,89,90,,,T000982;T000990;T001010;T001022;T001024;T001029
35iuw4pt3RN3gCbq3wWjij,T001019,FIR-STOP-INSTALL,Partition L02 Room wall 6-1,L02,L02-Z2,interiors,mep_roughin,3.42,ea,90,91,,,T000982;T000990;T001018;T001024
35iuw4pt3RN3gCbq3wWjij,T001020,ARC-WALL-BOARD,Partition L02 Room wall 6-1,L02,L02-Z2,interiors,interiors,22.8,m2,91,92,,,T000982;T000990;T001018;T001019;T001024
3BStboIGhAy6pXAptGHzP_,T001021,STR-COL-POUR,Column C-7-1 L02,L02,L02-Z2,concrete,superstructure,0.95,m3,70,71,,,T000589;T001035
3Fixqo0lSaYXdrU0r413Jl,T001022,ARC-EXTWALL-BUILD,External wall L02 E-1,L02,L02-Z2,envelope,envelope,22.8,m2,65,67,,,T001029
3eEqX0vGvC4ROrLmRiQO1l,T001023,ARC-WINDOW-INSTALL,Window L02 E-0,L02,L02-Z2,envelope,envelope,1.0,ea,85,86,,,T001010
3ng7XXMu8_PoM_DItRDuXD,T001024,GEN-ICRA-SETUP,Slab L02 S-6-0,L02,L02-Z2,icra,mobilise,1.0,ea,5,6,,,
3ng7XXMu8_PoM_DItRDuXD,T001025,GEN-HEPA-CLEAN,Slab L02 S-6-0,L02,L02-Z2,icra,icra_closeout,144.0,m2,161,162,,,T000971;T000982;T000990;T000995;T001014;T001015;T001024
3ng7XXMu8_PoM_DItRDuXD,T001026,GEN-ICRA-CLOSEOUT,Slab L02 S-6-0,L02,L02-Z2,icra,icra_closeout,1.0,ea,167,168,,,T000982;T000983;T000990;T000992;T001024;T001025
3ng7XXMu8_PoM_DItRDuXD,T001027,STR-SLAB-FORM,Slab L02 S-6-0,L02,L02-Z2,concrete,superstructure,144.0,m2,44,49,,,T000533;T000540;T000548;T000561;T000581;T000582;T000589;T000591
3ng7XXMu8_PoM_DItRDuXD,T001028,STR-SLAB-REBAR,Slab L02 S-6-0,L02,L02-Z2,concrete,superstructure,3.96,t,56,58,,,T001027
3ng7XXMu8_PoM_DItRDuXD,T001029,STR-SLAB-POUR,Slab L02 S-6-0,L02,L02-Z2,concrete,superstructure,36.0,m3,62,65,,,T000533;T000540;T000548;T000561;T000581;T000582;T000591;T001028
3ng7XXMu8_PoM_DItRDuXD,T001030,STR-SLAB-STRIKE,Slab L02 S-6-0,L02,L02-Z2,concrete,superstructure,144.0,m2,74,76,,,T001029
3pfqOOx0EZ75jJu83lf543,T001031,MEP-AHU-SET,Air handling unit AHU-3,L02,L02-Z2,mechanical,mep_roughin,1.0,ea,87,88,,,T000533;T000589;T000987;T001029;T001035;T001037
3pfqOOx0EZ75jJu83lf543,T001032,GEN-HANDOVER-DOC,Air handling unit AHU-3,L02,L02-Z2,commissioning,handover,1.0,ea,171,172,,,T000971;T000984;T000993;T001014;T001026;T001031
,T001033,GEN-PERMIT-WORK,Permit to work · Air handling unit AHU-3,L02,L02-Z2,commissioning,mobilise,1.0,ea,0,1,,,
,T001034,GEN-SURVEY-SETOUT,Survey set-out of the work area · Air handling unit AHU-3,L02,L02-Z2,concrete,mobilise,1.0,ea,1,2,,,T001033
,T001035,GEN-LIFT-PLAN,Prepare and approve lift plan · Air handling unit AHU-3,L02,L02-Z2,mechanical,mobilise,1.0,ea,2,3,,,T001034
,T001036,GEN-CRANE-MOBILISE,"Mobilise, assemble and load-test crane · Air handling unit AHU-3",L02,L02-Z2,mechanical,mobilise,1.0,ea,3,4,,,T001035
,T001037,GEN-ANCHOR-SURVEY,Anchor bolt and grout survey · Air handling unit AHU-3,L02,L02-Z2,concrete,superstructure,1.0,ea,78,79,,,T000987;T001029;T001036
,T001038,GEN-PRECOMM-CHECK,Pre-commissioning checks · Air handling unit AHU-3,L02,L02-Z2,commissioning,mep_finish,1.0,ea,97,98,,,T000970;T000977;T001000;T001013;T001031
,T001039,GEN-VENDOR-REP,Vendor representative attendance (time driven) · Air handling unit AHU-3,L02,L02-Z2,medical,medical_equipment,1.0,ea,153,158,,,T001015;T001038
01AbOlnBa7UbeVA6zZrHOe,T001040,MEP-DUCT-INSTALL,Supply duct L02 4,L02,L02-Z3,mechanical,mep_roughin,6.0,m,92,93,,,T001071;T001079;T001084
02qVjeSyP4nYsNxuAEjHmS,T001041,MEP-DIFFUSER-SET,Air terminal L02 2-2,L02,L02-Z3,mechanical,mep_finish,1.0,ea,110,111,,,T001040;T001054;T001060;T001065;T001074;T001093;T001117;T001121;T001123;T001125;T001168;T001169;T001184;T001200;T001202;T001218;T001225;T001248
02qVjeSyP4nYsNxuAEjHmS,T001042,CX-AIR-BALANCE,Air terminal L02 2-2,L02,L02-Z3,commissioning,commissioning,1.0,ea,138,139,,,T001031;T001040;T001041;T001054;T001060;T001065;T001074;T001093;T001117;T001121;T001168;T001169;T001184;T001200;T001202;T001218;T001225;T001248
07vVVWNVTwM5YZBO8Gc7QT,T001043,ARC-WALL-FRAME,Partition L02 Corridor N wall 2,L02,L02-Z3,interiors,mep_roughin,22.8,m2,87,88,,,T001057;T001064;T001094
07vVVWNVTwM5YZBO8Gc7QT,T001044,FIR-STOP-INSTALL,Partition L02 Corridor N wall 2,L02,L02-Z3,interiors,mep_roughin,3.42,ea,95,96,,,T001043;T001054;T001074;T001081;T001107;T001122;T001134
07vVVWNVTwM5YZBO8Gc7QT,T001045,ARC-WALL-BOARD,Partition L02 Corridor N wall 2,L02,L02-Z3,interiors,interiors,22.8,m2,101,102,,,T001043;T001044;T001081;T001122;T001133;T001134
099Wv2$J04nYJgo0_ztp8S,T001046,STR-SLAB-FORM,Slab L02 S-0-2,L02,L02-Z3,concrete,superstructure,144.0,m2,44,49,,,T000595;T000622;T000642;T000664;T000674;T000677;T000693
099Wv2$J04nYJgo0_ztp8S,T001047,STR-SLAB-REBAR,Slab L02 S-0-2,L02,L02-Z3,concrete,superstructure,3.96,t,56,58,,,T001046
099Wv2$J04nYJgo0_ztp8S,T001048,STR-SLAB-POUR,Slab L02 S-0-2,L02,L02-Z3,concrete,superstructure,36.0,m3,62,65,,,T000595;T000642;T000664;T000674;T000677;T000693;T001047
099Wv2$J04nYJgo0_ztp8S,T001049,STR-SLAB-STRIKE,Slab L02 S-0-2,L02,L02-Z3,concrete,superstructure,144.0,m2,74,76,,,T001048
0G2zidkHuhMc3FSGITdGQG,T001050,STR-BEAM-POUR,Edge beam L02 0-3z,L02,L02-Z3,concrete,superstructure,1.44,m3,78,79,,,T001138
0Rs5a89cCShMjiVlhI5kn9,T001051,PLB-PIPE-INSTALL,Cold water pipe L02 1,L02,L02-Z3,plumbing,mep_roughin,12.0,m,90,91,,,T001061;T001090
0bnTmCe_BNPw25Vdg_oK2i,T001052,STR-COL-POUR,Column C-3-2 L02,L02,L02-Z3,concrete,superstructure,0.95,m3,70,71,,,T000671
0dEhL2f4wsrY2y2emnfC_C,T001053,ARC-ROOF-INSTALL,Roof R-0-2,L02,L02-Z3,envelope,envelope,144.0,m2,78,80,,,T001048;T001083;T001127;T001128;T001138
0mWMYGQSvKUUDJE$3oKQM6,T001054,MEP-DUCT-INSTALL,Supply duct L02 3,L02,L02-Z3,mechanical,mep_roughin,6.0,m,92,93,,,T001043;T001079;T001101
0nzFjgcp7BkhAwbPM5nOcn,T001055,STR-SLAB-FORM,Slab L02 S-2-2,L02,L02-Z3,concrete,superstructure,144.0,m2,48,53,,,T000615;T000630;T000647;T000671;T000673
0nzFjgcp7BkhAwbPM5nOcn,T001056,STR-SLAB-REBAR,Slab L02 S-2-2,L02,L02-Z3,concrete,superstructure,3.96,t,56,58,,,T001055
0nzFjgcp7BkhAwbPM5nOcn,T001057,STR-SLAB-POUR,Slab L02 S-2-2,L02,L02-Z3,concrete,superstructure,36.0,m3,63,66,,,T000615;T000630;T000647;T000673;T001056
0nzFjgcp7BkhAwbPM5nOcn,T001058,STR-SLAB-STRIKE,Slab L02 S-2-2,L02,L02-Z3,concrete,superstructure,144.0,m2,75,77,,,T001057
0rXF3uz7bo5kpusFDIXELk,T001059,ARC-DOOR-INSTALL,Door L02 Corridor N wall 0,L02,L02-Z3,interiors,interiors,1.0,ea,109,110,,,T001090;T001092
15WgO4nTfIYTgTd14D8ouy,T001060,MEP-DUCT-INSTALL,Return duct L02 1,L02,L02-Z3,mechanical,mep_roughin,6.0,m,92,93,,,T001053;T001061;T001090
1Aq2fVLyBl2nOKwlUMyPfG,T001061,ARC-WALL-FRAME,Partition L02 Corridor S wall 0,L02,L02-Z3,interiors,mep_roughin,22.8,m2,87,88,,,T001048;T001064;T001094
1Aq2fVLyBl2nOKwlUMyPfG,T001062,FIR-STOP-INSTALL,Partition L02 Corridor S wall 0,L02,L02-Z3,interiors,mep_roughin,3.42,ea,95,96,,,T001051;T001060;T001061;T001104;T001115;T001119;T001120;T001121;T001129
1Aq2fVLyBl2nOKwlUMyPfG,T001063,ARC-WALL-BOARD,Partition L02 Corridor S wall 0,L02,L02-Z3,interiors,interiors,22.8,m2,101,102,,,T001051;T001061;T001062;T001105;T001108;T001115;T001120;T001130
1Bibx$tpOWMPZoDdLQ_tvs,T001064,ARC-EXTWALL-BUILD,External wall L02 W-3,L02,L02-Z3,envelope,envelope,22.8,m2,65,67,,,T001048
1FIwWnsJ7dezHzDZvHWmT4,T001065,MEP-DUCT-INSTALL,Return duct L02 2,L02,L02-Z3,mechanical,mep_roughin,6.0,m,93,94,,,T001053;T001076;T001135
1FPmiiJoM3N_ViGljRUILJ,T001066,MEP-FITTING-INSTALL,Fire damper L02 1,L02,L02-Z3,mechanical,mep_roughin,1.0,ea,93,94,,,T001054;T001074;T001081;T001122;T001134
1ISACpaDVSWNcgxYGfslI4,T001067,ARC-WALL-FRAME,Partition L02 Room wall 2-3,L02,L02-Z3,interiors,mep_roughin,22.8,m2,90,91,,,T001057;T001064;T001094
1ISACpaDVSWNcgxYGfslI4,T001068,FIR-STOP-INSTALL,Partition L02 Room wall 2-3,L02,L02-Z3,interiors,mep_roughin,3.42,ea,95,96,,,T001067
1ISACpaDVSWNcgxYGfslI4,T001069,ARC-WALL-BOARD,Partition L02 Room wall 2-3,L02,L02-Z3,interiors,interiors,22.8,m2,101,102,,,T001067;T001068
1Ia3SlkbdKdyubJGIbnWT3,T001070,ARC-DOOR-INSTALL,Door L02 Corridor S wall 1,L02,L02-Z3,interiors,interiors,1.0,ea,109,110,,,T001135;T001137
1JfKOoLKKfyrYTXyclIdgj,T001071,ARC-WALL-FRAME,Partition L02 Corridor N wall 3,L02,L02-Z3,interiors,mep_roughin,22.8,m2,87,88,,,T001057;T001064;T001094
1JfKOoLKKfyrYTXyclIdgj,T001072,FIR-STOP-INSTALL,Partition L02 Corridor N wall 3,L02,L02-Z3,interiors,mep_roughin,3.42,ea,96,97,,,T001040;T001071;T001095;T001112;T001117;T001132
1JfKOoLKKfyrYTXyclIdgj,T001073,ARC-WALL-BOARD,Partition L02 Corridor N wall 3,L02,L02-Z3,interiors,interiors,22.8,m2,101,102,,,T001071;T001072;T001096;T001113
1LIF5E1NTM028nxtmE53zn,T001074,MEP-DUCT-INSTALL,Return duct L02 3,L02,L02-Z3,mechanical,mep_roughin,6.0,m,92,93,,,T001043;T001079;T001101
1QXzI2m5WL7aPY6x18nYkD,T001075,STR-COL-POUR,Column C-2-2 L02,L02,L02-Z3,concrete,superstructure,0.95,m3,70,71,,,T000671
1cI1XkpzLiJelm_LzMzm18,T001076,ARC-WALL-FRAME,Partition L02 Corridor N wall 1,L02,L02-Z3,interiors,mep_roughin,22.8,m2,87,88,,,T001048;T001064;T001094
1cI1XkpzLiJelm_LzMzm18,T001077,FIR-STOP-INSTALL,Partition L02 Corridor N wall 1,L02,L02-Z3,interiors,mep_roughin,3.42,ea,96,97,,,T001065;T001076;T001093;T001141
1cI1XkpzLiJelm_LzMzm18,T001078,ARC-WALL-BOARD,Partition L02 Corridor N wall 1,L02,L02-Z3,interiors,interiors,22.8,m2,101,102,,,T001076;T001077
1h$hLcktP$9RaX6cpSBChY,T001079,ARC-ROOF-INSTALL,Roof R-2-2,L02,L02-Z3,envelope,envelope,144.0,m2,78,80,,,T001052;T001057;T001075;T001109;T001111
1mX6ZAI2DEwFDIaXNB9$kQ,T001080,ARC-WINDOW-INSTALL,Window L02 W-2,L02,L02-Z3,envelope,envelope,1.0,ea,85,86,,,T001094
1qiGWZyEqBIyPdAR94Xg5J,T001081,PLB-PIPE-INSTALL,Chilled water pipe L02 2,L02,L02-Z3,plumbing,mep_roughin,12.0,m,90,91,,,T001043;T001101
1rxoddt$pcvvdBrPnis4Wg,T001082,ELE-LIGHT-INSTALL,Light fixture L02 0-2,L02,L02-Z3,electrical,mep_finish,1.0,ea,110,111,,,T001087;T001107;T001108;T001119;T001123;T001125;T001132;T001141
1u5TPlJAE6VIa1hEdvy2gQ,T001083,STR-COL-POUR,Column C-1-2 L02,L02,L02-Z3,concrete,superstructure,0.95,m3,70,71,,,T000622
1w0WqY$MgzacXVhZduEN_0,T001084,ARC-WALL-FRAME,Partition L02 Corridor S wall 3,L02,L02-Z3,interiors,mep_roughin,22.8,m2,87,88,,,T001057;T001064;T001094
1w0WqY$MgzacXVhZduEN_0,T001085,FIR-STOP-INSTALL,Partition L02 Corridor S wall 3,L02,L02-Z3,interiors,mep_roughin,3.42,ea,96,97,,,T001040;T001084;T001095;T001112;T001117;T001132
1w0WqY$MgzacXVhZduEN_0,T001086,ARC-WALL-BOARD,Partition L02 Corridor S wall 3,L02,L02-Z3,interiors,interiors,22.8,m2,101,102,,,T001084;T001085;T001096;T001113
1zMG8dNexOFs3cTFRoB$L4,T001087,ELE-PANEL-INSTALL,Distribution board DB-3,L02,L02-Z3,electrical,mep_roughin,1.0,ea,89,90,,,T001048;T001061;T001090
1zMG8dNexOFs3cTFRoB$L4,T001088,CX-POWER-ENERGISE,Distribution board DB-3,L02,L02-Z3,commissioning,commissioning,1.0,ea,138,139,,,T001087;T001107;T001108;T001119;T001132;T001133;T001141;T001167;T001177;T001197;T001201;T001203;T001222
1zxC6e9PzEuAyPCR_c1tEu,T001089,ARC-DOOR-INSTALL,Door L02 Corridor N wall 2,L02,L02-Z3,interiors,interiors,1.0,ea,110,111,,,T001043;T001045
283QxwVuUMxEgKVx804qyn,T001090,ARC-WALL-FRAME,Partition L02 Corridor N wall 0,L02,L02-Z3,interiors,mep_roughin,22.8,m2,87,88,,,T001048;T001064;T001094
283QxwVuUMxEgKVx804qyn,T001091,FIR-STOP-INSTALL,Partition L02 Corridor N wall 0,L02,L02-Z3,interiors,mep_roughin,3.42,ea,96,97,,,T001051;T001060;T001090;T001104;T001115;T001119;T001120;T001121;T001129
283QxwVuUMxEgKVx804qyn,T001092,ARC-WALL-BOARD,Partition L02 Corridor N wall 0,L02,L02-Z3,interiors,interiors,22.8,m2,102,103,,,T001051;T001090;T001091;T001105;T001108;T001115;T001120;T001130
28siMZWWkXXs6Qk8yRvD1f,T001093,MEP-DUCT-INSTALL,Supply duct L02 2,L02,L02-Z3,mechanical,mep_roughin,6.0,m,93,94,,,T001053;T001076;T001135
2KfQBB3t1J3Am3GwjNUScO,T001094,ARC-EXTWALL-BUILD,External wall L02 W-2,L02,L02-Z3,envelope,envelope,22.8,m2,67,69,,,T001048
2Lo5TUrM1IwljN9Wxx3G0u,T001095,MED-GAS-PIPE-INSTALL,Oxygen line L02 2,L02,L02-Z3,plumbing,mep_roughin,18.0,m,90,91,,,T000244;T001071;T001084;T001124
2Lo5TUrM1IwljN9Wxx3G0u,T001096,MED-GAS-TEST,Oxygen line L02 2,L02,L02-Z3,plumbing,mep_roughin,18.0,m,94,95,,,T001095
2Lo5TUrM1IwljN9Wxx3G0u,T001097,MED-GAS-CERT,Oxygen line L02 2,L02,L02-Z3,commissioning,commissioning,18.0,m,138,140,,,T000240;T000245;T000657;T000687;T000729;T001095;T001096;T001104;T001147
2NTFI5KF8j3i_mYawaz060,T001098,MEP-DIFFUSER-SET,Air terminal L02 0-2,L02,L02-Z3,mechanical,mep_finish,1.0,ea,110,111,,,T001040;T001054;T001060;T001065;T001074;T001093;T001117;T001121;T001123;T001125;T001168;T001169;T001184;T001200;T001202;T001218;T001225;T001248
2NTFI5KF8j3i_mYawaz060,T001099,CX-AIR-BALANCE,Air terminal L02 0-2,L02,L02-Z3,commissioning,commissioning,1.0,ea,138,139,,,T001031;T001040;T001054;T001060;T001065;T001074;T001093;T001098;T001117;T001121;T001168;T001169;T001184;T001200;T001202;T001218;T001225;T001248
2Q6lx1MliEKKxqQscUAebg,T001100,ELE-LIGHT-INSTALL,Light fixture L02 2-2,L02,L02-Z3,electrical,mep_finish,1.0,ea,110,111,,,T001087;T001107;T001119;T001123;T001125;T001132;T001133;T001141
2SdQSJZFPj$w1TPk4pCg8Y,T001101,ARC-WALL-FRAME,Partition L02 Corridor S wall 2,L02,L02-Z3,interiors,mep_roughin,22.8,m2,87,88,,,T001057;T001064;T001094
2SdQSJZFPj$w1TPk4pCg8Y,T001102,FIR-STOP-INSTALL,Partition L02 Corridor S wall 2,L02,L02-Z3,interiors,mep_roughin,3.42,ea,96,97,,,T001054;T001074;T001081;T001101;T001107;T001122;T001134
2SdQSJZFPj$w1TPk4pCg8Y,T001103,ARC-WALL-BOARD,Partition L02 Corridor S wall 2,L02,L02-Z3,interiors,interiors,22.8,m2,102,103,,,T001081;T001101;T001102;T001122;T001133;T001134
2V1JEBnouSH0agwgvfNBLs,T001104,MED-GAS-PIPE-INSTALL,Oxygen line L02 1,L02,L02-Z3,plumbing,mep_roughin,18.0,m,91,92,,,T000244;T001061;T001090;T001124
2V1JEBnouSH0agwgvfNBLs,T001105,MED-GAS-TEST,Oxygen line L02 1,L02,L02-Z3,plumbing,mep_roughin,18.0,m,94,95,,,T001104
2V1JEBnouSH0agwgvfNBLs,T001106,MED-GAS-CERT,Oxygen line L02 1,L02,L02-Z3,commissioning,commissioning,18.0,m,138,140,,,T000240;T000245;T000657;T000687;T000729;T001095;T001104;T001105;T001147
2VZ8noKJAPFr_17kplrow5,T001107,MEP-TRAY-INSTALL,Cable tray L02 3,L02,L02-Z3,electrical,mep_roughin,6.0,m,90,91,,,T001043;T001101
2al21gdBhNpIflmocvNEU1,T001108,ELE-CABLE-PULL,Power cable L02 1,L02,L02-Z3,electrical,mep_roughin,12.0,m,91,92,,,T001087;T001119
2dvaNFGP0W1w$$0$URywqu,T001109,STR-COL-POUR,Column C-3-3 L02,L02,L02-Z3,concrete,superstructure,0.95,m3,70,71,,,T000671
2eDnsPjl8vL4Wqbjo3ENfs,T001110,ARC-WINDOW-INSTALL,Window L02 W-3,L02,L02-Z3,envelope,envelope,1.0,ea,85,86,,,T001064
2fKFBEvkAnKmm5LgJKIM6r,T001111,STR-COL-POUR,Column C-2-3 L02,L02,L02-Z3,concrete,superstructure,0.95,m3,70,71,,,T000671
2gd6CHLzK06MRbGTHJ7WBZ,T001112,MED-GAS-PIPE-INSTALL,Medical air line L02 2,L02,L02-Z3,plumbing,mep_roughin,18.0,m,91,92,,,T000220;T001071;T001084;T001124
2gd6CHLzK06MRbGTHJ7WBZ,T001113,MED-GAS-TEST,Medical air line L02 2,L02,L02-Z3,plumbing,mep_roughin,18.0,m,94,95,,,T001112
2gd6CHLzK06MRbGTHJ7WBZ,T001114,MED-GAS-CERT,Medical air line L02 2,L02,L02-Z3,commissioning,commissioning,18.0,m,138,140,,,T000216;T000221;T000608;T000684;T000735;T001112;T001113;T001129;T001212
2jAkoKQN14gfD5$d3DTCAC,T001115,PLB-PIPE-INSTALL,Heating water pipe L02 1,L02,L02-Z3,plumbing,mep_roughin,12.0,m,91,92,,,T001061;T001090
2kCjI1Hal_qhKDRJSOErw9,T001116,STR-BEAM-POUR,Edge beam L02 0-2z,L02,L02-Z3,concrete,superstructure,1.44,m3,78,79,,,T001128
2qeC40P2wpN0lZgmu9g25t,T001117,MEP-DUCT-INSTALL,Return duct L02 4,L02,L02-Z3,mechanical,mep_roughin,6.0,m,92,93,,,T001071;T001079;T001084
2y$KM8tcCuhNODTRddeyDc,T001118,ARC-DOOR-INSTALL,Door L02 Corridor S wall 3,L02,L02-Z3,interiors,interiors,1.0,ea,110,111,,,T001084;T001086
3$jGDVlO5GBrg6qWoP07iT,T001119,MEP-TRAY-INSTALL,Cable tray L02 1,L02,L02-Z3,electrical,mep_roughin,6.0,m,90,91,,,T001061;T001090
36HP54x9te10zWBdfbTIxq,T001120,PLB-PIPE-INSTALL,Chilled water pipe L02 1,L02,L02-Z3,plumbing,mep_roughin,12.0,m,91,92,,,T001061;T001090
3AvuoQVbL_L3OmL9yj178n,T001121,MEP-DUCT-INSTALL,Supply duct L02 1,L02,L02-Z3,mechanical,mep_roughin,6.0,m,92,93,,,T001053;T001061;T001090
3C2Igbun6ML3plTeYAM0AH,T001122,PLB-PIPE-INSTALL,Heating water pipe L02 2,L02,L02-Z3,plumbing,mep_roughin,12.0,m,91,92,,,T001043;T001101
3FGahlGly82vlrVQfTeyZh,T001123,ARC-CEILING-CLOSE,Ceiling L02 0-2,L02,L02-Z3,interiors,interiors,259.2,m2,105,109,,,T001040;T001044;T001045;T001051;T001054;T001060;T001062;T001063;T001065;T001066;T001068;T001069;T001072;T001073;T001074;T001077;T001078;T001081;T001085;T001086;T001091;T001092;T001093;T001095;T001096;T001102;T001103;T001104;T001105;T001107;T001108;T001112;T001113;T001115;T001117;T001119;T001120;T001121;T001122;T001129;T001130;T001132;T001133;T001134;T001136;T001137;T001141
,T001124,GEN-PERMIT-HOT,Hot work permit and fire watch · L02 zone 3,L02,L02-Z3,commissioning,mobilise,1.0,ea,0,1,,,
,T001125,ARC-CEILING-CLOSE,Close ceiling · L02 zone 3,L02,L02-Z3,interiors,interiors,1.0,ea,109,110,,,T001040;T001044;T001045;T001051;T001054;T001060;T001062;T001063;T001065;T001066;T001068;T001069;T001072;T001073;T001074;T001077;T001078;T001081;T001085;T001086;T001091;T001092;T001093;T001095;T001096;T001102;T001103;T001104;T001105;T001107;T001108;T001112;T001113;T001115;T001117;T001119;T001120;T001121;T001122;T001124;T001129;T001130;T001132;T001133;T001134;T001136;T001137;T001141
,T001126,CX-PRESSURE-TEST,Room pressure differential test · L02 zone 3,L02,L02-Z3,commissioning,commissioning,1.0,ea,138,139,,,T001125;T001139
3Lsb6IxvBENHoqfv3MwPwB,T001127,STR-COL-POUR,Column C-1-3 L02,L02,L02-Z3,concrete,superstructure,0.95,m3,70,71,,,T000622
3PVV9YtfBEqskiOfi3dLiu,T001128,STR-COL-POUR,Column C-0-2 L02,L02,L02-Z3,concrete,superstructure,0.95,m3,70,71,,,T000622
3RlgAexyLCm56hUzR8mJzM,T001129,MED-GAS-PIPE-INSTALL,Medical air line L02 1,L02,L02-Z3,plumbing,mep_roughin,18.0,m,92,93,,,T000220;T001061;T001090;T001124
3RlgAexyLCm56hUzR8mJzM,T001130,MED-GAS-TEST,Medical air line L02 1,L02,L02-Z3,plumbing,mep_roughin,18.0,m,94,95,,,T001129
3RlgAexyLCm56hUzR8mJzM,T001131,MED-GAS-CERT,Medical air line L02 1,L02,L02-Z3,commissioning,commissioning,18.0,m,138,140,,,T000216;T000221;T000608;T000684;T000735;T001112;T001129;T001130;T001212
3ToJAokk7caWc4utoPdOSr,T001132,MEP-TRAY-INSTALL,Cable tray L02 4,L02,L02-Z3,electrical,mep_roughin,6.0,m,90,91,,,T001071;T001084
3ZHUlFYNnFa6XPVKrEcedR,T001133,ELE-CABLE-PULL,Power cable L02 2,L02,L02-Z3,electrical,mep_roughin,12.0,m,91,92,,,T001087;T001107
3_12os79nuzX5UzYGROadl,T001134,PLB-PIPE-INSTALL,Cold water pipe L02 2,L02,L02-Z3,plumbing,mep_roughin,12.0,m,92,93,,,T001043;T001101
3hIVzQXCg9w_VXhbugvXZ4,T001135,ARC-WALL-FRAME,Partition L02 Corridor S wall 1,L02,L02-Z3,interiors,mep_roughin,22.8,m2,88,89,,,T001048;T001064;T001094
3hIVzQXCg9w_VXhbugvXZ4,T001136,FIR-STOP-INSTALL,Partition L02 Corridor S wall 1,L02,L02-Z3,interiors,mep_roughin,3.42,ea,96,97,,,T001065;T001093;T001135;T001141
3hIVzQXCg9w_VXhbugvXZ4,T001137,ARC-WALL-BOARD,Partition L02 Corridor S wall 1,L02,L02-Z3,interiors,interiors,22.8,m2,102,103,,,T001135;T001136
3p5meo4Dvw5Vo5n6Obuoca,T001138,STR-COL-POUR,Column C-0-3 L02,L02,L02-Z3,concrete,superstructure,0.95,m3,70,71,,,T000622
3tK_7jD8fzbIU$Rr_1dKhd,T001139,ARC-FLOOR-FINISH,Floor finish L02 0-2,L02,L02-Z3,finishes,interiors,259.2,m2,131,138,,,T001045;T001048;T001057;T001063;T001069;T001073;T001078;T001086;T001092;T001103;T001123;T001125;T001137
3tK_7jD8fzbIU$Rr_1dKhd,T001140,GEN-HANDOVER-DOC,Floor finish L02 0-2,L02,L02-Z3,commissioning,handover,1.0,ea,171,172,,,T001042;T001097;T001099;T001106;T001114;T001131;T001139
3wwjoCSG92KBr9ycm5KRF3,T001141,MEP-TRAY-INSTALL,Cable tray L02 2,L02,L02-Z3,electrical,mep_roughin,6.0,m,91,92,,,T001076;T001135
00VZQ6NI7i4I4cgB6DrMKa,T001142,STR-COL-POUR,Column C-4-3 L02,L02,L02-Z4,concrete,superstructure,0.95,m3,70,71,,,T000793
00o_wmKgf1RKi19$RmeWGo,T001143,PLB-PIPE-INSTALL,Cold water pipe L02 3,L02,L02-Z4,plumbing,mep_roughin,12.0,m,92,93,,,T001219;T001245
07qHIzKVoKroOVi9SZHpFJ,T001144,ARC-WALL-FRAME,Partition L02 Room wall 4-3,L02,L02-Z4,interiors,mep_roughin,22.8,m2,90,91,,,T001155;T001160;T001163;T001170;T001196;T001227
07qHIzKVoKroOVi9SZHpFJ,T001145,FIR-STOP-INSTALL,Partition L02 Room wall 4-3,L02,L02-Z4,interiors,mep_roughin,3.42,ea,96,97,,,T001144;T001155;T001163;T001170;T001180
07qHIzKVoKroOVi9SZHpFJ,T001146,ARC-WALL-BOARD,Partition L02 Room wall 4-3,L02,L02-Z4,interiors,interiors,22.8,m2,102,103,,,T001144;T001145;T001155;T001163;T001170
0BiKS0NOtLCL8jF_0kCtDE,T001147,MED-GAS-PIPE-INSTALL,Oxygen line L02 3,L02,L02-Z4,plumbing,mep_roughin,18.0,m,92,93,,,T000244;T001193;T001204;T001236
0BiKS0NOtLCL8jF_0kCtDE,T001148,MED-GAS-TEST,Oxygen line L02 3,L02,L02-Z4,plumbing,mep_roughin,18.0,m,94,95,,,T001147
0BiKS0NOtLCL8jF_0kCtDE,T001149,MED-GAS-CERT,Oxygen line L02 3,L02,L02-Z4,commissioning,commissioning,18.0,m,139,141,,,T000240;T000245;T000657;T000687;T000729;T001095;T001104;T001147;T001148
0BzaseXjG$$$NTbO0F3xFQ,T001150,STR-COL-POUR,Column C-6-3 L02,L02,L02-Z4,concrete,superstructure,0.95,m3,70,71,,,T000762
0H8ekvRNfxTwkgPXW2HFqs,T001151,ARC-DOOR-INSTALL,Door L02 Corridor S wall 5,L02,L02-Z4,interiors,interiors,1.0,ea,110,111,,,T001152;T001154
0hZluaEyH9fqJJcPBuVfXb,T001152,ARC-WALL-FRAME,Partition L02 Corridor S wall 5,L02,L02-Z4,interiors,mep_roughin,22.8,m2,87,88,,,T001155;T001160;T001163;T001170;T001196;T001227
0hZluaEyH9fqJJcPBuVfXb,T001153,FIR-STOP-INSTALL,Partition L02 Corridor S wall 5,L02,L02-Z4,interiors,mep_roughin,3.42,ea,96,97,,,T001152;T001155;T001163;T001168;T001170;T001203;T001218
0hZluaEyH9fqJJcPBuVfXb,T001154,ARC-WALL-BOARD,Partition L02 Corridor S wall 5,L02,L02-Z4,interiors,interiors,22.8,m2,102,103,,,T001152;T001153;T001155;T001163;T001170
0j_AuOH4O3U_n8d$v24h7h,T001155,GEN-ICRA-SETUP,Slab L02 S-4-2,L02,L02-Z4,icra,mobilise,1.0,ea,5,6,,,
0j_AuOH4O3U_n8d$v24h7h,T001156,GEN-HEPA-CLEAN,Slab L02 S-4-2,L02,L02-Z4,icra,icra_closeout,144.0,m2,161,162,,,T001155;T001163;T001170;T001182;T001189;T001208;T001244
0j_AuOH4O3U_n8d$v24h7h,T001157,GEN-ICRA-CLOSEOUT,Slab L02 S-4-2,L02,L02-Z4,icra,icra_closeout,1.0,ea,168,169,,,T001155;T001156;T001163;T001165;T001170;T001171
0j_AuOH4O3U_n8d$v24h7h,T001158,STR-SLAB-FORM,Slab L02 S-4-2,L02,L02-Z4,concrete,superstructure,144.0,m2,48,53,,,T000696;T000745;T000746;T000769;T000793
0j_AuOH4O3U_n8d$v24h7h,T001159,STR-SLAB-REBAR,Slab L02 S-4-2,L02,L02-Z4,concrete,superstructure,3.96,t,58,60,,,T001158
0j_AuOH4O3U_n8d$v24h7h,T001160,STR-SLAB-POUR,Slab L02 S-4-2,L02,L02-Z4,concrete,superstructure,36.0,m3,63,66,,,T000696;T000745;T000746;T000769;T001159
0j_AuOH4O3U_n8d$v24h7h,T001161,STR-SLAB-STRIKE,Slab L02 S-4-2,L02,L02-Z4,concrete,superstructure,144.0,m2,75,77,,,T001160
,T001162,GEN-PERMIT-WORK,Permit to work · L02 zone 4,L02,L02-Z4,commissioning,mobilise,1.0,ea,0,1,,,
,T001163,GEN-ICRA-SETUP,Erect ICRA barrier and negative air · L02 zone 4,L02,L02-Z4,icra,mobilise,1.0,ea,5,6,,,T001162
,T001164,GEN-PRECOMM-CHECK,Pre-commissioning checks · L02 zone 4,L02,L02-Z4,commissioning,mep_finish,1.0,ea,113,114,,,T001163;T001181;T001210;T001211;T001243
,T001165,GEN-HEPA-CLEAN,HEPA terminal clean · L02 zone 4,L02,L02-Z4,icra,icra_closeout,1.0,ea,161,162,,,T001155;T001163;T001164;T001170;T001182;T001189;T001208;T001244
,T001166,GEN-ICRA-CLOSEOUT,ICRA clearance and barrier removal · L02 zone 4,L02,L02-Z4,icra,icra_closeout,1.0,ea,168,169,,,T001155;T001156;T001163;T001165;T001170;T001171
0kUSVXP4U9Ak$p3lYlxnY$,T001167,MEP-TRAY-INSTALL,Cable tray L02 7,L02,L02-Z4,electrical,mep_roughin,6.0,m,91,92,,,T001193;T001204
0lH9xkgeFw_wbBH_bnN9CI,T001168,MEP-DUCT-INSTALL,Return duct L02 6,L02,L02-Z4,mechanical,mep_roughin,6.0,m,92,93,,,T001152;T001179;T001238
0lOtrPbImpKnw1TtFy_9k3,T001169,MEP-DUCT-INSTALL,Return duct L02 5,L02,L02-Z4,mechanical,mep_roughin,6.0,m,93,94,,,T001179;T001219;T001245
0pFRwJT94I_2y5VG1M6dCw,T001170,GEN-ICRA-SETUP,Slab L02 S-6-2,L02,L02-Z4,icra,mobilise,1.0,ea,5,6,,,
0pFRwJT94I_2y5VG1M6dCw,T001171,GEN-HEPA-CLEAN,Slab L02 S-6-2,L02,L02-Z4,icra,icra_closeout,144.0,m2,162,163,,,T001155;T001163;T001170;T001182;T001189;T001208;T001244
0pFRwJT94I_2y5VG1M6dCw,T001172,GEN-ICRA-CLOSEOUT,Slab L02 S-6-2,L02,L02-Z4,icra,icra_closeout,1.0,ea,168,169,,,T001155;T001156;T001163;T001165;T001170;T001171
0pFRwJT94I_2y5VG1M6dCw,T001173,STR-SLAB-FORM,Slab L02 S-6-2,L02,L02-Z4,concrete,superstructure,144.0,m2,49,54,,,T000701;T000704;T000713;T000717;T000723;T000748;T000762
0pFRwJT94I_2y5VG1M6dCw,T001174,STR-SLAB-REBAR,Slab L02 S-6-2,L02,L02-Z4,concrete,superstructure,3.96,t,58,60,,,T001173
0pFRwJT94I_2y5VG1M6dCw,T001175,STR-SLAB-POUR,Slab L02 S-6-2,L02,L02-Z4,concrete,superstructure,36.0,m3,65,68,,,T000701;T000704;T000713;T000717;T000723;T000748;T001174
0pFRwJT94I_2y5VG1M6dCw,T001176,STR-SLAB-STRIKE,Slab L02 S-6-2,L02,L02-Z4,concrete,superstructure,144.0,m2,75,77,,,T001175
0vqSwSD23F$jLIFAlvBZeK,T001177,ELE-CABLE-PULL,Power cable L02 3,L02,L02-Z4,electrical,mep_roughin,12.0,m,92,93,,,T001087;T001201
0wWN7NJSSdgC8145r5jV0q,T001178,PLB-PIPE-INSTALL,Cold water pipe L02 4,L02,L02-Z4,plumbing,mep_roughin,12.0,m,92,93,,,T001193;T001204
0ysQi9cctePrpWwN2N$RxY,T001179,ARC-ROOF-INSTALL,Roof R-4-2,L02,L02-Z4,envelope,envelope,144.0,m2,78,80,,,T001142;T001160;T001198;T001215;T001217
10PPbbcu2d$g1Yx2L1lmi9,T001180,FIR-SPRINK-INSTALL,Sprinkler main L02,L02,L02-Z4,plumbing,mep_roughin,12.0,ea,93,94,,,T001160;T001175
17MEz5zfciOaqlhyGG4V15,T001181,MEP-DIFFUSER-SET,Air terminal L02 6-2,L02,L02-Z4,mechanical,mep_finish,1.0,ea,112,113,,,T001040;T001054;T001060;T001065;T001074;T001093;T001117;T001121;T001168;T001169;T001184;T001189;T001200;T001202;T001218;T001225;T001248
17MEz5zfciOaqlhyGG4V15,T001182,CX-AIR-BALANCE,Air terminal L02 6-2,L02,L02-Z4,commissioning,commissioning,1.0,ea,139,140,,,T001031;T001040;T001054;T001060;T001065;T001074;T001093;T001117;T001121;T001168;T001169;T001181;T001184;T001200;T001202;T001218;T001225;T001248
1DZ9rteePP6$$5ZrFFvLfn,T001183,ARC-WINDOW-INSTALL,Window L02 E-3,L02,L02-Z4,envelope,envelope,1.0,ea,85,86,,,T001196
1HZyMKfZ07B_NKXvUBHr9n,T001184,MEP-DUCT-INSTALL,Supply duct L02 8,L02,L02-Z4,mechanical,mep_roughin,6.0,m,93,94,,,T001185;T001226;T001228
1JHy47QblrKrMMJNkEK3$Q,T001185,ARC-WALL-FRAME,Partition L02 Corridor N wall 7,L02,L02-Z4,interiors,mep_roughin,22.8,m2,88,89,,,T001155;T001163;T001170;T001175;T001196;T001227
1JHy47QblrKrMMJNkEK3$Q,T001186,FIR-STOP-INSTALL,Partition L02 Corridor N wall 7,L02,L02-Z4,interiors,mep_roughin,3.42,ea,96,97,,,T001155;T001163;T001170;T001184;T001185;T001200;T001222
1JHy47QblrKrMMJNkEK3$Q,T001187,ARC-WALL-BOARD,Partition L02 Corridor N wall 7,L02,L02-Z4,interiors,interiors,22.8,m2,102,103,,,T001155;T001163;T001170;T001185;T001186
1WcOcMeTmcpH6gg6vuZ6ok,T001188,PLB-PIPE-INSTALL,Chilled water pipe L02 4,L02,L02-Z4,plumbing,mep_roughin,12.0,m,93,94,,,T001193;T001204
1ZIk7yVS0fjzIYe_ePOFb7,T001189,ARC-CEILING-CLOSE,Ceiling L02 4-2,L02,L02-Z4,interiors,interiors,259.2,m2,108,112,,,T001143;T001145;T001146;T001147;T001148;T001153;T001154;T001155;T001163;T001167;T001168;T001169;T001170;T001177;T001178;T001180;T001184;T001186;T001187;T001188;T001191;T001192;T001194;T001195;T001197;T001200;T001201;T001202;T001203;T001205;T001206;T001212;T001213;T001216;T001218;T001220;T001221;T001222;T001225;T001229;T001230;T001231;T001232;T001233;T001239;T001240;T001246;T001247;T001248
1Zv6fwXKQfpiM$BgjTedCB,T001190,ARC-WALL-FRAME,Partition L02 Room wall 6-3,L02,L02-Z4,interiors,mep_roughin,22.8,m2,91,92,,,T001155;T001163;T001170;T001175;T001196;T001227
1Zv6fwXKQfpiM$BgjTedCB,T001191,FIR-STOP-INSTALL,Partition L02 Room wall 6-3,L02,L02-Z4,interiors,mep_roughin,3.42,ea,96,97,,,T001155;T001163;T001170;T001190
1Zv6fwXKQfpiM$BgjTedCB,T001192,ARC-WALL-BOARD,Partition L02 Room wall 6-3,L02,L02-Z4,interiors,interiors,22.8,m2,103,104,,,T001155;T001163;T001170;T001190;T001191
1fwPjJOIQdNC35Gi8feTQP,T001193,ARC-WALL-FRAME,Partition L02 Corridor S wall 6,L02,L02-Z4,interiors,mep_roughin,22.8,m2,88,89,,,T001155;T001163;T001170;T001175;T001196;T001227
1fwPjJOIQdNC35Gi8feTQP,T001194,FIR-STOP-INSTALL,Partition L02 Corridor S wall 6,L02,L02-Z4,interiors,mep_roughin,3.42,ea,96,97,,,T001147;T001155;T001163;T001167;T001170;T001178;T001188;T001193;T001202;T001212;T001225;T001231
1fwPjJOIQdNC35Gi8feTQP,T001195,ARC-WALL-BOARD,Partition L02 Corridor S wall 6,L02,L02-Z4,interiors,interiors,22.8,m2,103,104,,,T001148;T001155;T001163;T001170;T001178;T001188;T001193;T001194;T001197;T001213;T001231
1jV9RllIeF1e1gRxfT8naR,T001196,ARC-EXTWALL-BUILD,External wall L02 E-3,L02,L02-Z4,envelope,envelope,22.8,m2,72,74,,,T001175
1kZMtwXY$6E$OK3qhISuxv,T001197,ELE-CABLE-PULL,Power cable L02 4,L02,L02-Z4,electrical,mep_roughin,12.0,m,92,93,,,T001087;T001167
1wk4Bcflm8s8byHFZgqQQ7,T001198,STR-COL-POUR,Column C-5-3 L02,L02,L02-Z4,concrete,superstructure,0.95,m3,70,71,,,T000793
2$EnawduSqbsO8ylM1_Dou,T001199,STR-BEAM-POUR,Edge beam L02 7-3z,L02,L02-Z4,concrete,superstructure,1.44,m3,78,79,,,T001249
20z87i7BEl0MxDBeNsA5kT,T001200,MEP-DUCT-INSTALL,Return duct L02 8,L02,L02-Z4,mechanical,mep_roughin,6.0,m,93,94,,,T001185;T001226;T001228
21cmLwOGLnHtFBbIWRqHhf,T001201,MEP-TRAY-INSTALL,Cable tray L02 5,L02,L02-Z4,electrical,mep_roughin,6.0,m,91,92,,,T001219;T001245
2BpHtYMKIzg9v6XkYGDibl,T001202,MEP-DUCT-INSTALL,Supply duct L02 7,L02,L02-Z4,mechanical,mep_roughin,6.0,m,93,94,,,T001193;T001204;T001226
2JC5$CqIUdAmXSPhUHawNk,T001203,MEP-TRAY-INSTALL,Cable tray L02 6,L02,L02-Z4,electrical,mep_roughin,6.0,m,90,91,,,T001152;T001238
2KsYTRj3HuFm3uQm6vupPQ,T001204,ARC-WALL-FRAME,Partition L02 Corridor N wall 6,L02,L02-Z4,interiors,mep_roughin,22.8,m2,88,89,,,T001155;T001163;T001170;T001175;T001196;T001227
2KsYTRj3HuFm3uQm6vupPQ,T001205,FIR-STOP-INSTALL,Partition L02 Corridor N wall 6,L02,L02-Z4,interiors,mep_roughin,3.42,ea,96,97,,,T001147;T001155;T001163;T001167;T001170;T001178;T001188;T001202;T001204;T001212;T001225;T001231
2KsYTRj3HuFm3uQm6vupPQ,T001206,ARC-WALL-BOARD,Partition L02 Corridor N wall 6,L02,L02-Z4,interiors,interiors,22.8,m2,103,104,,,T001148;T001155;T001163;T001170;T001178;T001188;T001197;T001204;T001205;T001213;T001231
2NuDNjmsRTqEeFxEH$ka5A,T001207,STR-BEAM-POUR,Edge beam L02 7-2z,L02,L02-Z4,concrete,superstructure,1.44,m3,78,79,,,T001241
2OGfTUV_y2eCnIfA_xY8vn,T001208,ARC-FLOOR-FINISH,Floor finish L02 4-2,L02,L02-Z4,finishes,interiors,259.2,m2,132,139,,,T001146;T001154;T001160;T001175;T001187;T001189;T001192;T001195;T001206;T001221;T001230;T001240;T001247
2OGfTUV_y2eCnIfA_xY8vn,T001209,GEN-HANDOVER-DOC,Floor finish L02 4-2,L02,L02-Z4,commissioning,handover,1.0,ea,171,172,,,T001149;T001157;T001166;T001172;T001182;T001208;T001214;T001244
2SYqX2LIS6grGzRYCVKD1v,T001210,ELE-LIGHT-INSTALL,Light fixture L02 4-2,L02,L02-Z4,electrical,mep_finish,1.0,ea,112,113,,,T001087;T001167;T001177;T001189;T001201;T001203;T001222
2Ztcm8IS63IjDHEQxgojoO,T001211,ELE-LIGHT-INSTALL,Light fixture L02 6-2,L02,L02-Z4,electrical,mep_finish,1.0,ea,112,113,,,T001087;T001167;T001189;T001197;T001201;T001203;T001222
2_ZRGE8rkP1G1G4Q6ZJSGG,T001212,MED-GAS-PIPE-INSTALL,Medical air line L02 3,L02,L02-Z4,plumbing,mep_roughin,18.0,m,93,94,,,T000220;T001193;T001204;T001236
2_ZRGE8rkP1G1G4Q6ZJSGG,T001213,MED-GAS-TEST,Medical air line L02 3,L02,L02-Z4,plumbing,mep_roughin,18.0,m,94,95,,,T001212
2_ZRGE8rkP1G1G4Q6ZJSGG,T001214,MED-GAS-CERT,Medical air line L02 3,L02,L02-Z4,commissioning,commissioning,18.0,m,139,141,,,T000216;T000221;T000608;T000684;T000735;T001112;T001129;T001212;T001213
2gvGQHPHdHtIKe8FNeI3eq,T001215,STR-COL-POUR,Column C-5-2 L02,L02,L02-Z4,concrete,superstructure,0.95,m3,70,71,,,T000793
2j71Kr6AeEhRNiXuh4ua5$,T001216,PLB-PIPE-INSTALL,Heating water pipe L02 3,L02,L02-Z4,plumbing,mep_roughin,12.0,m,93,94,,,T001219;T001245
2jcUZ7Wn3ZSJhoHBmTrUJs,T001217,STR-COL-POUR,Column C-4-2 L02,L02,L02-Z4,concrete,superstructure,0.95,m3,70,71,,,T000793
2sNkw9wm2UG2BGtjwNm1cA,T001218,MEP-DUCT-INSTALL,Supply duct L02 6,L02,L02-Z4,mechanical,mep_roughin,6.0,m,92,93,,,T001152;T001179;T001238
2vdsor0p7qjHwZ2PQWbl3f,T001219,ARC-WALL-FRAME,Partition L02 Corridor S wall 4,L02,L02-Z4,interiors,mep_roughin,22.8,m2,88,89,,,T001155;T001160;T001163;T001170;T001196;T001227
2vdsor0p7qjHwZ2PQWbl3f,T001220,FIR-STOP-INSTALL,Partition L02 Corridor S wall 4,L02,L02-Z4,interiors,mep_roughin,3.42,ea,96,97,,,T001143;T001155;T001163;T001169;T001170;T001201;T001216;T001219;T001232;T001248
2vdsor0p7qjHwZ2PQWbl3f,T001221,ARC-WALL-BOARD,Partition L02 Corridor S wall 4,L02,L02-Z4,interiors,interiors,22.8,m2,103,104,,,T001143;T001155;T001163;T001170;T001177;T001216;T001219;T001220;T001232
2wpYgPkUtlyYonm8tQZGAM,T001222,MEP-TRAY-INSTALL,Cable tray L02 8,L02,L02-Z4,electrical,mep_roughin,6.0,m,91,92,,,T001185;T001228
2xvJg9Nhwt2pb0n21SfsJX,T001223,ARC-DOOR-INSTALL,Door L02 Corridor N wall 5,L02,L02-Z4,interiors,interiors,1.0,ea,110,111,,,T001238;T001240
30KWFO32JRkER3fHSAGYZz,T001224,ARC-WINDOW-INSTALL,Window L02 E-2,L02,L02-Z4,envelope,envelope,1.0,ea,85,86,,,T001227
35etG0IGk$0268pShqZ6wL,T001225,MEP-DUCT-INSTALL,Return duct L02 7,L02,L02-Z4,mechanical,mep_roughin,6.0,m,93,94,,,T001193;T001204;T001226
37PkxIUJctqe8QqYaKWUpU,T001226,ARC-ROOF-INSTALL,Roof R-6-2,L02,L02-Z4,envelope,envelope,144.0,m2,79,81,,,T001150;T001175;T001241;T001242;T001249
3C_2q9_9QrmevKNc1M4Fhi,T001227,ARC-EXTWALL-BUILD,External wall L02 E-2,L02,L02-Z4,envelope,envelope,22.8,m2,72,74,,,T001175
3FBMFKQF_jerOQBkzWEw20,T001228,ARC-WALL-FRAME,Partition L02 Corridor S wall 7,L02,L02-Z4,interiors,mep_roughin,22.8,m2,88,89,,,T001155;T001163;T001170;T001175;T001196;T001227
3FBMFKQF_jerOQBkzWEw20,T001229,FIR-STOP-INSTALL,Partition L02 Corridor S wall 7,L02,L02-Z4,interiors,mep_roughin,3.42,ea,96,97,,,T001155;T001163;T001170;T001184;T001200;T001222;T001228
3FBMFKQF_jerOQBkzWEw20,T001230,ARC-WALL-BOARD,Partition L02 Corridor S wall 7,L02,L02-Z4,interiors,interiors,22.8,m2,103,104,,,T001155;T001163;T001170;T001228;T001229
3OGx6jk3T861oaRc1QF0Zi,T001231,PLB-PIPE-INSTALL,Heating water pipe L02 4,L02,L02-Z4,plumbing,mep_roughin,12.0,m,93,94,,,T001193;T001204
3SN8xbRkuWUhJr7pYt4svO,T001232,PLB-PIPE-INSTALL,Chilled water pipe L02 3,L02,L02-Z4,plumbing,mep_roughin,12.0,m,93,94,,,T001219;T001245
3TOM0akySjSGTssBi4yoB6,T001233,MEP-FITTING-INSTALL,Fire damper L02 2,L02,L02-Z4,mechanical,mep_roughin,1.0,ea,93,94,,,T001168;T001218;T001236
,T001234,GEN-PERMIT-WORK,Permit to work · L02 zone 4,L02,L02-Z4,commissioning,mobilise,1.0,ea,0,1,,,
,T001235,GEN-UTIL-LOCATE,Locate and mark buried utilities · L02 zone 4,L02,L02-Z4,concrete,mobilise,1.0,ea,1,2,,,T001234
,T001236,GEN-PERMIT-HOT,Hot work permit and fire watch · L02 zone 4,L02,L02-Z4,commissioning,mobilise,1.0,ea,2,3,,,T001235
,T001237,GEN-HYDROTEST,System hydrotest or pressure test · L02 zone 4,L02,L02-Z4,plumbing,mep_roughin,1.0,ea,94,95,,,T001233
3_67l2t4f_ag89BEKBxO9t,T001238,ARC-WALL-FRAME,Partition L02 Corridor N wall 5,L02,L02-Z4,interiors,mep_roughin,22.8,m2,87,88,,,T001155;T001160;T001163;T001170;T001196;T001227
3_67l2t4f_ag89BEKBxO9t,T001239,FIR-STOP-INSTALL,Partition L02 Corridor N wall 5,L02,L02-Z4,interiors,mep_roughin,3.42,ea,96,97,,,T001155;T001163;T001168;T001170;T001203;T001218;T001238
3_67l2t4f_ag89BEKBxO9t,T001240,ARC-WALL-BOARD,Partition L02 Corridor N wall 5,L02,L02-Z4,interiors,interiors,22.8,m2,103,104,,,T001155;T001163;T001170;T001238;T001239
3_yHKOS4q1YqSPQ8Mu_fwV,T001241,STR-COL-POUR,Column C-7-2 L02,L02,L02-Z4,concrete,superstructure,0.95,m3,70,71,,,T000762
3cuZJODGN3YTTT3jAzHylN,T001242,STR-COL-POUR,Column C-6-2 L02,L02,L02-Z4,concrete,superstructure,0.95,m3,70,71,,,T000762
3iaqtVcgXbSdW9dFoVVXZv,T001243,MEP-DIFFUSER-SET,Air terminal L02 4-2,L02,L02-Z4,mechanical,mep_finish,1.0,ea,112,113,,,T001040;T001054;T001060;T001065;T001074;T001093;T001117;T001121;T001168;T001169;T001184;T001189;T001200;T001202;T001218;T001225;T001248
3iaqtVcgXbSdW9dFoVVXZv,T001244,CX-AIR-BALANCE,Air terminal L02 4-2,L02,L02-Z4,commissioning,commissioning,1.0,ea,139,140,,,T001031;T001040;T001054;T001060;T001065;T001074;T001093;T001117;T001121;T001168;T001169;T001184;T001200;T001202;T001218;T001225;T001243;T001248
3mfPRuZD9VKfzy5n_VZm7C,T001245,ARC-WALL-FRAME,Partition L02 Corridor N wall 4,L02,L02-Z4,interiors,mep_roughin,22.8,m2,88,89,,,T001155;T001160;T001163;T001170;T001196;T001227
3mfPRuZD9VKfzy5n_VZm7C,T001246,FIR-STOP-INSTALL,Partition L02 Corridor N wall 4,L02,L02-Z4,interiors,mep_roughin,3.42,ea,96,97,,,T001143;T001155;T001163;T001169;T001170;T001201;T001216;T001232;T001245;T001248
3mfPRuZD9VKfzy5n_VZm7C,T001247,ARC-WALL-BOARD,Partition L02 Corridor N wall 4,L02,L02-Z4,interiors,interiors,22.8,m2,104,105,,,T001143;T001155;T001163;T001170;T001177;T001216;T001232;T001245;T001246
3nsYB91olcBBSa0vfCpYy5,T001248,MEP-DUCT-INSTALL,Supply duct L02 5,L02,L02-Z4,mechanical,mep_roughin,6.0,m,93,94,,,T001179;T001219;T001245
3q5giR1PaW8dcf0Egho3MO,T001249,STR-COL-POUR,Column C-7-3 L02,L02,L02-Z4,concrete,superstructure,0.95,m3,70,71,,,T000762
3rpCjkd8tcTAny2Zf5IVM1,T001250,ARC-DOOR-INSTALL,Door L02 Corridor S wall 7,L02,L02-Z4,interiors,interiors,1.0,ea,110,111,,,T001228;T001230
02I_tHAHrwsNwsvnjSNs0$,T001251,STR-COL-POUR,Column C-3-5 L02,L02,L02-Z5,concrete,superstructure,0.95,m3,70,71,,,T000813
06mqdTShsz7s6cEYkZirVe,T001252,ARC-EXTWALL-BUILD,External wall L02 N-0,L02,L02-Z5,envelope,envelope,22.8,m2,72,74,,,T001269
0Aec8qkBoHUEFW$BUFegnU,T001253,ARC-ROOF-INSTALL,Roof R-2-4,L02,L02-Z5,envelope,envelope,144.0,m2,80,82,,,T001251;T001258;T001276;T001280;T001281
0DhAPHzuKdgzJV7YF25DbD,T001254,ARC-EXTWALL-BUILD,External wall L02 N-3,L02,L02-Z5,envelope,envelope,22.8,m2,72,74,,,T001276
0JO3Vdx_ts4PKYH3XZM5_2,T001255,ARC-ROOF-INSTALL,Roof R-0-4,L02,L02-Z5,envelope,envelope,144.0,m2,80,82,,,T001263;T001269;T001287;T001288;T001295
0JTk6KKZsohNvhKPPHJT1H,T001256,ELE-LIGHT-INSTALL,Light fixture L02 2-4,L02,L02-Z5,electrical,mep_finish,1.0,ea,114,115,,,T001087;T001282
0N506fRayZCtNW_kgcEC1G,T001257,ARC-WINDOW-INSTALL,Window L02 N-0,L02,L02-Z5,envelope,envelope,1.0,ea,85,86,,,T001252
0UtoempmtRMyHOnkrJaGH1,T001258,STR-COL-POUR,Column C-2-5 L02,L02,L02-Z5,concrete,superstructure,0.95,m3,70,71,,,T000813
0ZhhNWh_wChX8ks3GCTwEF,T001259,ARC-WALL-FRAME,Partition L02 Room wall 2-5,L02,L02-Z5,interiors,mep_roughin,22.8,m2,96,97,,,T001252;T001254;T001265;T001266;T001276;T001279;T001284
0ZhhNWh_wChX8ks3GCTwEF,T001260,FIR-STOP-INSTALL,Partition L02 Room wall 2-5,L02,L02-Z5,interiors,mep_roughin,3.42,ea,104,105,,,T001259
0ZhhNWh_wChX8ks3GCTwEF,T001261,ARC-WALL-BOARD,Partition L02 Room wall 2-5,L02,L02-Z5,interiors,interiors,22.8,m2,109,110,,,T001259;T001260
0e$6ocw$FlD3S61HDftSLB,T001262,ARC-WINDOW-INSTALL,Window L02 W-4,L02,L02-Z5,envelope,envelope,1.0,ea,86,87,,,T001265
0hmLnNEde4YqB$UlvcRcME,T001263,STR-COL-POUR,Column C-1-4 L02,L02,L02-Z5,concrete,superstructure,0.95,m3,70,71,,,T000829
0sE92zt5PD47yFW58c1CFQ,T001264,STR-BEAM-POUR,Edge beam L02 0-4z,L02,L02-Z5,concrete,superstructure,1.44,m3,78,79,,,T001287
12a20xaGp45h28yCrcZeip,T001265,ARC-EXTWALL-BUILD,External wall L02 W-4,L02,L02-Z5,envelope,envelope,22.8,m2,72,74,,,T001269
15GOrWikvFt8zr2LZGb57O,T001266,ARC-EXTWALL-BUILD,External wall L02 N-1,L02,L02-Z5,envelope,envelope,22.8,m2,72,74,,,T001269
18DE$S8PshpfFHfR5Mg8FZ,T001267,STR-SLAB-FORM,Slab L02 S-0-4,L02,L02-Z5,concrete,superstructure,144.0,m2,49,54,,,T000809;T000815;T000816;T000829;T000837;T000839;T000840;T000847
18DE$S8PshpfFHfR5Mg8FZ,T001268,STR-SLAB-REBAR,Slab L02 S-0-4,L02,L02-Z5,concrete,superstructure,3.96,t,58,60,,,T001267
18DE$S8PshpfFHfR5Mg8FZ,T001269,STR-SLAB-POUR,Slab L02 S-0-4,L02,L02-Z5,concrete,superstructure,36.0,m3,65,68,,,T000809;T000815;T000816;T000837;T000839;T000840;T000847;T001268
18DE$S8PshpfFHfR5Mg8FZ,T001270,STR-SLAB-STRIKE,Slab L02 S-0-4,L02,L02-Z5,concrete,superstructure,144.0,m2,76,78,,,T001269
1aVms1cXQIb33rAlxIvmKu,T001271,ARC-FLOOR-FINISH,Floor finish L02 0-4,L02,L02-Z5,finishes,interiors,259.2,m2,139,146,,,T001261;T001269;T001276;T001282;T001294
1aVms1cXQIb33rAlxIvmKu,T001272,GEN-HANDOVER-DOC,Floor finish L02 0-4,L02,L02-Z5,commissioning,handover,1.0,ea,171,172,,,T001271;T001286;T001300
1bNOqKH4VOdwbNXqQD2cTv,T001273,ELE-LIGHT-INSTALL,Light fixture L02 0-4,L02,L02-Z5,electrical,mep_finish,1.0,ea,114,115,,,T001087;T001282
1rLlLuV5HCmK2_A00MBary,T001274,STR-SLAB-FORM,Slab L02 S-2-4,L02,L02-Z5,concrete,superstructure,144.0,m2,49,54,,,T000801;T000806;T000808;T000810;T000813;T000825;T000846
1rLlLuV5HCmK2_A00MBary,T001275,STR-SLAB-REBAR,Slab L02 S-2-4,L02,L02-Z5,concrete,superstructure,3.96,t,58,60,,,T001274
1rLlLuV5HCmK2_A00MBary,T001276,STR-SLAB-POUR,Slab L02 S-2-4,L02,L02-Z5,concrete,superstructure,36.0,m3,65,68,,,T000801;T000806;T000808;T000810;T000825;T000846;T001275
1rLlLuV5HCmK2_A00MBary,T001277,STR-SLAB-STRIKE,Slab L02 S-2-4,L02,L02-Z5,concrete,superstructure,144.0,m2,76,78,,,T001276
1tlIzB$NwNMO_Na2dKMoO8,T001278,ARC-WINDOW-INSTALL,Window L02 N-2,L02,L02-Z5,envelope,envelope,1.0,ea,86,87,,,T001284
1xnO_DhQedwJDGSknvPpO8,T001279,ARC-EXTWALL-BUILD,External wall L02 W-5,L02,L02-Z5,envelope,envelope,22.8,m2,73,75,,,T001269
24PBu3zJOhzdfICGQ4wnE0,T001280,STR-COL-POUR,Column C-2-4 L02,L02,L02-Z5,concrete,superstructure,0.95,m3,70,71,,,T000813
25Bgx5Dd2dQfPOaZeuFYJK,T001281,STR-COL-POUR,Column C-3-4 L02,L02,L02-Z5,concrete,superstructure,0.95,m3,70,71,,,T000813
2DZwZPwaKGf2F6fzlIem3t,T001282,ARC-CEILING-CLOSE,Ceiling L02 0-4,L02,L02-Z5,interiors,interiors,259.2,m2,110,114,,,T001260;T001261;T001293;T001294
2NQ4eiIlvKcF3p$IweJ0gb,T001283,STR-BEAM-POUR,Edge beam L02 2-5x,L02,L02-Z5,concrete,superstructure,1.44,m3,78,79,,,T001258
2f71jSZMW2DmWQuSfYQoJv,T001284,ARC-EXTWALL-BUILD,External wall L02 N-2,L02,L02-Z5,envelope,envelope,22.8,m2,74,76,,,T001276
2hy0tAR8XkcOXfonSA9Sl6,T001285,MEP-DIFFUSER-SET,Air terminal L02 0-4,L02,L02-Z5,mechanical,mep_finish,1.0,ea,114,115,,,T001040;T001054;T001060;T001065;T001074;T001093;T001117;T001121;T001168;T001169;T001184;T001200;T001202;T001218;T001225;T001248;T001282
2hy0tAR8XkcOXfonSA9Sl6,T001286,CX-AIR-BALANCE,Air terminal L02 0-4,L02,L02-Z5,commissioning,commissioning,1.0,ea,146,147,,,T001031;T001040;T001054;T001060;T001065;T001074;T001093;T001117;T001121;T001168;T001169;T001184;T001200;T001202;T001218;T001225;T001248;T001285
2hzy4HzJwgxq7ce2Qgj8JZ,T001287,STR-COL-POUR,Column C-0-4 L02,L02,L02-Z5,concrete,superstructure,0.95,m3,70,71,,,T000829
2nvPQecctiB1pGb7l60jEa,T001288,STR-COL-POUR,Column C-1-5 L02,L02,L02-Z5,concrete,superstructure,0.95,m3,70,71,,,T000829
2ru2bO82Tgqhf_uwcGdLXT,T001289,STR-BEAM-POUR,Edge beam L02 0-5x,L02,L02-Z5,concrete,superstructure,1.44,m3,78,79,,,T001295
2sLdDIxDEU2wNY3yvjXFAj,T001290,ARC-WINDOW-INSTALL,Window L02 W-5,L02,L02-Z5,envelope,envelope,1.0,ea,86,87,,,T001279
3$9LunnpYQN0KR1wXcSbYF,T001291,ARC-WINDOW-INSTALL,Window L02 N-1,L02,L02-Z5,envelope,envelope,1.0,ea,86,87,,,T001266
36PN1I4UKof1zziOpvRwXu,T001292,ARC-WALL-FRAME,Partition L02 Room wall 2-4,L02,L02-Z5,interiors,mep_roughin,22.8,m2,96,97,,,T001252;T001254;T001265;T001266;T001276;T001279;T001284
36PN1I4UKof1zziOpvRwXu,T001293,FIR-STOP-INSTALL,Partition L02 Room wall 2-4,L02,L02-Z5,interiors,mep_roughin,3.42,ea,104,105,,,T001292
36PN1I4UKof1zziOpvRwXu,T001294,ARC-WALL-BOARD,Partition L02 Room wall 2-4,L02,L02-Z5,interiors,interiors,22.8,m2,109,110,,,T001292;T001293
3ExfCuMdp8Dmf$7BRH0IJv,T001295,STR-COL-POUR,Column C-0-5 L02,L02,L02-Z5,concrete,superstructure,0.95,m3,71,72,,,T000829
3I0S3TsnIjaSnE_LESDaj9,T001296,ARC-WINDOW-INSTALL,Window L02 N-3,L02,L02-Z5,envelope,envelope,1.0,ea,86,87,,,T001254
3bIuhEz5HEd3pSvjBf7OSZ,T001297,STR-BEAM-POUR,Edge beam L02 3-5x,L02,L02-Z5,concrete,superstructure,1.44,m3,78,79,,,T001251
3la6IjawLKaNMJKUE5eGuX,T001298,STR-BEAM-POUR,Edge beam L02 1-5x,L02,L02-Z5,concrete,superstructure,1.44,m3,78,79,,,T001288
3o34eIZm6JB_ua8xXO4cQe,T001299,MEP-DIFFUSER-SET,Air terminal L02 2-4,L02,L02-Z5,mechanical,mep_finish,1.0,ea,114,115,,,T001040;T001054;T001060;T001065;T001074;T001093;T001117;T001121;T001168;T001169;T001184;T001200;T001202;T001218;T001225;T001248;T001282
3o34eIZm6JB_ua8xXO4cQe,T001300,CX-AIR-BALANCE,Air terminal L02 2-4,L02,L02-Z5,commissioning,commissioning,1.0,ea,146,147,,,T001031;T001040;T001054;T001060;T001065;T001074;T001093;T001117;T001121;T001168;T001169;T001184;T001200;T001202;T001218;T001225;T001248;T001299
06VESE64YU8CZSpooCSY$Q,T001301,ARC-WINDOW-INSTALL,Window L02 E-5,L02,L02-Z6,envelope,envelope,1.0,ea,86,87,,,T001369
0FIopDL8kPhPpFTs$ZYpjy,T001302,STR-BEAM-POUR,Edge beam L02 7-4z,L02,L02-Z6,concrete,superstructure,1.44,m3,78,79,,,T001359
0HgpDRQ1T2SPWqxu8Fswk1,T001303,MEP-DIFFUSER-SET,Air terminal L02 4-4,L02,L02-Z6,mechanical,mep_finish,1.0,ea,113,114,,,T001040;T001054;T001060;T001065;T001074;T001093;T001117;T001121;T001168;T001169;T001184;T001200;T001202;T001218;T001225;T001248;T001310
0HgpDRQ1T2SPWqxu8Fswk1,T001304,CX-AIR-BALANCE,Air terminal L02 4-4,L02,L02-Z6,commissioning,commissioning,1.0,ea,146,147,,,T001031;T001040;T001054;T001060;T001065;T001074;T001093;T001117;T001121;T001168;T001169;T001184;T001200;T001202;T001218;T001225;T001248;T001303
0PBBpXIhjoHnDbAfSu5VJZ,T001305,ARC-WALL-FRAME,Partition L02 Room wall 6-5,L02,L02-Z6,interiors,mep_roughin,22.8,m2,91,92,,,T001317;T001322;T001324;T001332;T001337;T001338;T001342;T001361;T001366;T001369
0PBBpXIhjoHnDbAfSu5VJZ,T001306,FIR-STOP-INSTALL,Partition L02 Room wall 6-5,L02,L02-Z6,interiors,mep_roughin,3.42,ea,96,97,,,T001305;T001324;T001332;T001361
0PBBpXIhjoHnDbAfSu5VJZ,T001307,ARC-WALL-BOARD,Partition L02 Room wall 6-5,L02,L02-Z6,interiors,interiors,22.8,m2,104,105,,,T001305;T001306;T001324;T001332;T001361
0_5kapqGukelAqvX57V1JD,T001308,ARC-WINDOW-INSTALL,Window L02 N-7,L02,L02-Z6,envelope,envelope,1.0,ea,86,87,,,T001342
0arM_V3FZ$8kztXyFl2XK7,T001309,STR-BEAM-POUR,Edge beam L02 7-5x,L02,L02-Z6,concrete,superstructure,1.44,m3,78,79,,,T001323
0qh8$p7roJBQvKEXTU736S,T001310,ARC-CEILING-CLOSE,Ceiling L02 4-4,L02,L02-Z6,interiors,interiors,259.2,m2,109,113,,,T001306;T001307;T001314;T001315;T001324;T001332;T001340;T001341;T001361;T001371;T001372
0rApiAIH3lKJaE9fqR5Jee,T001311,MEP-CHILLER-SET,Boiler B-1,L02,L02-Z6,mechanical,mep_roughin,1.0,ea,87,89,,,T001366
0rApiAIH3lKJaE9fqR5Jee,T001312,GEN-HANDOVER-DOC,Boiler B-1,L02,L02-Z6,commissioning,handover,1.0,ea,171,172,,,T001304;T001311;T001326;T001335;T001346;T001363
0xsL_bSDBkU$tr7DZZWgrW,T001313,ARC-WALL-FRAME,Partition L02 Room wall 4-5,L02,L02-Z6,interiors,mep_roughin,22.8,m2,91,92,,,T001317;T001322;T001324;T001329;T001332;T001337;T001338;T001342;T001361;T001369
0xsL_bSDBkU$tr7DZZWgrW,T001314,FIR-STOP-INSTALL,Partition L02 Room wall 4-5,L02,L02-Z6,interiors,mep_roughin,3.42,ea,96,97,,,T001313;T001324;T001332;T001361
0xsL_bSDBkU$tr7DZZWgrW,T001315,ARC-WALL-BOARD,Partition L02 Room wall 4-5,L02,L02-Z6,interiors,interiors,22.8,m2,104,105,,,T001313;T001314;T001324;T001332;T001361
0ywygrjbbL4cX7yL6b3a_A,T001316,STR-COL-POUR,Column C-5-5 L02,L02,L02-Z6,concrete,superstructure,0.95,m3,71,72,,,T000890
0zK3IkIAV91rJNyHcyqhu1,T001317,ARC-EXTWALL-BUILD,External wall L02 N-5,L02,L02-Z6,envelope,envelope,22.8,m2,74,76,,,T001329
1$nWVSwNK2kbJIEmMmfXmO,T001318,PLB-FIXTURE-SET,Sanitary fixture L02 3,L02,L02-Z6,plumbing,mep_finish,1.0,ea,145,146,,,T001307;T001352
12AvBoO_e7koIslnl1aiid,T001319,STR-BEAM-POUR,Edge beam L02 4-5x,L02,L02-Z6,concrete,superstructure,1.44,m3,78,79,,,T001336
19ZWGZZW1EMJvlMXU_N4hA,T001320,STR-COL-POUR,Column C-6-5 L02,L02,L02-Z6,concrete,superstructure,0.95,m3,71,72,,,T000903
1IXkoNgfw_38yEizxLaiGD,T001321,STR-COL-POUR,Column C-6-4 L02,L02,L02-Z6,concrete,superstructure,0.95,m3,71,72,,,T000903
1IeInvz8EsZIBfGNnje$sz,T001322,ARC-EXTWALL-BUILD,External wall L02 N-4,L02,L02-Z6,envelope,envelope,22.8,m2,74,76,,,T001329
1J$qnUuLQi6XE6LxpycyTm,T001323,STR-COL-POUR,Column C-7-5 L02,L02,L02-Z6,concrete,superstructure,0.95,m3,71,72,,,T000903
1QIYvqUM4N$Bcir0UOFCkS,T001324,GEN-ICRA-SETUP,Slab L02 S-4-4,L02,L02-Z6,icra,mobilise,1.0,ea,6,7,,,
1QIYvqUM4N$Bcir0UOFCkS,T001325,GEN-HEPA-CLEAN,Slab L02 S-4-4,L02,L02-Z6,icra,icra_closeout,144.0,m2,162,163,,,T001304;T001310;T001324;T001332;T001346;T001352;T001361
1QIYvqUM4N$Bcir0UOFCkS,T001326,GEN-ICRA-CLOSEOUT,Slab L02 S-4-4,L02,L02-Z6,icra,icra_closeout,1.0,ea,168,169,,,T001324;T001325;T001332;T001334;T001361;T001362
1QIYvqUM4N$Bcir0UOFCkS,T001327,STR-SLAB-FORM,Slab L02 S-4-4,L02,L02-Z6,concrete,superstructure,144.0,m2,53,58,,,T000877;T000879;T000881;T000882;T000884;T000890;T000913
1QIYvqUM4N$Bcir0UOFCkS,T001328,STR-SLAB-REBAR,Slab L02 S-4-4,L02,L02-Z6,concrete,superstructure,3.96,t,58,60,,,T001327
1QIYvqUM4N$Bcir0UOFCkS,T001329,STR-SLAB-POUR,Slab L02 S-4-4,L02,L02-Z6,concrete,superstructure,36.0,m3,66,69,,,T000877;T000879;T000881;T000882;T000884;T000913;T001328
1QIYvqUM4N$Bcir0UOFCkS,T001330,STR-SLAB-STRIKE,Slab L02 S-4-4,L02,L02-Z6,concrete,superstructure,144.0,m2,77,79,,,T001329
,T001331,GEN-PERMIT-WORK,Permit to work · L02 zone 6,L02,L02-Z6,commissioning,mobilise,1.0,ea,0,1,,,
,T001332,GEN-ICRA-SETUP,Erect ICRA barrier and negative air · L02 zone 6,L02,L02-Z6,icra,mobilise,1.0,ea,6,7,,,T001331
,T001333,GEN-PRECOMM-CHECK,Pre-commissioning checks · L02 zone 6,L02,L02-Z6,commissioning,mep_finish,1.0,ea,114,115,,,T001303;T001332;T001345;T001356;T001374
,T001334,GEN-HEPA-CLEAN,HEPA terminal clean · L02 zone 6,L02,L02-Z6,icra,icra_closeout,1.0,ea,162,163,,,T001304;T001310;T001324;T001332;T001333;T001346;T001352;T001361
,T001335,GEN-ICRA-CLOSEOUT,ICRA clearance and barrier removal · L02 zone 6,L02,L02-Z6,icra,icra_closeout,1.0,ea,169,170,,,T001324;T001325;T001332;T001334;T001361;T001362
1Yqk44zlEzAIZxABVy9d6h,T001336,STR-COL-POUR,Column C-4-5 L02,L02,L02-Z6,concrete,superstructure,0.95,m3,71,72,,,T000890
1aKD8R1dOP4UYA5z56eBd1,T001337,ARC-EXTWALL-BUILD,External wall L02 N-6,L02,L02-Z6,envelope,envelope,22.8,m2,74,76,,,T001366
1l06X5E6c9XgmYLHwFGeIq,T001338,ARC-EXTWALL-BUILD,External wall L02 E-4,L02,L02-Z6,envelope,envelope,22.8,m2,74,76,,,T001366
1uIZf1FdDyTucFwJ9hY5mW,T001339,ARC-WALL-FRAME,Partition L02 Room wall 4-4,L02,L02-Z6,interiors,mep_roughin,22.8,m2,92,93,,,T001317;T001322;T001324;T001329;T001332;T001337;T001338;T001342;T001361;T001369
1uIZf1FdDyTucFwJ9hY5mW,T001340,FIR-STOP-INSTALL,Partition L02 Room wall 4-4,L02,L02-Z6,interiors,mep_roughin,3.42,ea,96,97,,,T001324;T001332;T001339;T001361
1uIZf1FdDyTucFwJ9hY5mW,T001341,ARC-WALL-BOARD,Partition L02 Room wall 4-4,L02,L02-Z6,interiors,interiors,22.8,m2,104,105,,,T001324;T001332;T001339;T001340;T001361
2B$CweLbK8ZkjB9MwXyWuH,T001342,ARC-EXTWALL-BUILD,External wall L02 N-7,L02,L02-Z6,envelope,envelope,22.8,m2,74,76,,,T001366
2E1DQieYIaVL9dhu6G3y6D,T001343,STR-COL-POUR,Column C-4-4 L02,L02,L02-Z6,concrete,superstructure,0.95,m3,71,72,,,T000890
2EJ74MK1oswXdTsKYBmGRp,T001344,ARC-WINDOW-INSTALL,Window L02 N-5,L02,L02-Z6,envelope,envelope,1.0,ea,86,87,,,T001317
2G5Gbw82BwKKGb6l7uqXxD,T001345,MEP-DIFFUSER-SET,Air terminal L02 6-4,L02,L02-Z6,mechanical,mep_finish,1.0,ea,113,114,,,T001040;T001054;T001060;T001065;T001074;T001093;T001117;T001121;T001168;T001169;T001184;T001200;T001202;T001218;T001225;T001248;T001310
2G5Gbw82BwKKGb6l7uqXxD,T001346,CX-AIR-BALANCE,Air terminal L02 6-4,L02,L02-Z6,commissioning,commissioning,1.0,ea,146,147,,,T001031;T001040;T001054;T001060;T001065;T001074;T001093;T001117;T001121;T001168;T001169;T001184;T001200;T001202;T001218;T001225;T001248;T001345
2Ov$WNosQKerTYNv$yeLKj,T001347,MEP-CHILLER-SET,Chiller CH-1,L02,L02-Z6,mechanical,mep_roughin,1.0,ea,87,89,,,T001366
2Ov$WNosQKerTYNv$yeLKj,T001348,GEN-HANDOVER-DOC,Chiller CH-1,L02,L02-Z6,commissioning,handover,1.0,ea,171,172,,,T001304;T001326;T001335;T001346;T001347;T001363
2aoOeojGCgqCJ3mz4bKJxA,T001349,ARC-WINDOW-INSTALL,Window L02 N-6,L02,L02-Z6,envelope,envelope,1.0,ea,86,87,,,T001337
2d246UWndkFUun1oWcBUcQ,T001350,ARC-ROOF-INSTALL,Roof R-6-4,L02,L02-Z6,envelope,envelope,144.0,m2,80,82,,,T001320;T001321;T001323;T001359;T001366
2noaWIV_VOv9NCGAB6Fw5U,T001351,PLB-FIXTURE-SET,Sanitary fixture L02 1,L02,L02-Z6,plumbing,mep_finish,1.0,ea,145,146,,,T001341;T001352
2oMf4af57G$88HJDKUBkjh,T001352,ARC-FLOOR-FINISH,Floor finish L02 4-4,L02,L02-Z6,finishes,interiors,259.2,m2,138,145,,,T001307;T001310;T001315;T001329;T001341;T001366;T001372
2oMf4af57G$88HJDKUBkjh,T001353,GEN-HANDOVER-DOC,Floor finish L02 4-4,L02,L02-Z6,commissioning,handover,1.0,ea,171,172,,,T001304;T001326;T001335;T001346;T001352;T001363
2r69w6_b4SJjDWjMeE$DMM,T001354,PLB-FIXTURE-SET,Sanitary fixture L02 2,L02,L02-Z6,plumbing,mep_finish,1.0,ea,145,146,,,T001352
2rMxHPNmb_5cc$xS30JXcy,T001355,STR-BEAM-POUR,Edge beam L02 6-5x,L02,L02-Z6,concrete,superstructure,1.44,m3,79,80,,,T001320
3$fXqDNX6nkTuJyIh8NJe5,T001356,ELE-LIGHT-INSTALL,Light fixture L02 6-4,L02,L02-Z6,electrical,mep_finish,1.0,ea,113,114,,,T001087;T001310
36BsoMvjdgPAxGBxCwdxyT,T001357,STR-COL-POUR,Column C-5-4 L02,L02,L02-Z6,concrete,superstructure,0.95,m3,71,72,,,T000890
3BRuruaKsrHBIQcyg8mB0q,T001358,STR-BEAM-POUR,Edge beam L02 5-5x,L02,L02-Z6,concrete,superstructure,1.44,m3,79,80,,,T001316
3Df9cxpqUVKzn8hQtthUM9,T001359,STR-COL-POUR,Column C-7-4 L02,L02,L02-Z6,concrete,superstructure,0.95,m3,71,72,,,T000903
3FUz_ZfzSBXbAjVQ99$7R1,T001360,ARC-WINDOW-INSTALL,Window L02 E-4,L02,L02-Z6,envelope,envelope,1.0,ea,86,87,,,T001338
3QZ6OEJy$MK56kaQtWgw5D,T001361,GEN-ICRA-SETUP,Slab L02 S-6-4,L02,L02-Z6,icra,mobilise,1.0,ea,6,7,,,
3QZ6OEJy$MK56kaQtWgw5D,T001362,GEN-HEPA-CLEAN,Slab L02 S-6-4,L02,L02-Z6,icra,icra_closeout,144.0,m2,162,163,,,T001304;T001310;T001324;T001332;T001346;T001352;T001361
3QZ6OEJy$MK56kaQtWgw5D,T001363,GEN-ICRA-CLOSEOUT,Slab L02 S-6-4,L02,L02-Z6,icra,icra_closeout,1.0,ea,169,170,,,T001324;T001325;T001332;T001334;T001361;T001362
3QZ6OEJy$MK56kaQtWgw5D,T001364,STR-SLAB-FORM,Slab L02 S-6-4,L02,L02-Z6,concrete,superstructure,144.0,m2,53,58,,,T000851;T000852;T000866;T000880;T000883;T000903;T000914;T000915
3QZ6OEJy$MK56kaQtWgw5D,T001365,STR-SLAB-REBAR,Slab L02 S-6-4,L02,L02-Z6,concrete,superstructure,3.96,t,60,62,,,T001364
3QZ6OEJy$MK56kaQtWgw5D,T001366,STR-SLAB-POUR,Slab L02 S-6-4,L02,L02-Z6,concrete,superstructure,36.0,m3,66,69,,,T000851;T000852;T000866;T000880;T000883;T000914;T000915;T001365
3QZ6OEJy$MK56kaQtWgw5D,T001367,STR-SLAB-STRIKE,Slab L02 S-6-4,L02,L02-Z6,concrete,superstructure,144.0,m2,77,79,,,T001366
3RIDMRZuqW7_lEesyVZIky,T001368,ARC-ROOF-INSTALL,Roof R-4-4,L02,L02-Z6,envelope,envelope,144.0,m2,81,83,,,T001316;T001329;T001336;T001343;T001357
3RJotg6uYlC6msObOpMZ$t,T001369,ARC-EXTWALL-BUILD,External wall L02 E-5,L02,L02-Z6,envelope,envelope,22.8,m2,75,77,,,T001366
3e$NmPX_ihukKLf2EOdbMo,T001370,ARC-WALL-FRAME,Partition L02 Room wall 6-4,L02,L02-Z6,interiors,mep_roughin,22.8,m2,92,93,,,T001317;T001322;T001324;T001332;T001337;T001338;T001342;T001361;T001366;T001369
3e$NmPX_ihukKLf2EOdbMo,T001371,FIR-STOP-INSTALL,Partition L02 Room wall 6-4,L02,L02-Z6,interiors,mep_roughin,3.42,ea,96,97,,,T001324;T001332;T001361;T001370
3e$NmPX_ihukKLf2EOdbMo,T001372,ARC-WALL-BOARD,Partition L02 Room wall 6-4,L02,L02-Z6,interiors,interiors,22.8,m2,104,105,,,T001324;T001332;T001361;T001370;T001371
3gHVnr$$TnArSBUk0Q2kyH,T001373,ARC-WINDOW-INSTALL,Window L02 N-4,L02,L02-Z6,envelope,envelope,1.0,ea,86,87,,,T001322
3sIzieV7MZlQ7AMTX_LU3R,T001374,ELE-LIGHT-INSTALL,Light fixture L02 4-4,L02,L02-Z6,electrical,mep_finish,1.0,ea,113,114,,,T001087;T001310
