element_guid,task_id,step_id,element_name,storey_id,zone_id,trade,phase,quantity,unit,planned_start_day,planned_finish_day,actual_start_day,actual_finish_day,predecessor_task_ids
0P98CYMFxlMJNV1fLY27oH,T000001,CIV-TM-STAGE1,Comms duct CH006,UG1,UG1-Z1,traffic,traffic_stage_1,60.0,m,0,1,,,
0P98CYMFxlMJNV1fLY27oH,T000002,CIV-DUCT-LAY,Comms duct CH006,UG1,UG1-Z1,utilities,drainage,6.0,m,21,22,,,T000001;T000003;T000005;T000007;T000009;T000018;T000020;T000022;T000031;T000033;T000034;T000036;T000037;T000039;T000040;T000042;T000044;T000045;T000047;T000048;T000050;T000051;T000053;T000054;T000056
0cWDISSVxJCkqprgcAVKz8,T000003,CIV-TM-STAGE1,Comms duct CH018,UG1,UG1-Z1,traffic,traffic_stage_1,60.0,m,0,1,,,
0cWDISSVxJCkqprgcAVKz8,T000004,CIV-DUCT-LAY,Comms duct CH018,UG1,UG1-Z1,utilities,drainage,6.0,m,21,22,,,T000001;T000003;T000005;T000007;T000009;T000018;T000020;T000022;T000031;T000033;T000034;T000036;T000037;T000039;T000040;T000042;T000044;T000045;T000047;T000048;T000050;T000051;T000053;T000054;T000056
0jgOdL1CIY73Rl3vpgwifa,T000005,CIV-TM-STAGE1,Comms duct CH012,UG1,UG1-Z1,traffic,traffic_stage_1,60.0,m,0,1,,,
0jgOdL1CIY73Rl3vpgwifa,T000006,CIV-DUCT-LAY,Comms duct CH012,UG1,UG1-Z1,utilities,drainage,6.0,m,21,22,,,T000001;T000003;T000005;T000007;T000009;T000018;T000020;T000022;T000031;T000033;T000034;T000036;T000037;T000039;T000040;T000042;T000044;T000045;T000047;T000048;T000050;T000051;T000053;T000054;T000056
16yJGUlZxVwMEVK58mH0aw,T000007,CIV-TM-STAGE1,Gas main CH006,UG1,UG1-Z1,traffic,traffic_stage_1,60.0,m,0,1,,,
16yJGUlZxVwMEVK58mH0aw,T000008,CIV-UTIL-DIVERT,Gas main CH006,UG1,UG1-Z1,utilities,utilities,6.0,m,10,12,,,T000001;T000003;T000005;T000007;T000014;T000018;T000020;T000031;T000034;T000037;T000040;T000042;T000045;T000048;T000051;T000054
16yJGUlZxVwMEVK58mH0aw,T000009,CIV-UTIL-TEST,Gas main CH006,UG1,UG1-Z1,utilities,utilities,6.0,m,12,13,,,T000008
,T000010,GEN-SURVEY-SETOUT,Survey set-out of the work area · system UT-GAS,UG1,UG1-Z1,qa,mobilise,1.0,ea,5,6,,,
,T000011,GEN-UTIL-LOCATE,Locate and mark buried utilities · system UT-GAS,UG1,UG1-Z1,utilities,mobilise,1.0,ea,6,7,,,T000010
,T000012,GEN-PERMIT-WORK,Permit to work · system UT-GAS,UG1,UG1-Z1,erection,mobilise,1.0,ea,7,8,,,T000011
,T000013,GEN-TW-CHECK,Temporary works design check and permit to load · system UT-GAS,UG1,UG1-Z1,erection,mobilise,1.0,ea,8,9,,,T000012
,T000014,GEN-SHORING-INSTALL,Install trench or pit shoring · system UT-GAS,UG1,UG1-Z1,utilities,utilities,1.0,ea,9,10,,,T000010;T000011;T000013;T000023;T000024;T000026
,T000015,GEN-HYDROTEST,System hydrotest or pressure test · system UT-GAS,UG1,UG1-Z1,utilities,drainage,1.0,ea,21,22,,,T000009;T000033;T000036;T000039;T000047;T000132;T000138;T000153;T000161;T000164;T000172;T000197
,T000016,GEN-SHORING-REMOVE,Remove trench or pit shoring · system UT-GAS,UG1,UG1-Z1,utilities,structures,1.0,ea,25,26,,,T000009;T000014;T000015;T000027;T000033;T000036;T000039;T000047;T000132;T000138;T000153;T000161;T000164;T000172;T000197
,T000017,GEN-SURVEY-ASBUILT,As-built survey and record · system UT-GAS,UG1,UG1-Z1,qa,finishing,1.0,ea,26,27,,,T000016
18xXKC$Sa4ohKyvjdbprUd,T000018,CIV-TM-STAGE1,Comms duct CH024,UG1,UG1-Z1,traffic,traffic_stage_1,60.0,m,0,1,,,
18xXKC$Sa4ohKyvjdbprUd,T000019,CIV-DUCT-LAY,Comms duct CH024,UG1,UG1-Z1,utilities,drainage,6.0,m,21,22,,,T000001;T000003;T000005;T000007;T000009;T000018;T000020;T000022;T000031;T000033;T000034;T000036;T000037;T000039;T000040;T000042;T000044;T000045;T000047;T000048;T000050;T000051;T000053;T000054;T000056
1MSZD0UdtnvRTCAquuJnm2,T000020,CIV-TM-STAGE1,Water main CH000,UG1,UG1-Z1,traffic,traffic_stage_1,60.0,m,0,1,,,
1MSZD0UdtnvRTCAquuJnm2,T000021,CIV-UTIL-DIVERT,Water main CH000,UG1,UG1-Z1,utilities,utilities,6.0,m,10,12,,,T000001;T000003;T000005;T000007;T000018;T000020;T000027;T000031;T000034;T000037;T000040;T000042;T000045;T000048;T000051;T000054
1MSZD0UdtnvRTCAquuJnm2,T000022,CIV-UTIL-TEST,Water main CH000,UG1,UG1-Z1,utilities,utilities,6.0,m,12,13,,,T000021
,T000023,GEN-SURVEY-SETOUT,Survey set-out of the work area · system UT-WATER,UG1,UG1-Z1,qa,mobilise,1.0,ea,5,6,,,
,T000024,GEN-UTIL-LOCATE,Locate and mark buried utilities · system UT-WATER,UG1,UG1-Z1,utilities,mobilise,1.0,ea,6,7,,,T000023
,T000025,GEN-PERMIT-WORK,Permit to work · system UT-WATER,UG1,UG1-Z1,erection,mobilise,1.0,ea,7,8,,,T000024
,T000026,GEN-TW-CHECK,Temporary works design check and permit to load · system UT-WATER,UG1,UG1-Z1,erection,mobilise,1.0,ea,8,9,,,T000025
,T000027,GEN-SHORING-INSTALL,Install trench or pit shoring · system UT-WATER,UG1,UG1-Z1,utilities,utilities,1.0,ea,9,10,,,T000010;T000011;T000013;T000023;T000024;T000026
,T000028,GEN-HYDROTEST,System hydrotest or pressure test · system UT-WATER,UG1,UG1-Z1,utilities,drainage,1.0,ea,21,22,,,T000022;T000044;T000050;T000053;T000056;T000129;T000135;T000141;T000150;T000158;T000169;T000179;T000184;T000187;T000190;T000200;T000205;T000208;T000211;T000220;T000225;T000238;T000241;T000244;T000247;T000252;T000259;T000262;T000265;T000272
,T000029,GEN-SHORING-REMOVE,Remove trench or pit shoring · system UT-WATER,UG1,UG1-Z1,utilities,structures,1.0,ea,25,26,,,T000014;T000022;T000027;T000028;T000044;T000050;T000053;T000056;T000129;T000135;T000141;T000150;T000158;T000169;T000179;T000184;T000187;T000190;T000200;T000205;T000208;T000211;T000220;T000225;T000238;T000241;T000244;T000247;T000252;T000259;T000262;T000265;T000272
,T000030,GEN-SURVEY-ASBUILT,As-built survey and record · system UT-WATER,UG1,UG1-Z1,qa,finishing,1.0,ea,26,27,,,T000029
26Fu_t48JmguYIIPBnZoS5,T000031,CIV-TM-STAGE1,Gas main CH012,UG1,UG1-Z1,traffic,traffic_stage_1,60.0,m,0,1,,,
26Fu_t48JmguYIIPBnZoS5,T000032,CIV-UTIL-DIVERT,Gas main CH012,UG1,UG1-Z1,utilities,utilities,6.0,m,10,12,,,T000001;T000003;T000005;T000007;T000014;T000018;T000020;T000031;T000034;T000037;T000040;T000042;T000045;T000048;T000051;T000054
26Fu_t48JmguYIIPBnZoS5,T000033,CIV-UTIL-TEST,Gas main CH012,UG1,UG1-Z1,utilities,utilities,6.0,m,12,13,,,T000032
27tptJry3glFdU__oRptUa,T000034,CIV-TM-STAGE1,Gas main CH018,UG1,UG1-Z1,traffic,traffic_stage_1,60.0,m,0,1,,,
27tptJry3glFdU__oRptUa,T000035,CIV-UTIL-DIVERT,Gas main CH018,UG1,UG1-Z1,utilities,utilities,6.0,m,10,12,,,T000001;T000003;T000005;T000007;T000014;T000018;T000020;T000031;T000034;T000037;T000040;T000042;T000045;T000048;T000051;T000054
27tptJry3glFdU__oRptUa,T000036,CIV-UTIL-TEST,Gas main CH018,UG1,UG1-Z1,utilities,utilities,6.0,m,12,13,,,T000035
2QUxJJ4A7FIDvGJ9ageUzt,T000037,CIV-TM-STAGE1,Gas main CH024,UG1,UG1-Z1,traffic,traffic_stage_1,60.0,m,0,1,,,
2QUxJJ4A7FIDvGJ9ageUzt,T000038,CIV-UTIL-DIVERT,Gas main CH024,UG1,UG1-Z1,utilities,utilities,6.0,m,10,12,,,T000001;T000003;T000005;T000007;T000014;T000018;T000020;T000031;T000034;T000037;T000040;T000042;T000045;T000048;T000051;T000054
2QUxJJ4A7FIDvGJ9ageUzt,T000039,CIV-UTIL-TEST,Gas main CH024,UG1,UG1-Z1,utilities,utilities,6.0,m,12,13,,,T000038
2Q_thf2$nuQlI9mLpQRejp,T000040,CIV-TM-STAGE1,Comms duct CH000,UG1,UG1-Z1,traffic,traffic_stage_1,60.0,m,0,1,,,
2Q_thf2$nuQlI9mLpQRejp,T000041,CIV-DUCT-LAY,Comms duct CH000,UG1,UG1-Z1,utilities,drainage,6.0,m,21,22,,,T000001;T000003;T000005;T000007;T000009;T000018;T000020;T000022;T000031;T000033;T000034;T000036;T000037;T000039;T000040;T000042;T000044;T000045;T000047;T000048;T000050;T000051;T000053;T000054;T000056
2QxGr6VICbl6ixnt9bjz5z,T000042,CIV-TM-STAGE1,Water main CH012,UG1,UG1-Z1,traffic,traffic_stage_1,60.0,m,0,1,,,
2QxGr6VICbl6ixnt9bjz5z,T000043,CIV-UTIL-DIVERT,Water main CH012,UG1,UG1-Z1,utilities,utilities,6.0,m,10,12,,,T000001;T000003;T000005;T000007;T000018;T000020;T000027;T000031;T000034;T000037;T000040;T000042;T000045;T000048;T000051;T000054
2QxGr6VICbl6ixnt9bjz5z,T000044,CIV-UTIL-TEST,Water main CH012,UG1,UG1-Z1,utilities,utilities,6.0,m,12,13,,,T000043
2VbTmy3V8v2nikm2_tvsBt,T000045,CIV-TM-STAGE1,Gas main CH000,UG1,UG1-Z1,traffic,traffic_stage_1,60.0,m,0,1,,,
2VbTmy3V8v2nikm2_tvsBt,T000046,CIV-UTIL-DIVERT,Gas main CH000,UG1,UG1-Z1,utilities,utilities,6.0,m,10,12,,,T000001;T000003;T000005;T000007;T000014;T000018;T000020;T000031;T000034;T000037;T000040;T000042;T000045;T000048;T000051;T000054
2VbTmy3V8v2nikm2_tvsBt,T000047,CIV-UTIL-TEST,Gas main CH000,UG1,UG1-Z1,utilities,utilities,6.0,m,12,13,,,T000046
2kjB5LdgC4A50OLo_DYb9a,T000048,CIV-TM-STAGE1,Water main CH024,UG1,UG1-Z1,traffic,traffic_stage_1,60.0,m,0,1,,,
2kjB5LdgC4A50OLo_DYb9a,T000049,CIV-UTIL-DIVERT,Water main CH024,UG1,UG1-Z1,utilities,utilities,6.0,m,10,12,,,T000001;T000003;T000005;T000007;T000018;T000020;T000027;T000031;T000034;T000037;T000040;T000042;T000045;T000048;T000051;T000054
2kjB5LdgC4A50OLo_DYb9a,T000050,CIV-UTIL-TEST,Water main CH024,UG1,UG1-Z1,utilities,utilities,6.0,m,12,13,,,T000049
2vJbItZNTqdL8TB6MaysLU,T000051,CIV-TM-STAGE1,Water main CH006,UG1,UG1-Z1,traffic,traffic_stage_1,60.0,m,1,2,,,
2vJbItZNTqdL8TB6MaysLU,T000052,CIV-UTIL-DIVERT,Water main CH006,UG1,UG1-Z1,utilities,utilities,6.0,m,10,12,,,T000001;T000003;T000005;T000007;T000018;T000020;T000027;T000031;T000034;T000037;T000040;T000042;T000045;T000048;T000051;T000054
2vJbItZNTqdL8TB6MaysLU,T000053,CIV-UTIL-TEST,Water main CH006,UG1,UG1-Z1,utilities,utilities,6.0,m,12,13,,,T000052
3EAwhlyXgfJZVS2tzYgc$p,T000054,CIV-TM-STAGE1,Water main CH018,UG1,UG1-Z1,traffic,traffic_stage_1,60.0,m,1,2,,,
3EAwhlyXgfJZVS2tzYgc$p,T000055,CIV-UTIL-DIVERT,Water main CH018,UG1,UG1-Z1,utilities,utilities,6.0,m,10,12,,,T000001;T000003;T000005;T000007;T000018;T000020;T000027;T000031;T000034;T000037;T000040;T000042;T000045;T000048;T000051;T000054
3EAwhlyXgfJZVS2tzYgc$p,T000056,CIV-UTIL-TEST,Water main CH018,UG1,UG1-Z1,utilities,utilities,6.0,m,12,13,,,T000055
0Ix$LN91KB_NDOXrLh_uTs,T000057,CIV-TRENCH-DIG,Storm drain CH114,UG1,UG1-Z10,earthworks,drainage,6.0,m,21,22,,,T000009;T000022;T000033;T000036;T000039;T000044;T000047;T000050;T000053;T000056;T000061;T000062;T000063;T000129;T000132;T000135;T000138;T000141;T000150;T000153;T000158;T000161;T000164;T000169;T000172;T000179;T000184;T000187;T000190;T000197;T000200;T000205;T000208;T000211;T000220;T000225;T000238;T000241;T000244;T000247;T000252;T000259;T000262;T000265;T000272;T000420;T000492;T000511;T000513;T000523;T000527;T000531;T000533;T000537;T000591;T000598;T000614;T000647;T000652;T000658;T000669;T000673;T000680;T000686;T000691;T000709;T000717;T000728;T000740;T000743;T000757;T000767;T000770;T000794;T000821;T000835;T000845;T000850;T000856;T000886;T000889;T000894;T000900;T000902;T001148;T001154;T001178;T001200;T001241;T001250;T001256;T001263;T001294;T001299;T001305;T001307;T001319;T001330;T001335;T001341;T001351;T001366;T001444;T001447;T001463;T001467;T001473;T001482;T001491;T001502;T001517;T001528;T001541;T001553;T001580;T001584;T001589;T001592;T001596;T001609;T001619;T001626
0Ix$LN91KB_NDOXrLh_uTs,T000058,CIV-DRAIN-INSTALL,Storm drain CH114,UG1,UG1-Z10,utilities,drainage,6.0,m,22,23,,,T000057
0Ix$LN91KB_NDOXrLh_uTs,T000059,CIV-DRAIN-TEST,Storm drain CH114,UG1,UG1-Z10,qa,drainage,6.0,m,23,24,,,T000058
0Ix$LN91KB_NDOXrLh_uTs,T000060,CIV-DRAIN-BACKFILL,Storm drain CH114,UG1,UG1-Z10,earthworks,drainage,6.0,m,24,25,,,T000059
,T000061,GEN-SURVEY-SETOUT,Survey set-out of the work area · system DR-01,UG1,UG1-Z10,qa,mobilise,1.0,ea,5,6,,,
,T000062,GEN-UTIL-LOCATE,Locate and mark buried utilities · system DR-01,UG1,UG1-Z10,utilities,mobilise,1.0,ea,6,7,,,T000061
,T000063,GEN-SHORING-INSTALL,Install trench or pit shoring · system DR-01,UG1,UG1-Z10,utilities,utilities,1.0,ea,7,8,,,T000061;T000062
,T000064,GEN-SHORING-REMOVE,Remove trench or pit shoring · system DR-01,UG1,UG1-Z10,utilities,structures,1.0,ea,27,28,,,T000060;T000063;T000069;T000073;T000079;T000083;T000087;T000091;T000095;T000099;T000104;T000109;T000114;T000118;T000122;T000126;T000276;T000280;T000284;T000288;T000292;T000298;T000302;T000307;T000311;T000315;T000319;T000323;T000327;T000332;T000336
,T000065,GEN-SURVEY-ASBUILT,As-built survey and record · system DR-01,UG1,UG1-Z10,qa,finishing,1.0,ea,28,29,,,T000060;T000064;T000069;T000073;T000079;T000083
0LzS00ton87EnP9AOg368m,T000066,CIV-TRENCH-DIG,Storm drain CH102,UG1,UG1-Z10,earthworks,drainage,6.0,m,21,22,,,T000009;T000022;T000033;T000036;T000039;T000044;T000047;T000050;T000053;T000056;T000061;T000062;T000063;T000129;T000132;T000135;T000138;T000141;T000150;T000153;T000158;T000161;T000164;T000169;T000172;T000179;T000184;T000187;T000190;T000197;T000200;T000205;T000208;T000211;T000220;T000225;T000238;T000241;T000244;T000247;T000252;T000259;T000262;T000265;T000272;T000492;T000511;T000513;T000523;T000527;T000531;T000533;T000537;T000591;T000598;T000614;T000647;T000652;T000658;T000669;T000673;T000680;T000686;T000691;T000709;T000717;T000728;T000740;T000743;T000757;T000767;T000770;T000794;T000821;T000835;T000845;T000850;T000856;T000886;T000889;T000894;T000900;T000902;T001148;T001154;T001178;T001200;T001241;T001250;T001256;T001263;T001294;T001299;T001305;T001307;T001319;T001330;T001335;T001341;T001351;T001366;T001444;T001447;T001463;T001467;T001473;T001482;T001491;T001502;T001517;T001528;T001541;T001553;T001580;T001584;T001589;T001592;T001596;T001609;T001619;T001626
0LzS00ton87EnP9AOg368m,T000067,CIV-DRAIN-INSTALL,Storm drain CH102,UG1,UG1-Z10,utilities,drainage,6.0,m,22,23,,,T000066
0LzS00ton87EnP9AOg368m,T000068,CIV-DRAIN-TEST,Storm drain CH102,UG1,UG1-Z10,qa,drainage,6.0,m,23,24,,,T000067
0LzS00ton87EnP9AOg368m,T000069,CIV-DRAIN-BACKFILL,Storm drain CH102,UG1,UG1-Z10,earthworks,drainage,6.0,m,24,25,,,T000068
0O7QknoB3nJw9fRCMRWhj6,T000070,CIV-TRENCH-DIG,Storm drain CH090,UG1,UG1-Z10,earthworks,drainage,6.0,m,21,22,,,T000009;T000022;T000033;T000036;T000039;T000044;T000047;T000050;T000053;T000056;T000061;T000062;T000063;T000129;T000132;T000135;T000138;T000141;T000150;T000153;T000158;T000161;T000164;T000169;T000172;T000179;T000184;T000187;T000190;T000197;T000200;T000205;T000208;T000211;T000220;T000225;T000238;T000241;T000244;T000247;T000252;T000259;T000262;T000265;T000272;T000492;T000511;T000513;T000523;T000527;T000531;T000533;T000537;T000591;T000598;T000614;T000647;T000652;T000658;T000669;T000673;T000680;T000686;T000691;T000709;T000717;T000728;T000740;T000743;T000757;T000767;T000770;T000794;T000821;T000835;T000845;T000850;T000856;T000886;T000889;T000894;T000900;T000902;T001148;T001154;T001178;T001200;T001241;T001250;T001256;T001263;T001294;T001299;T001305;T001307;T001319;T001330;T001335;T001341;T001351;T001366;T001444;T001447;T001463;T001467;T001473;T001482;T001491;T001502;T001517;T001528;T001541;T001553;T001580;T001584;T001589;T001592;T001596;T001609;T001619;T001626
0O7QknoB3nJw9fRCMRWhj6,T000071,CIV-DRAIN-INSTALL,Storm drain CH090,UG1,UG1-Z10,utilities,drainage,6.0,m,22,23,,,T000070
0O7QknoB3nJw9fRCMRWhj6,T000072,CIV-DRAIN-TEST,Storm drain CH090,UG1,UG1-Z10,qa,drainage,6.0,m,23,24,,,T000071
0O7QknoB3nJw9fRCMRWhj6,T000073,CIV-DRAIN-BACKFILL,Storm drain CH090,UG1,UG1-Z10,earthworks,drainage,6.0,m,24,25,,,T000072
19M9Hfow5YUta2KG4g4TtW,T000074,CIV-CHAMBER-SET,Manhole MH7,UG1,UG1-Z10,utilities,drainage,1.0,ea,25,26,,,T000057
2q9R1zsCIOehFWOYpJUdY5,T000075,CIV-CHAMBER-SET,Manhole MH6,UG1,UG1-Z10,utilities,drainage,1.0,ea,25,26,,,T000080
3X8OPPwTBGejLPipDxAx1Q,T000076,CIV-TRENCH-DIG,Storm drain CH108,UG1,UG1-Z10,earthworks,drainage,6.0,m,21,22,,,T000009;T000022;T000033;T000036;T000039;T000044;T000047;T000050;T000053;T000056;T000061;T000062;T000063;T000129;T000132;T000135;T000138;T000141;T000150;T000153;T000158;T000161;T000164;T000169;T000172;T000179;T000184;T000187;T000190;T000197;T000200;T000205;T000208;T000211;T000220;T000225;T000238;T000241;T000244;T000247;T000252;T000259;T000262;T000265;T000272;T000492;T000511;T000513;T000523;T000527;T000531;T000533;T000537;T000591;T000598;T000614;T000647;T000652;T000658;T000669;T000673;T000680;T000686;T000691;T000709;T000717;T000728;T000740;T000743;T000757;T000767;T000770;T000794;T000821;T000835;T000845;T000850;T000856;T000886;T000889;T000894;T000900;T000902;T001148;T001154;T001178;T001200;T001241;T001250;T001256;T001263;T001294;T001299;T001305;T001307;T001319;T001330;T001335;T001341;T001351;T001366;T001444;T001447;T001463;T001467;T001473;T001482;T001491;T001502;T001517;T001528;T001541;T001553;T001580;T001584;T001589;T001592;T001596;T001609;T001619;T001626
3X8OPPwTBGejLPipDxAx1Q,T000077,CIV-DRAIN-INSTALL,Storm drain CH108,UG1,UG1-Z10,utilities,drainage,6.0,m,22,23,,,T000076
3X8OPPwTBGejLPipDxAx1Q,T000078,CIV-DRAIN-TEST,Storm drain CH108,UG1,UG1-Z10,qa,drainage,6.0,m,23,24,,,T000077
3X8OPPwTBGejLPipDxAx1Q,T000079,CIV-DRAIN-BACKFILL,Storm drain CH108,UG1,UG1-Z10,earthworks,drainage,6.0,m,24,25,,,T000078
3rmbwBbIknVIgDb2dOMODN,T000080,CIV-TRENCH-DIG,Storm drain CH096,UG1,UG1-Z10,earthworks,drainage,6.0,m,21,22,,,T000009;T000022;T000033;T000036;T000039;T000044;T000047;T000050;T000053;T000056;T000061;T000062;T000063;T000129;T000132;T000135;T000138;T000141;T000150;T000153;T000158;T000161;T000164;T000169;T000172;T000179;T000184;T000187;T000190;T000197;T000200;T000205;T000208;T000211;T000220;T000225;T000238;T000241;T000244;T000247;T000252;T000259;T000262;T000265;T000272;T000492;T000511;T000513;T000523;T000527;T000531;T000533;T000537;T000591;T000598;T000614;T000647;T000652;T000658;T000669;T000673;T000680;T000686;T000691;T000709;T000717;T000728;T000740;T000743;T000757;T000767;T000770;T000794;T000821;T000835;T000845;T000850;T000856;T000886;T000889;T000894;T000900;T000902;T001148;T001154;T001178;T001200;T001241;T001250;T001256;T001263;T001294;T001299;T001305;T001307;T001319;T001330;T001335;T001341;T001351;T001366;T001444;T001447;T001463;T001467;T001473;T001482;T001491;T001502;T001517;T001528;T001541;T001553;T001580;T001584;T001589;T001592;T001596;T001609;T001619;T001626
3rmbwBbIknVIgDb2dOMODN,T000081,CIV-DRAIN-INSTALL,Storm drain CH096,UG1,UG1-Z10,utilities,drainage,6.0,m,22,23,,,T000080
3rmbwBbIknVIgDb2dOMODN,T000082,CIV-DRAIN-TEST,Storm drain CH096,UG1,UG1-Z10,qa,drainage,6.0,m,23,24,,,T000081
3rmbwBbIknVIgDb2dOMODN,T000083,CIV-DRAIN-BACKFILL,Storm drain CH096,UG1,UG1-Z10,earthworks,drainage,6.0,m,24,25,,,T000082
0kQodBfbwDffPDRMkRryCU,T000084,CIV-TRENCH-DIG,Storm drain CH132,UG1,UG1-Z11,earthworks,drainage,6.0,m,21,22,,,T000009;T000022;T000033;T000036;T000039;T000044;T000047;T000050;T000053;T000056;T000063;T000129;T000132;T000135;T000138;T000141;T000150;T000153;T000158;T000161;T000164;T000169;T000172;T000179;T000184;T000187;T000190;T000197;T000200;T000205;T000208;T000211;T000220;T000225;T000238;T000241;T000244;T000247;T000252;T000259;T000262;T000265;T000272;T000492;T000511;T000513;T000523;T000527;T000527;T000531;T000533;T000537;T000591;T000598;T000614;T000647;T000652;T000658;T000669;T000673;T000680;T000686;T000691;T000709;T000717;T000728;T000740;T000743;T000757;T000767;T000770;T000794;T000821;T000835;T000845;T000850;T000856;T000886;T000889;T000894;T000900;T000902;T001148;T001154;T001178;T001200;T001241;T001250;T001256;T001263;T001294;T001299;T001305;T001307;T001319;T001330;T001335;T001341;T001351;T001366;T001444;T001447;T001463;T001467;T001473;T001482;T001491;T001502;T001517;T001528;T001541;T001553;T001580;T001584;T001589;T001592;T001596;T001609;T001619;T001626
0kQodBfbwDffPDRMkRryCU,T000085,CIV-DRAIN-INSTALL,Storm drain CH132,UG1,UG1-Z11,utilities,drainage,6.0,m,22,23,,,T000084
0kQodBfbwDffPDRMkRryCU,T000086,CIV-DRAIN-TEST,Storm drain CH132,UG1,UG1-Z11,qa,drainage,6.0,m,23,24,,,T000085
0kQodBfbwDffPDRMkRryCU,T000087,CIV-DRAIN-BACKFILL,Storm drain CH132,UG1,UG1-Z11,earthworks,drainage,6.0,m,24,25,,,T000086
19UGEfe8Q0fhz4QsNCacan,T000088,CIV-TRENCH-DIG,Storm drain CH138,UG1,UG1-Z11,earthworks,drainage,6.0,m,21,22,,,T000009;T000022;T000033;T000036;T000039;T000044;T000047;T000050;T000053;T000056;T000063;T000129;T000132;T000135;T000138;T000141;T000150;T000153;T000158;T000161;T000164;T000169;T000172;T000179;T000184;T000187;T000190;T000197;T000200;T000205;T000208;T000211;T000220;T000225;T000238;T000241;T000244;T000247;T000252;T000259;T000262;T000265;T000272;T000492;T000511;T000513;T000523;T000527;T000531;T000533;T000537;T000537;T000591;T000598;T000614;T000647;T000652;T000658;T000669;T000673;T000680;T000686;T000691;T000709;T000717;T000728;T000740;T000743;T000757;T000767;T000770;T000794;T000821;T000835;T000845;T000850;T000856;T000886;T000889;T000894;T000900;T000902;T001148;T001154;T001178;T001200;T001241;T001250;T001256;T001263;T001294;T001299;T001305;T001307;T001319;T001330;T001335;T001341;T001351;T001366;T001444;T001447;T001463;T001467;T001473;T001482;T001491;T001502;T001517;T001528;T001541;T001553;T001580;T001584;T001589;T001592;T001596;T001609;T001619;T001626
19UGEfe8Q0fhz4QsNCacan,T000089,CIV-DRAIN-INSTALL,Storm drain CH138,UG1,UG1-Z11,utilities,drainage,6.0,m,22,23,,,T000088
19UGEfe8Q0fhz4QsNCacan,T000090,CIV-DRAIN-TEST,Storm drain CH138,UG1,UG1-Z11,qa,drainage,6.0,m,23,24,,,T000089
19UGEfe8Q0fhz4QsNCacan,T000091,CIV-DRAIN-BACKFILL,Storm drain CH138,UG1,UG1-Z11,earthworks,drainage,6.0,m,24,25,,,T000090
1ypBwMNizxfXkYzHmJ4fIB,T000092,CIV-TRENCH-DIG,Storm drain CH144,UG1,UG1-Z11,earthworks,drainage,6.0,m,21,22,,,T000009;T000022;T000033;T000036;T000039;T000044;T000047;T000050;T000053;T000056;T000063;T000129;T000132;T000135;T000138;T000141;T000150;T000153;T000158;T000161;T000164;T000169;T000172;T000179;T000184;T000187;T000190;T000197;T000200;T000205;T000208;T000211;T000220;T000225;T000238;T000241;T000244;T000247;T000252;T000259;T000262;T000265;T000272;T000492;T000511;T000513;T000523;T000527;T000531;T000533;T000533;T000537;T000591;T000598;T000614;T000647;T000652;T000658;T000669;T000673;T000680;T000686;T000691;T000709;T000717;T000728;T000740;T000743;T000757;T000767;T000770;T000794;T000821;T000835;T000845;T000850;T000856;T000886;T000889;T000894;T000900;T000902;T001148;T001154;T001178;T001200;T001241;T001250;T001256;T001263;T001294;T001299;T001305;T001307;T001319;T001330;T001335;T001341;T001351;T001366;T001444;T001447;T001463;T001467;T001473;T001482;T001491;T001502;T001517;T001528;T001541;T001553;T001580;T001584;T001589;T001592;T001596;T001609;T001619;T001626
1ypBwMNizxfXkYzHmJ4fIB,T000093,CIV-DRAIN-INSTALL,Storm drain CH144,UG1,UG1-Z11,utilities,drainage,6.0,m,22,23,,,T000092
1ypBwMNizxfXkYzHmJ4fIB,T000094,CIV-DRAIN-TEST,Storm drain CH144,UG1,UG1-Z11,qa,drainage,6.0,m,23,24,,,T000093
1ypBwMNizxfXkYzHmJ4fIB,T000095,CIV-DRAIN-BACKFILL,Storm drain CH144,UG1,UG1-Z11,earthworks,drainage,6.0,m,24,25,,,T000094
2Gch8Aaivw4uBjMUpvnzPN,T000096,CIV-TRENCH-DIG,Storm drain CH120,UG1,UG1-Z11,earthworks,drainage,6.0,m,21,22,,,T000009;T000022;T000033;T000036;T000039;T000044;T000047;T000050;T000053;T000056;T000063;T000129;T000132;T000135;T000138;T000141;T000150;T000153;T000158;T000161;T000164;T000169;T000172;T000179;T000184;T000187;T000190;T000197;T000200;T000205;T000208;T000211;T000220;T000225;T000238;T000241;T000244;T000247;T000252;T000259;T000262;T000265;T000272;T000479;T000492;T000511;T000513;T000523;T000527;T000531;T000533;T000537;T000591;T000598;T000614;T000647;T000652;T000658;T000669;T000673;T000680;T000686;T000691;T000709;T000717;T000728;T000740;T000743;T000757;T000767;T000770;T000794;T000821;T000835;T000845;T000850;T000856;T000886;T000889;T000894;T000900;T000902;T001148;T001154;T001178;T001200;T001241;T001250;T001256;T001263;T001294;T001299;T001305;T001307;T001319;T001330;T001335;T001341;T001351;T001366;T001444;T001447;T001463;T001467;T001473;T001482;T001491;T001502;T001517;T001528;T001541;T001553;T001580;T001584;T001589;T001592;T001596;T001609;T001619;T001626
2Gch8Aaivw4uBjMUpvnzPN,T000097,CIV-DRAIN-INSTALL,Storm drain CH120,UG1,UG1-Z11,utilities,drainage,6.0,m,22,23,,,T000096
2Gch8Aaivw4uBjMUpvnzPN,T000098,CIV-DRAIN-TEST,Storm drain CH120,UG1,UG1-Z11,qa,drainage,6.0,m,23,24,,,T000097
2Gch8Aaivw4uBjMUpvnzPN,T000099,CIV-DRAIN-BACKFILL,Storm drain CH120,UG1,UG1-Z11,earthworks,drainage,6.0,m,24,25,,,T000098
2hskeaMGcFAsg3H055JdlT,T000100,CIV-CHAMBER-SET,Manhole MH8,UG1,UG1-Z11,utilities,drainage,1.0,ea,25,26,,,T000084
3woPHjbNVHYoSODhpLXAfN,T000101,CIV-TRENCH-DIG,Storm drain CH126,UG1,UG1-Z11,earthworks,drainage,6.0,m,21,22,,,T000009;T000022;T000033;T000036;T000039;T000044;T000047;T000050;T000053;T000056;T000063;T000129;T000132;T000135;T000138;T000141;T000150;T000153;T000158;T000161;T000164;T000169;T000172;T000179;T000184;T000187;T000190;T000197;T000200;T000205;T000208;T000211;T000220;T000225;T000238;T000241;T000244;T000247;T000252;T000259;T000262;T000265;T000272;T000492;T000511;T000513;T000523;T000527;T000531;T000531;T000533;T000537;T000591;T000598;T000614;T000647;T000652;T000658;T000669;T000673;T000680;T000686;T000691;T000709;T000717;T000728;T000740;T000743;T000757;T000767;T000770;T000794;T000821;T000835;T000845;T000850;T000856;T000886;T000889;T000894;T000900;T000902;T001148;T001154;T001178;T001200;T001241;T001250;T001256;T001263;T001294;T001299;T001305;T001307;T001319;T001330;T001335;T001341;T001351;T001366;T001444;T001447;T001463;T001467;T001473;T001482;T001491;T001502;T001517;T001528;T001541;T001553;T001580;T001584;T001589;T001592;T001596;T001609;T001619;T001626
3woPHjbNVHYoSODhpLXAfN,T000102,CIV-DRAIN-INSTALL,Storm drain CH126,UG1,UG1-Z11,utilities,drainage,6.0,m,22,23,,,T000101
3woPHjbNVHYoSODhpLXAfN,T000103,CIV-DRAIN-TEST,Storm drain CH126,UG1,UG1-Z11,qa,drainage,6.0,m,23,24,,,T000102
3woPHjbNVHYoSODhpLXAfN,T000104,CIV-DRAIN-BACKFILL,Storm drain CH126,UG1,UG1-Z11,earthworks,drainage,6.0,m,24,25,,,T000103
16xTgA6akZ_cPpMEP32tNi,T000105,CIV-CHAMBER-SET,Manhole MH10,UG1,UG1-Z12,utilities,drainage,1.0,ea,25,26,,,T000106
24V7F2kp$vlsd8luilasMV,T000106,CIV-TRENCH-DIG,Storm drain CH168,UG1,UG1-Z12,earthworks,drainage,6.0,m,21,22,,,T000009;T000022;T000033;T000036;T000039;T000044;T000047;T000050;T000053;T000056;T000063;T000129;T000132;T000135;T000138;T000141;T000150;T000153;T000158;T000161;T000164;T000169;T000172;T000179;T000184;T000187;T000190;T000197;T000200;T000205;T000208;T000211;T000220;T000225;T000238;T000241;T000244;T000247;T000252;T000259;T000262;T000265;T000272;T000492;T000511;T000513;T000523;T000527;T000531;T000533;T000537;T000591;T000598;T000614;T000647;T000652;T000658;T000669;T000669;T000673;T000680;T000686;T000691;T000709;T000717;T000728;T000740;T000743;T000757;T000767;T000770;T000794;T000821;T000835;T000845;T000850;T000856;T000886;T000889;T000894;T000900;T000902;T001148;T001154;T001178;T001200;T001241;T001250;T001256;T001263;T001294;T001299;T001305;T001307;T001319;T001330;T001335;T001341;T001351;T001366;T001444;T001447;T001463;T001467;T001473;T001482;T001491;T001502;T001517;T001528;T001541;T001553;T001580;T001584;T001589;T001592;T001596;T001609;T001619;T001626
24V7F2kp$vlsd8luilasMV,T000107,CIV-DRAIN-INSTALL,Storm drain CH168,UG1,UG1-Z12,utilities,drainage,6.0,m,23,24,,,T000106
24V7F2kp$vlsd8luilasMV,T000108,CIV-DRAIN-TEST,Storm drain CH168,UG1,UG1-Z12,qa,drainage,6.0,m,24,25,,,T000107
24V7F2kp$vlsd8luilasMV,T000109,CIV-DRAIN-BACKFILL,Storm drain CH168,UG1,UG1-Z12,earthworks,drainage,6.0,m,25,26,,,T000108
2Ew8iKQB2JLi3BcPzZO7P0,T000110,CIV-CHAMBER-SET,Manhole MH9,UG1,UG1-Z12,utilities,drainage,1.0,ea,25,26,,,T000119
2mG2Okim80RiG$2CTwFIZO,T000111,CIV-TRENCH-DIG,Storm drain CH162,UG1,UG1-Z12,earthworks,drainage,6.0,m,21,22,,,T000009;T000022;T000033;T000036;T000039;T000044;T000047;T000050;T000053;T000056;T000063;T000129;T000132;T000135;T000138;T000141;T000150;T000153;T000158;T000161;T000164;T000169;T000172;T000179;T000184;T000187;T000190;T000197;T000200;T000205;T000208;T000211;T000220;T000225;T000238;T000241;T000244;T000247;T000252;T000259;T000262;T000265;T000272;T000492;T000511;T000513;T000523;T000527;T000531;T000533;T000537;T000591;T000591;T000598;T000614;T000647;T000652;T000658;T000669;T000673;T000680;T000686;T000691;T000709;T000717;T000728;T000740;T000743;T000757;T000767;T000770;T000794;T000821;T000835;T000845;T000850;T000856;T000886;T000889;T000894;T000900;T000902;T001148;T001154;T001178;T001200;T001241;T001250;T001256;T001263;T001294;T001299;T001305;T001307;T001319;T001330;T001335;T001341;T001351;T001366;T001444;T001447;T001463;T001467;T001473;T001482;T001491;T001502;T001517;T001528;T001541;T001553;T001580;T001584;T001589;T001592;T001596;T001609;T001619;T001626
2mG2Okim80RiG$2CTwFIZO,T000112,CIV-DRAIN-INSTALL,Storm drain CH162,UG1,UG1-Z12,utilities,drainage,6.0,m,23,24,,,T000111
2mG2Okim80RiG$2CTwFIZO,T000113,CIV-DRAIN-TEST,Storm drain CH162,UG1,UG1-Z12,qa,drainage,6.0,m,24,25,,,T000112
2mG2Okim80RiG$2CTwFIZO,T000114,CIV-DRAIN-BACKFILL,Storm drain CH162,UG1,UG1-Z12,earthworks,drainage,6.0,m,25,26,,,T000113
2vssW$3QF0gPPpKuWtotJA,T000115,CIV-TRENCH-DIG,Storm drain CH174,UG1,UG1-Z12,earthworks,drainage,6.0,m,21,22,,,T000009;T000022;T000033;T000036;T000039;T000044;T000047;T000050;T000053;T000056;T000063;T000129;T000132;T000135;T000138;T000141;T000150;T000153;T000158;T000161;T000164;T000169;T000172;T000179;T000184;T000187;T000190;T000197;T000200;T000205;T000208;T000211;T000220;T000225;T000238;T000241;T000244;T000247;T000252;T000259;T000262;T000265;T000272;T000492;T000511;T000513;T000523;T000527;T000531;T000533;T000537;T000591;T000598;T000598;T000614;T000647;T000652;T000658;T000669;T000673;T000680;T000686;T000691;T000709;T000717;T000728;T000740;T000743;T000757;T000767;T000770;T000794;T000821;T000835;T000845;T000850;T000856;T000886;T000889;T000894;T000900;T000902;T001148;T001154;T001178;T001200;T001241;T001250;T001256;T001263;T001294;T001299;T001305;T001307;T001319;T001330;T001335;T001341;T001351;T001366;T001444;T001447;T001463;T001467;T001473;T001482;T001491;T001502;T001517;T001528;T001541;T001553;T001580;T001584;T001589;T001592;T001596;T001609;T001619;T001626
2vssW$3QF0gPPpKuWtotJA,T000116,CIV-DRAIN-INSTALL,Storm drain CH174,UG1,UG1-Z12,utilities,drainage,6.0,m,23,24,,,T000115
2vssW$3QF0gPPpKuWtotJA,T000117,CIV-DRAIN-TEST,Storm drain CH174,UG1,UG1-Z12,qa,drainage,6.0,m,24,25,,,T000116
2vssW$3QF0gPPpKuWtotJA,T000118,CIV-DRAIN-BACKFILL,Storm drain CH174,UG1,UG1-Z12,earthworks,drainage,6.0,m,25,26,,,T000117
3x$SKobV2gXW$ENvu0NMu8,T000119,CIV-TRENCH-DIG,Storm drain CH150,UG1,UG1-Z12,earthworks,drainage,6.0,m,21,22,,,T000009;T000022;T000033;T000036;T000039;T000044;T000047;T000050;T000053;T000056;T000063;T000129;T000132;T000135;T000138;T000141;T000150;T000153;T000158;T000161;T000164;T000169;T000172;T000179;T000184;T000187;T000190;T000197;T000200;T000205;T000208;T000211;T000220;T000225;T000238;T000241;T000244;T000247;T000252;T000259;T000262;T000265;T000272;T000492;T000511;T000513;T000523;T000527;T000531;T000533;T000537;T000591;T000598;T000614;T000647;T000652;T000658;T000669;T000673;T000680;T000680;T000686;T000691;T000709;T000717;T000728;T000740;T000743;T000757;T000767;T000770;T000794;T000821;T000835;T000845;T000850;T000856;T000886;T000889;T000894;T000900;T000902;T001148;T001154;T001178;T001200;T001241;T001250;T001256;T001263;T001294;T001299;T001305;T001307;T001319;T001330;T001335;T001341;T001351;T001366;T001444;T001447;T001463;T001467;T001473;T001482;T001491;T001502;T001517;T001528;T001541;T001553;T001580;T001584;T001589;T001592;T001596;T001609;T001619;T001626
3x$SKobV2gXW$ENvu0NMu8,T000120,CIV-DRAIN-INSTALL,Storm drain CH150,UG1,UG1-Z12,utilities,drainage,6.0,m,23,24,,,T000119
3x$SKobV2gXW$ENvu0NMu8,T000121,CIV-DRAIN-TEST,Storm drain CH150,UG1,UG1-Z12,qa,drainage,6.0,m,24,25,,,T000120
3x$SKobV2gXW$ENvu0NMu8,T000122,CIV-DRAIN-BACKFILL,Storm drain CH150,UG1,UG1-Z12,earthworks,drainage,6.0,m,25,26,,,T000121
3yAQ$BEIo6JJEQKFwqxH6E,T000123,CIV-TRENCH-DIG,Storm drain CH156,UG1,UG1-Z12,earthworks,drainage,6.0,m,21,22,,,T000009;T000022;T000033;T000036;T000039;T000044;T000047;T000050;T000053;T000056;T000063;T000129;T000132;T000135;T000138;T000141;T000150;T000153;T000158;T000161;T000164;T000169;T000172;T000179;T000184;T000187;T000190;T000197;T000200;T000205;T000208;T000211;T000220;T000225;T000238;T000241;T000244;T000247;T000252;T000259;T000262;T000265;T000272;T000492;T000511;T000513;T000523;T000527;T000531;T000533;T000537;T000591;T000598;T000614;T000647;T000652;T000652;T000658;T000669;T000673;T000680;T000686;T000691;T000709;T000717;T000728;T000740;T000743;T000757;T000767;T000770;T000794;T000821;T000835;T000845;T000850;T000856;T000886;T000889;T000894;T000900;T000902;T001148;T001154;T001178;T001200;T001241;T001250;T001256;T001263;T001294;T001299;T001305;T001307;T001319;T001330;T001335;T001341;T001351;T001366;T001444;T001447;T001463;T001467;T001473;T001482;T001491;T001502;T001517;T001528;T001541;T001553;T001580;T001584;T001589;T001592;T001596;T001609;T001619;T001626
3yAQ$BEIo6JJEQKFwqxH6E,T000124,CIV-DRAIN-INSTALL,Storm drain CH156,UG1,UG1-Z12,utilities,drainage,6.0,m,23,24,,,T000123
3yAQ$BEIo6JJEQKFwqxH6E,T000125,CIV-DRAIN-TEST,Storm drain CH156,UG1,UG1-Z12,qa,drainage,6.0,m,24,25,,,T000124
3yAQ$BEIo6JJEQKFwqxH6E,T000126,CIV-DRAIN-BACKFILL,Storm drain CH156,UG1,UG1-Z12,earthworks,drainage,6.0,m,25,26,,,T000125
0JF0U8YMEvhFxFzZAjBjMn,T000127,CIV-TM-STAGE1,Water main CH036,UG1,UG1-Z2,traffic,traffic_stage_1,60.0,m,1,2,,,
0JF0U8YMEvhFxFzZAjBjMn,T000128,CIV-UTIL-DIVERT,Water main CH036,UG1,UG1-Z2,utilities,utilities,6.0,m,10,12,,,T000027;T000127;T000130;T000133;T000136;T000139;T000142;T000144;T000146;T000148;T000151;T000154;T000156;T000159;T000162;T000165
0JF0U8YMEvhFxFzZAjBjMn,T000129,CIV-UTIL-TEST,Water main CH036,UG1,UG1-Z2,utilities,utilities,6.0,m,12,13,,,T000128
0T$wnflP54vO0j2lhr0exA,T000130,CIV-TM-STAGE1,Gas main CH036,UG1,UG1-Z2,traffic,traffic_stage_1,60.0,m,1,2,,,
0T$wnflP54vO0j2lhr0exA,T000131,CIV-UTIL-DIVERT,Gas main CH036,UG1,UG1-Z2,utilities,utilities,6.0,m,10,12,,,T000014;T000127;T000130;T000133;T000136;T000139;T000142;T000144;T000146;T000148;T000151;T000154;T000156;T000159;T000162;T000165
0T$wnflP54vO0j2lhr0exA,T000132,CIV-UTIL-TEST,Gas main CH036,UG1,UG1-Z2,utilities,utilities,6.0,m,12,13,,,T000131
0khlh0DzPRIgZoPt5wbw5a,T000133,CIV-TM-STAGE1,Water main CH030,UG1,UG1-Z2,traffic,traffic_stage_1,60.0,m,1,2,,,
0khlh0DzPRIgZoPt5wbw5a,T000134,CIV-UTIL-DIVERT,Water main CH030,UG1,UG1-Z2,utilities,utilities,6.0,m,10,12,,,T000027;T000127;T000130;T000133;T000136;T000139;T000142;T000144;T000146;T000148;T000151;T000154;T000156;T000159;T000162;T000165
0khlh0DzPRIgZoPt5wbw5a,T000135,CIV-UTIL-TEST,Water main CH030,UG1,UG1-Z2,utilities,utilities,6.0,m,12,13,,,T000134
18C0Dz5ykpDXKVAgLND2yR,T000136,CIV-TM-STAGE1,Gas main CH042,UG1,UG1-Z2,traffic,traffic_stage_1,60.0,m,1,2,,,
18C0Dz5ykpDXKVAgLND2yR,T000137,CIV-UTIL-DIVERT,Gas main CH042,UG1,UG1-Z2,utilities,utilities,6.0,m,10,12,,,T000014;T000127;T000130;T000133;T000136;T000139;T000142;T000144;T000146;T000148;T000151;T000154;T000156;T000159;T000162;T000165
18C0Dz5ykpDXKVAgLND2yR,T000138,CIV-UTIL-TEST,Gas main CH042,UG1,UG1-Z2,utilities,utilities,6.0,m,12,13,,,T000137
1N$0J2frh0zONDdsWYPpjC,T000139,CIV-TM-STAGE1,Water main CH054,UG1,UG1-Z2,traffic,traffic_stage_1,60.0,m,1,2,,,
1N$0J2frh0zONDdsWYPpjC,T000140,CIV-UTIL-DIVERT,Water main CH054,UG1,UG1-Z2,utilities,utilities,6.0,m,10,12,,,T000027;T000127;T000130;T000133;T000136;T000139;T000142;T000144;T000146;T000148;T000151;T000154;T000156;T000159;T000162;T000165
1N$0J2frh0zONDdsWYPpjC,T000141,CIV-UTIL-TEST,Water main CH054,UG1,UG1-Z2,utilities,utilities,6.0,m,12,13,,,T000140
1W2B8KIhKOzi3hntDpRLOz,T000142,CIV-TM-STAGE1,Comms duct CH036,UG1,UG1-Z2,traffic,traffic_stage_1,60.0,m,1,2,,,
1W2B8KIhKOzi3hntDpRLOz,T000143,CIV-DUCT-LAY,Comms duct CH036,UG1,UG1-Z2,utilities,drainage,6.0,m,21,22,,,T000127;T000129;T000130;T000132;T000133;T000135;T000136;T000138;T000139;T000141;T000142;T000144;T000146;T000148;T000150;T000151;T000153;T000154;T000156;T000158;T000159;T000161;T000162;T000164;T000165
1njOV__Zt6W0txK77wbQqE,T000144,CIV-TM-STAGE1,Comms duct CH048,UG1,UG1-Z2,traffic,traffic_stage_1,60.0,m,1,2,,,
1njOV__Zt6W0txK77wbQqE,T000145,CIV-DUCT-LAY,Comms duct CH048,UG1,UG1-Z2,utilities,drainage,6.0,m,21,22,,,T000127;T000129;T000130;T000132;T000133;T000135;T000136;T000138;T000139;T000141;T000142;T000144;T000146;T000148;T000150;T000151;T000153;T000154;T000156;T000158;T000159;T000161;T000162;T000164;T000165
22q8yrxTeSvXc4TWoX0T5S,T000146,CIV-TM-STAGE1,Comms duct CH030,UG1,UG1-Z2,traffic,traffic_stage_1,60.0,m,1,2,,,
22q8yrxTeSvXc4TWoX0T5S,T000147,CIV-DUCT-LAY,Comms duct CH030,UG1,UG1-Z2,utilities,drainage,6.0,m,21,22,,,T000127;T000129;T000130;T000132;T000133;T000135;T000136;T000138;T000139;T000141;T000142;T000144;T000146;T000148;T000150;T000151;T000153;T000154;T000156;T000158;T000159;T000161;T000162;T000164;T000165
2E0QE1qDhQvIIFlfqmZuPI,T000148,CIV-TM-STAGE1,Water main CH048,UG1,UG1-Z2,traffic,traffic_stage_1,60.0,m,1,2,,,
2E0QE1qDhQvIIFlfqmZuPI,T000149,CIV-UTIL-DIVERT,Water main CH048,UG1,UG1-Z2,utilities,utilities,6.0,m,10,12,,,T000027;T000127;T000130;T000133;T000136;T000139;T000142;T000144;T000146;T000148;T000151;T000154;T000156;T000159;T000162;T000165
2E0QE1qDhQvIIFlfqmZuPI,T000150,CIV-UTIL-TEST,Water main CH048,UG1,UG1-Z2,utilities,utilities,6.0,m,12,13,,,T000149
2IaZMs1y8wicSvPZznYKzS,T000151,CIV-TM-STAGE1,Gas main CH048,UG1,UG1-Z2,traffic,traffic_stage_1,60.0,m,1,2,,,
2IaZMs1y8wicSvPZznYKzS,T000152,CIV-UTIL-DIVERT,Gas main CH048,UG1,UG1-Z2,utilities,utilities,6.0,m,10,12,,,T000014;T000127;T000130;T000133;T000136;T000139;T000142;T000144;T000146;T000148;T000151;T000154;T000156;T000159;T000162;T000165
2IaZMs1y8wicSvPZznYKzS,T000153,CIV-UTIL-TEST,Gas main CH048,UG1,UG1-Z2,utilities,utilities,6.0,m,12,13,,,T000152
2eFNRAT6ZdAccCp5drBgY6,T000154,CIV-TM-STAGE1,Comms duct CH042,UG1,UG1-Z2,traffic,traffic_stage_1,60.0,m,1,2,,,
2eFNRAT6ZdAccCp5drBgY6,T000155,CIV-DUCT-LAY,Comms duct CH042,UG1,UG1-Z2,utilities,drainage,6.0,m,21,22,,,T000127;T000129;T000130;T000132;T000133;T000135;T000136;T000138;T000139;T000141;T000142;T000144;T000146;T000148;T000150;T000151;T000153;T000154;T000156;T000158;T000159;T000161;T000162;T000164;T000165
2hq9k9$dcq23afNBHCkECX,T000156,CIV-TM-STAGE1,Water main CH042,UG1,UG1-Z2,traffic,traffic_stage_1,60.0,m,2,3,,,
2hq9k9$dcq23afNBHCkECX,T000157,CIV-UTIL-DIVERT,Water main CH042,UG1,UG1-Z2,utilities,utilities,6.0,m,10,12,,,T000027;T000127;T000130;T000133;T000136;T000139;T000142;T000144;T000146;T000148;T000151;T000154;T000156;T000159;T000162;T000165
2hq9k9$dcq23afNBHCkECX,T000158,CIV-UTIL-TEST,Water main CH042,UG1,UG1-Z2,utilities,utilities,6.0,m,12,13,,,T000157
3Uo0t69Zr2d6$RaEUngMP1,T000159,CIV-TM-STAGE1,Gas main CH030,UG1,UG1-Z2,traffic,traffic_stage_1,60.0,m,2,3,,,
3Uo0t69Zr2d6$RaEUngMP1,T000160,CIV-UTIL-DIVERT,Gas main CH030,UG1,UG1-Z2,utilities,utilities,6.0,m,10,12,,,T000014;T000127;T000130;T000133;T000136;T000139;T000142;T000144;T000146;T000148;T000151;T000154;T000156;T000159;T000162;T000165
3Uo0t69Zr2d6$RaEUngMP1,T000161,CIV-UTIL-TEST,Gas main CH030,UG1,UG1-Z2,utilities,utilities,6.0,m,12,13,,,T000160
3q9DuHSRRlC4W1qFZvQBhU,T000162,CIV-TM-STAGE1,Gas main CH054,UG1,UG1-Z2,traffic,traffic_stage_1,60.0,m,2,3,,,
3q9DuHSRRlC4W1qFZvQBhU,T000163,CIV-UTIL-DIVERT,Gas main CH054,UG1,UG1-Z2,utilities,utilities,6.0,m,10,12,,,T000014;T000127;T000130;T000133;T000136;T000139;T000142;T000144;T000146;T000148;T000151;T000154;T000156;T000159;T000162;T000165
3q9DuHSRRlC4W1qFZvQBhU,T000164,CIV-UTIL-TEST,Gas main CH054,UG1,UG1-Z2,utilities,utilities,6.0,m,12,13,,,T000163
3yPVf5hjyUg$Tt29DHTq5Q,T000165,CIV-TM-STAGE1,Comms duct CH054,UG1,UG1-Z2,traffic,traffic_stage_1,60.0,m,2,3,,,
3yPVf5hjyUg$Tt29DHTq5Q,T000166,CIV-DUCT-LAY,Comms duct CH054,UG1,UG1-Z2,utilities,drainage,6.0,m,21,22,,,T000127;T000129;T000130;T000132;T000133;T000135;T000136;T000138;T000139;T000141;T000142;T000144;T000146;T000148;T000150;T000151;T000153;T000154;T000156;T000158;T000159;T000161;T000162;T000164;T000165
041333AfLAAOzCul73Jjem,T000167,CIV-TM-STAGE1,Water main CH066,UG1,UG1-Z3,traffic,traffic_stage_1,60.0,m,2,3,,,
041333AfLAAOzCul73Jjem,T000168,CIV-UTIL-DIVERT,Water main CH066,UG1,UG1-Z3,utilities,utilities,6.0,m,10,12,,,T000027;T000167;T000170;T000173;T000175;T000177;T000180;T000182;T000185;T000188;T000191;T000193;T000195
041333AfLAAOzCul73Jjem,T000169,CIV-UTIL-TEST,Water main CH066,UG1,UG1-Z3,utilities,utilities,6.0,m,12,13,,,T000168
060XVmihBkZJpmFUqJYTfl,T000170,CIV-TM-STAGE1,Gas main CH066,UG1,UG1-Z3,traffic,traffic_stage_1,60.0,m,2,3,,,
060XVmihBkZJpmFUqJYTfl,T000171,CIV-UTIL-DIVERT,Gas main CH066,UG1,UG1-Z3,utilities,utilities,6.0,m,10,12,,,T000014;T000167;T000170;T000173;T000175;T000177;T000180;T000182;T000185;T000188;T000191;T000193;T000195
060XVmihBkZJpmFUqJYTfl,T000172,CIV-UTIL-TEST,Gas main CH066,UG1,UG1-Z3,utilities,utilities,6.0,m,12,13,,,T000171
0BW4bGq5k2hU$ost5CEGs2,T000173,CIV-TM-STAGE1,Comms duct CH084,UG1,UG1-Z3,traffic,traffic_stage_1,60.0,m,2,3,,,
0BW4bGq5k2hU$ost5CEGs2,T000174,CIV-DUCT-LAY,Comms duct CH084,UG1,UG1-Z3,utilities,drainage,6.0,m,21,22,,,T000167;T000169;T000170;T000172;T000173;T000175;T000177;T000179;T000180;T000182;T000184;T000185;T000187;T000188;T000190;T000191;T000193;T000195;T000197
0QkctJ8Kym0Ll4MrDAKR9J,T000175,CIV-TM-STAGE1,Comms duct CH060,UG1,UG1-Z3,traffic,traffic_stage_1,60.0,m,2,3,,,
0QkctJ8Kym0Ll4MrDAKR9J,T000176,CIV-DUCT-LAY,Comms duct CH060,UG1,UG1-Z3,utilities,drainage,6.0,m,21,22,,,T000167;T000169;T000170;T000172;T000173;T000175;T000177;T000179;T000180;T000182;T000184;T000185;T000187;T000188;T000190;T000191;T000193;T000195;T000197
0bSTozh3HqOLKRI9UvZghr,T000177,CIV-TM-STAGE1,Water main CH084,UG1,UG1-Z3,traffic,traffic_stage_1,60.0,m,2,3,,,
0bSTozh3HqOLKRI9UvZghr,T000178,CIV-UTIL-DIVERT,Water main CH084,UG1,UG1-Z3,utilities,utilities,6.0,m,10,12,,,T000027;T000167;T000170;T000173;T000175;T000177;T000180;T000182;T000185;T000188;T000191;T000193;T000195
0bSTozh3HqOLKRI9UvZghr,T000179,CIV-UTIL-TEST,Water main CH084,UG1,UG1-Z3,utilities,utilities,6.0,m,12,13,,,T000178
0bbXKAIza_9JMa5emy5tx3,T000180,CIV-TM-STAGE1,Comms duct CH066,UG1,UG1-Z3,traffic,traffic_stage_1,60.0,m,2,3,,,
0bbXKAIza_9JMa5emy5tx3,T000181,CIV-DUCT-LAY,Comms duct CH066,UG1,UG1-Z3,utilities,drainage,6.0,m,21,22,,,T000167;T000169;T000170;T000172;T000173;T000175;T000177;T000179;T000180;T000182;T000184;T000185;T000187;T000188;T000190;T000191;T000193;T000195;T000197
0oWF0XXMy$VOmO8pYVJ8Ip,T000182,CIV-TM-STAGE1,Water main CH072,UG1,UG1-Z3,traffic,traffic_stage_1,60.0,m,2,3,,,
0oWF0XXMy$VOmO8pYVJ8Ip,T000183,CIV-UTIL-DIVERT,Water main CH072,UG1,UG1-Z3,utilities,utilities,6.0,m,10,12,,,T000027;T000167;T000170;T000173;T000175;T000177;T000180;T000182;T000185;T000188;T000191;T000193;T000195
0oWF0XXMy$VOmO8pYVJ8Ip,T000184,CIV-UTIL-TEST,Water main CH072,UG1,UG1-Z3,utilities,utilities,6.0,m,12,13,,,T000183
13C2ZOMKT5MPQPGbw7vSH4,T000185,CIV-TM-STAGE1,Water main CH060,UG1,UG1-Z3,traffic,traffic_stage_1,60.0,m,2,3,,,
13C2ZOMKT5MPQPGbw7vSH4,T000186,CIV-UTIL-DIVERT,Water main CH060,UG1,UG1-Z3,utilities,utilities,6.0,m,10,12,,,T000027;T000167;T000170;T000173;T000175;T000177;T000180;T000182;T000185;T000188;T000191;T000193;T000195
13C2ZOMKT5MPQPGbw7vSH4,T000187,CIV-UTIL-TEST,Water main CH060,UG1,UG1-Z3,utilities,utilities,6.0,m,12,13,,,T000186
1DlUMZgHx7h4b7bUQRQjOW,T000188,CIV-TM-STAGE1,Water main CH078,UG1,UG1-Z3,traffic,traffic_stage_1,60.0,m,2,3,,,
1DlUMZgHx7h4b7bUQRQjOW,T000189,CIV-UTIL-DIVERT,Water main CH078,UG1,UG1-Z3,utilities,utilities,6.0,m,10,12,,,T000027;T000167;T000170;T000173;T000175;T000177;T000180;T000182;T000185;T000188;T000191;T000193;T000195
1DlUMZgHx7h4b7bUQRQjOW,T000190,CIV-UTIL-TEST,Water main CH078,UG1,UG1-Z3,utilities,utilities,6.0,m,12,13,,,T000189
2FoSIDBCwxF6PUBP$RHpfS,T000191,CIV-TM-STAGE1,Comms duct CH078,UG1,UG1-Z3,traffic,traffic_stage_1,60.0,m,3,4,,,
2FoSIDBCwxF6PUBP$RHpfS,T000192,CIV-DUCT-LAY,Comms duct CH078,UG1,UG1-Z3,utilities,drainage,6.0,m,21,22,,,T000167;T000169;T000170;T000172;T000173;T000175;T000177;T000179;T000180;T000182;T000184;T000185;T000187;T000188;T000190;T000191;T000193;T000195;T000197
2LdqcK2VrGltRDdWAx5nbn,T000193,CIV-TM-STAGE1,Comms duct CH072,UG1,UG1-Z3,traffic,traffic_stage_1,60.0,m,3,4,,,
2LdqcK2VrGltRDdWAx5nbn,T000194,CIV-DUCT-LAY,Comms duct CH072,UG1,UG1-Z3,utilities,drainage,6.0,m,21,22,,,T000167;T000169;T000170;T000172;T000173;T000175;T000177;T000179;T000180;T000182;T000184;T000185;T000187;T000188;T000190;T000191;T000193;T000195;T000197
3DtTLYgvKRvsMuZeXR2Ppb,T000195,CIV-TM-STAGE1,Gas main CH060,UG1,UG1-Z3,traffic,traffic_stage_1,60.0,m,3,4,,,
3DtTLYgvKRvsMuZeXR2Ppb,T000196,CIV-UTIL-DIVERT,Gas main CH060,UG1,UG1-Z3,utilities,utilities,6.0,m,12,14,,,T000014;T000167;T000170;T000173;T000175;T000177;T000180;T000182;T000185;T000188;T000191;T000193;T000195
3DtTLYgvKRvsMuZeXR2Ppb,T000197,CIV-UTIL-TEST,Gas main CH060,UG1,UG1-Z3,utilities,utilities,6.0,m,20,21,,,T000196
0ZAb9f6wqMPuqI6lSZY2$u,T000198,CIV-TM-STAGE1,Water main CH102,UG1,UG1-Z4,traffic,traffic_stage_1,60.0,m,3,4,,,
0ZAb9f6wqMPuqI6lSZY2$u,T000199,CIV-UTIL-DIVERT,Water main CH102,UG1,UG1-Z4,utilities,utilities,6.0,m,12,14,,,T000027;T000198;T000201;T000203;T000206;T000209;T000212;T000214;T000216;T000218;T000221
0ZAb9f6wqMPuqI6lSZY2$u,T000200,CIV-UTIL-TEST,Water main CH102,UG1,UG1-Z4,utilities,utilities,6.0,m,20,21,,,T000199
11k0mIALNSifKBok1gvDXp,T000201,CIV-TM-STAGE1,Comms duct CH114,UG1,UG1-Z4,traffic,traffic_stage_1,60.0,m,3,4,,,
11k0mIALNSifKBok1gvDXp,T000202,CIV-DUCT-LAY,Comms duct CH114,UG1,UG1-Z4,utilities,drainage,6.0,m,21,22,,,T000198;T000200;T000201;T000203;T000205;T000206;T000208;T000209;T000211;T000212;T000214;T000216;T000218;T000220;T000221
1DAK0mESsUeGx$imFORv9b,T000203,CIV-TM-STAGE1,Water main CH108,UG1,UG1-Z4,traffic,traffic_stage_1,60.0,m,3,4,,,
1DAK0mESsUeGx$imFORv9b,T000204,CIV-UTIL-DIVERT,Water main CH108,UG1,UG1-Z4,utilities,utilities,6.0,m,12,14,,,T000027;T000198;T000201;T000203;T000206;T000209;T000212;T000214;T000216;T000218;T000221
1DAK0mESsUeGx$imFORv9b,T000205,CIV-UTIL-TEST,Water main CH108,UG1,UG1-Z4,utilities,utilities,6.0,m,20,21,,,T000204
1VEMeq3hTv2$spFwz7p$Up,T000206,CIV-TM-STAGE1,Water main CH114,UG1,UG1-Z4,traffic,traffic_stage_1,60.0,m,3,4,,,
1VEMeq3hTv2$spFwz7p$Up,T000207,CIV-UTIL-DIVERT,Water main CH114,UG1,UG1-Z4,utilities,utilities,6.0,m,12,14,,,T000027;T000198;T000201;T000203;T000206;T000209;T000212;T000214;T000216;T000218;T000221
1VEMeq3hTv2$spFwz7p$Up,T000208,CIV-UTIL-TEST,Water main CH114,UG1,UG1-Z4,utilities,utilities,6.0,m,20,21,,,T000207
1bItp7q2yJoFwr3uMRdTSf,T000209,CIV-TM-STAGE1,Water main CH096,UG1,UG1-Z4,traffic,traffic_stage_1,60.0,m,3,4,,,
1bItp7q2yJoFwr3uMRdTSf,T000210,CIV-UTIL-DIVERT,Water main CH096,UG1,UG1-Z4,utilities,utilities,6.0,m,12,14,,,T000027;T000198;T000201;T000203;T000206;T000209;T000212;T000214;T000216;T000218;T000221
1bItp7q2yJoFwr3uMRdTSf,T000211,CIV-UTIL-TEST,Water main CH096,UG1,UG1-Z4,utilities,utilities,6.0,m,20,21,,,T000210
1q5RTlF6Dlv26l8baN2vWL,T000212,CIV-TM-STAGE1,Comms duct CH090,UG1,UG1-Z4,traffic,traffic_stage_1,60.0,m,3,4,,,
1q5RTlF6Dlv26l8baN2vWL,T000213,CIV-DUCT-LAY,Comms duct CH090,UG1,UG1-Z4,utilities,drainage,6.0,m,21,22,,,T000198;T000200;T000201;T000203;T000205;T000206;T000208;T000209;T000211;T000212;T000214;T000216;T000218;T000220;T000221
2VH2a0iqFIth3IpjItYBmm,T000214,CIV-TM-STAGE1,Comms duct CH096,UG1,UG1-Z4,traffic,traffic_stage_1,60.0,m,3,4,,,
2VH2a0iqFIth3IpjItYBmm,T000215,CIV-DUCT-LAY,Comms duct CH096,UG1,UG1-Z4,utilities,drainage,6.0,m,21,22,,,T000198;T000200;T000201;T000203;T000205;T000206;T000208;T000209;T000211;T000212;T000214;T000216;T000218;T000220;T000221
2X6Lf6Iob5CtZa6UvQWDoy,T000216,CIV-TM-STAGE1,Comms duct CH108,UG1,UG1-Z4,traffic,traffic_stage_1,60.0,m,3,4,,,
2X6Lf6Iob5CtZa6UvQWDoy,T000217,CIV-DUCT-LAY,Comms duct CH108,UG1,UG1-Z4,utilities,drainage,6.0,m,21,22,,,T000198;T000200;T000201;T000203;T000205;T000206;T000208;T000209;T000211;T000212;T000214;T000216;T000218;T000220;T000221
3NtD__sIQXb5EUc0vOhcUz,T000218,CIV-TM-STAGE1,Water main CH090,UG1,UG1-Z4,traffic,traffic_stage_1,60.0,m,3,4,,,
3NtD__sIQXb5EUc0vOhcUz,T000219,CIV-UTIL-DIVERT,Water main CH090,UG1,UG1-Z4,utilities,utilities,6.0,m,12,14,,,T000027;T000198;T000201;T000203;T000206;T000209;T000212;T000214;T000216;T000218;T000221
3NtD__sIQXb5EUc0vOhcUz,T000220,CIV-UTIL-TEST,Water main CH090,UG1,UG1-Z4,utilities,utilities,6.0,m,20,21,,,T000219
3aoK7vHpqGHi2B_yn6K8X2,T000221,CIV-TM-STAGE1,Comms duct CH102,UG1,UG1-Z4,traffic,traffic_stage_1,60.0,m,3,4,,,
3aoK7vHpqGHi2B_yn6K8X2,T000222,CIV-DUCT-LAY,Comms duct CH102,UG1,UG1-Z4,utilities,drainage,6.0,m,21,22,,,T000198;T000200;T000201;T000203;T000205;T000206;T000208;T000209;T000211;T000212;T000214;T000216;T000218;T000220;T000221
0vZm98x$$nJt$JGeP$4e0p,T000223,CIV-TM-STAGE1,Water main CH120,UG1,UG1-Z5,traffic,traffic_stage_1,60.0,m,4,5,,,
0vZm98x$$nJt$JGeP$4e0p,T000224,CIV-UTIL-DIVERT,Water main CH120,UG1,UG1-Z5,utilities,utilities,6.0,m,12,14,,,T000027;T000223;T000226;T000228;T000230;T000232;T000234;T000236;T000239;T000242;T000245
0vZm98x$$nJt$JGeP$4e0p,T000225,CIV-UTIL-TEST,Water main CH120,UG1,UG1-Z5,utilities,utilities,6.0,m,20,21,,,T000224
1O8GPI0dB7m1BVrX_KQxi3,T000226,CIV-TM-STAGE1,Comms duct CH138,UG1,UG1-Z5,traffic,traffic_stage_1,60.0,m,4,5,,,
1O8GPI0dB7m1BVrX_KQxi3,T000227,CIV-DUCT-LAY,Comms duct CH138,UG1,UG1-Z5,utilities,drainage,6.0,m,25,26,,,T000223;T000225;T000226;T000228;T000230;T000232;T000234;T000236;T000238;T000239;T000241;T000242;T000244;T000245;T000247
1RqLCsf9cUIULfkVQedYrF,T000228,CIV-TM-STAGE1,Comms duct CH144,UG1,UG1-Z5,traffic,traffic_stage_1,60.0,m,4,5,,,
1RqLCsf9cUIULfkVQedYrF,T000229,CIV-DUCT-LAY,Comms duct CH144,UG1,UG1-Z5,utilities,drainage,6.0,m,25,26,,,T000223;T000225;T000226;T000228;T000230;T000232;T000234;T000236;T000238;T000239;T000241;T000242;T000244;T000245;T000247
1Ul6Y3knmgw43FLZMhlYWN,T000230,CIV-TM-STAGE1,Comms duct CH120,UG1,UG1-Z5,traffic,traffic_stage_1,60.0,m,4,5,,,
1Ul6Y3knmgw43FLZMhlYWN,T000231,CIV-DUCT-LAY,Comms duct CH120,UG1,UG1-Z5,utilities,drainage,6.0,m,25,26,,,T000223;T000225;T000226;T000228;T000230;T000232;T000234;T000236;T000238;T000239;T000241;T000242;T000244;T000245;T000247
22f_aXS0OdF9EzzL6PgUY4,T000232,CIV-TM-STAGE1,Comms duct CH126,UG1,UG1-Z5,traffic,traffic_stage_1,60.0,m,4,5,,,
22f_aXS0OdF9EzzL6PgUY4,T000233,CIV-DUCT-LAY,Comms duct CH126,UG1,UG1-Z5,utilities,drainage,6.0,m,25,26,,,T000223;T000225;T000226;T000228;T000230;T000232;T000234;T000236;T000238;T000239;T000241;T000242;T000244;T000245;T000247
2GUipKHgsr7frvuZcLH$hh,T000234,CIV-TM-STAGE1,Comms duct CH132,UG1,UG1-Z5,traffic,traffic_stage_1,60.0,m,4,5,,,
2GUipKHgsr7frvuZcLH$hh,T000235,CIV-DUCT-LAY,Comms duct CH132,UG1,UG1-Z5,utilities,drainage,6.0,m,25,26,,,T000223;T000225;T000226;T000228;T000230;T000232;T000234;T000236;T000238;T000239;T000241;T000242;T000244;T000245;T000247
2zMhnLLpSShlDSDolk3_Xn,T000236,CIV-TM-STAGE1,Water main CH126,UG1,UG1-Z5,traffic,traffic_stage_1,60.0,m,4,5,,,
2zMhnLLpSShlDSDolk3_Xn,T000237,CIV-UTIL-DIVERT,Water main CH126,UG1,UG1-Z5,utilities,utilities,6.0,m,12,14,,,T000027;T000223;T000226;T000228;T000230;T000232;T000234;T000236;T000239;T000242;T000245
2zMhnLLpSShlDSDolk3_Xn,T000238,CIV-UTIL-TEST,Water main CH126,UG1,UG1-Z5,utilities,utilities,6.0,m,20,21,,,T000237
3_I$SsvubqJ0GkLlaQ8RMD,T000239,CIV-TM-STAGE1,Water main CH138,UG1,UG1-Z5,traffic,traffic_stage_1,60.0,m,4,5,,,
3_I$SsvubqJ0GkLlaQ8RMD,T000240,CIV-UTIL-DIVERT,Water main CH138,UG1,UG1-Z5,utilities,utilities,6.0,m,12,14,,,T000027;T000223;T000226;T000228;T000230;T000232;T000234;T000236;T000239;T000242;T000245
3_I$SsvubqJ0GkLlaQ8RMD,T000241,CIV-UTIL-TEST,Water main CH138,UG1,UG1-Z5,utilities,utilities,6.0,m,20,21,,,T000240
3mUDo6NuFyM8wRPuRN3fNM,T000242,CIV-TM-STAGE1,Water main CH144,UG1,UG1-Z5,traffic,traffic_stage_1,60.0,m,4,5,,,
3mUDo6NuFyM8wRPuRN3fNM,T000243,CIV-UTIL-DIVERT,Water main CH144,UG1,UG1-Z5,utilities,utilities,6.0,m,12,14,,,T000027;T000223;T000226;T000228;T000230;T000232;T000234;T000236;T000239;T000242;T000245
3mUDo6NuFyM8wRPuRN3fNM,T000244,CIV-UTIL-TEST,Water main CH144,UG1,UG1-Z5,utilities,utilities,6.0,m,20,21,,,T000243
3ve52YJDaB4jMwnFy7Gz0Y,T000245,CIV-TM-STAGE1,Water main CH132,UG1,UG1-Z5,traffic,traffic_stage_1,60.0,m,4,5,,,
3ve52YJDaB4jMwnFy7Gz0Y,T000246,CIV-UTIL-DIVERT,Water main CH132,UG1,UG1-Z5,utilities,utilities,6.0,m,12,14,,,T000027;T000223;T000226;T000228;T000230;T000232;T000234;T000236;T000239;T000242;T000245
3ve52YJDaB4jMwnFy7Gz0Y,T000247,CIV-UTIL-TEST,Water main CH132,UG1,UG1-Z5,utilities,utilities,6.0,m,20,21,,,T000246
05X_xuiQljNUo75P2ZcUnA,T000248,CIV-TM-STAGE1,Comms duct CH150,UG1,UG1-Z6,traffic,traffic_stage_1,60.0,m,4,5,,,
05X_xuiQljNUo75P2ZcUnA,T000249,CIV-DUCT-LAY,Comms duct CH150,UG1,UG1-Z6,utilities,drainage,6.0,m,25,26,,,T000248;T000250;T000252;T000253;T000255;T000257;T000259;T000260;T000262;T000263;T000265;T000266;T000268;T000270;T000272
0EEmpDGN5F4vHhuVPR4bOt,T000250,CIV-TM-STAGE1,Water main CH156,UG1,UG1-Z6,traffic,traffic_stage_1,60.0,m,4,5,,,
0EEmpDGN5F4vHhuVPR4bOt,T000251,CIV-UTIL-DIVERT,Water main CH156,UG1,UG1-Z6,utilities,utilities,6.0,m,12,14,,,T000027;T000248;T000250;T000253;T000255;T000257;T000260;T000263;T000266;T000268;T000270
0EEmpDGN5F4vHhuVPR4bOt,T000252,CIV-UTIL-TEST,Water main CH156,UG1,UG1-Z6,utilities,utilities,6.0,m,20,21,,,T000251
0W42XU8Y0eV8eM5W4c$o$S,T000253,CIV-TM-STAGE1,Comms duct CH174,UG1,UG1-Z6,traffic,traffic_stage_1,60.0,m,4,5,,,
0W42XU8Y0eV8eM5W4c$o$S,T000254,CIV-DUCT-LAY,Comms duct CH174,UG1,UG1-Z6,utilities,drainage,6.0,m,26,27,,,T000248;T000250;T000252;T000253;T000255;T000257;T000259;T000260;T000262;T000263;T000265;T000266;T000268;T000270;T000272
0_Ks51CkvDI3Dh7xAP5qvD,T000255,CIV-TM-STAGE1,Comms duct CH168,UG1,UG1-Z6,traffic,traffic_stage_1,60.0,m,5,6,,,
0_Ks51CkvDI3Dh7xAP5qvD,T000256,CIV-DUCT-LAY,Comms duct CH168,UG1,UG1-Z6,utilities,drainage,6.0,m,26,27,,,T000248;T000250;T000252;T000253;T000255;T000257;T000259;T000260;T000262;T000263;T000265;T000266;T000268;T000270;T000272
17gVx$ER_fHVGJ3CHko6OM,T000257,CIV-TM-STAGE1,Water main CH150,UG1,UG1-Z6,traffic,traffic_stage_1,60.0,m,5,6,,,
17gVx$ER_fHVGJ3CHko6OM,T000258,CIV-UTIL-DIVERT,Water main CH150,UG1,UG1-Z6,utilities,utilities,6.0,m,12,14,,,T000027;T000248;T000250;T000253;T000255;T000257;T000260;T000263;T000266;T000268;T000270
17gVx$ER_fHVGJ3CHko6OM,T000259,CIV-UTIL-TEST,Water main CH150,UG1,UG1-Z6,utilities,utilities,6.0,m,20,21,,,T000258
28UHy247YprsCdg38E6v_x,T000260,CIV-TM-STAGE1,Water main CH174,UG1,UG1-Z6,traffic,traffic_stage_1,60.0,m,5,6,,,
28UHy247YprsCdg38E6v_x,T000261,CIV-UTIL-DIVERT,Water main CH174,UG1,UG1-Z6,utilities,utilities,6.0,m,12,14,,,T000027;T000248;T000250;T000253;T000255;T000257;T000260;T000263;T000266;T000268;T000270
28UHy247YprsCdg38E6v_x,T000262,CIV-UTIL-TEST,Water main CH174,UG1,UG1-Z6,utilities,utilities,6.0,m,20,21,,,T000261
2zDHWxt0E57FF4Q3qTCvpZ,T000263,CIV-TM-STAGE1,Water main CH168,UG1,UG1-Z6,traffic,traffic_stage_1,60.0,m,5,6,,,
2zDHWxt0E57FF4Q3qTCvpZ,T000264,CIV-UTIL-DIVERT,Water main CH168,UG1,UG1-Z6,utilities,utilities,6.0,m,12,14,,,T000027;T000248;T000250;T000253;T000255;T000257;T000260;T000263;T000266;T000268;T000270
2zDHWxt0E57FF4Q3qTCvpZ,T000265,CIV-UTIL-TEST,Water main CH168,UG1,UG1-Z6,utilities,utilities,6.0,m,20,21,,,T000264
3Z7L7uAts2qTGGaDheXK0S,T000266,CIV-TM-STAGE1,Comms duct CH162,UG1,UG1-Z6,traffic,traffic_stage_1,60.0,m,5,6,,,
3Z7L7uAts2qTGGaDheXK0S,T000267,CIV-DUCT-LAY,Comms duct CH162,UG1,UG1-Z6,utilities,drainage,6.0,m,26,27,,,T000248;T000250;T000252;T000253;T000255;T000257;T000259;T000260;T000262;T000263;T000265;T000266;T000268;T000270;T000272
3hQ1MwcDJaMCBa2oHh1fHJ,T000268,CIV-TM-STAGE1,Comms duct CH156,UG1,UG1-Z6,traffic,traffic_stage_1,60.0,m,5,6,,,
3hQ1MwcDJaMCBa2oHh1fHJ,T000269,CIV-DUCT-LAY,Comms duct CH156,UG1,UG1-Z6,utilities,drainage,6.0,m,26,27,,,T000248;T000250;T000252;T000253;T000255;T000257;T000259;T000260;T000262;T000263;T000265;T000266;T000268;T000270;T000272
3jfkndGR3X9J3Iz6sFkKzT,T000270,CIV-TM-STAGE1,Water main CH162,UG1,UG1-Z6,traffic,traffic_stage_1,60.0,m,5,6,,,
3jfkndGR3X9J3Iz6sFkKzT,T000271,CIV-UTIL-DIVERT,Water main CH162,UG1,UG1-Z6,utilities,utilities,6.0,m,12,14,,,T000027;T000248;T000250;T000253;T000255;T000257;T000260;T000263;T000266;T000268;T000270
3jfkndGR3X9J3Iz6sFkKzT,T000272,CIV-UTIL-TEST,Water main CH162,UG1,UG1-Z6,utilities,utilities,6.0,m,20,21,,,T000271
0c1HOrOrJsWQ08K4Xz8SxL,T000273,CIV-TRENCH-DIG,Storm drain CH018,UG1,UG1-Z7,earthworks,drainage,6.0,m,21,22,,,T000009;T000022;T000033;T000036;T000039;T000044;T000047;T000050;T000053;T000056;T000063;T000129;T000132;T000135;T000138;T000141;T000150;T000153;T000158;T000161;T000164;T000169;T000172;T000179;T000184;T000187;T000190;T000197;T000200;T000205;T000208;T000211;T000220;T000225;T000238;T000241;T000244;T000247;T000252;T000259;T000262;T000265;T000272;T000492;T000511;T000513;T000523;T000527;T000531;T000533;T000537;T000591;T000598;T000614;T000647;T000652;T000658;T000669;T000673;T000680;T000686;T000691;T000709;T000717;T000728;T000740;T000743;T000757;T000767;T000770;T000794;T000821;T000835;T000845;T000850;T000856;T000886;T000889;T000894;T000900;T000902;T001148;T001154;T001178;T001200;T001241;T001250;T001256;T001263;T001294;T001299;T001305;T001307;T001319;T001330;T001335;T001341;T001351;T001366;T001444;T001447;T001463;T001467;T001473;T001473;T001482;T001491;T001502;T001517;T001528;T001541;T001553;T001580;T001584;T001589;T001592;T001596;T001609;T001619;T001626
0c1HOrOrJsWQ08K4Xz8SxL,T000274,CIV-DRAIN-INSTALL,Storm drain CH018,UG1,UG1-Z7,utilities,drainage,6.0,m,23,24,,,T000273
0c1HOrOrJsWQ08K4Xz8SxL,T000275,CIV-DRAIN-TEST,Storm drain CH018,UG1,UG1-Z7,qa,drainage,6.0,m,24,25,,,T000274
0c1HOrOrJsWQ08K4Xz8SxL,T000276,CIV-DRAIN-BACKFILL,Storm drain CH018,UG1,UG1-Z7,earthworks,drainage,6.0,m,25,26,,,T000275
0e_P2RtIvHcoVI2TuW_pxx,T000277,CIV-TRENCH-DIG,Storm drain CH012,UG1,UG1-Z7,earthworks,drainage,6.0,m,21,22,,,T000009;T000022;T000033;T000036;T000039;T000044;T000047;T000050;T000053;T000056;T000063;T000129;T000132;T000135;T000138;T000141;T000150;T000153;T000158;T000161;T000164;T000169;T000172;T000179;T000184;T000187;T000190;T000197;T000200;T000205;T000208;T000211;T000220;T000225;T000238;T000241;T000244;T000247;T000252;T000259;T000262;T000265;T000272;T000492;T000511;T000513;T000523;T000527;T000531;T000533;T000537;T000591;T000598;T000614;T000647;T000652;T000658;T000669;T000673;T000680;T000686;T000691;T000709;T000717;T000728;T000740;T000743;T000757;T000767;T000770;T000794;T000821;T000835;T000845;T000850;T000856;T000886;T000889;T000894;T000900;T000902;T001148;T001154;T001178;T001200;T001241;T001250;T001256;T001263;T001294;T001299;T001305;T001307;T001319;T001330;T001335;T001341;T001351;T001366;T001444;T001447;T001463;T001467;T001473;T001482;T001491;T001491;T001502;T001517;T001528;T001541;T001553;T001580;T001584;T001589;T001592;T001596;T001609;T001619;T001626
0e_P2RtIvHcoVI2TuW_pxx,T000278,CIV-DRAIN-INSTALL,Storm drain CH012,UG1,UG1-Z7,utilities,drainage,6.0,m,23,24,,,T000277
0e_P2RtIvHcoVI2TuW_pxx,T000279,CIV-DRAIN-TEST,Storm drain CH012,UG1,UG1-Z7,qa,drainage,6.0,m,24,25,,,T000278
0e_P2RtIvHcoVI2TuW_pxx,T000280,CIV-DRAIN-BACKFILL,Storm drain CH012,UG1,UG1-Z7,earthworks,drainage,6.0,m,25,26,,,T000279
1LhKfmACAA1Js$BJ60yM4H,T000281,CIV-TRENCH-DIG,Storm drain CH024,UG1,UG1-Z7,earthworks,drainage,6.0,m,21,22,,,T000009;T000022;T000033;T000036;T000039;T000044;T000047;T000050;T000053;T000056;T000063;T000129;T000132;T000135;T000138;T000141;T000150;T000153;T000158;T000161;T000164;T000169;T000172;T000179;T000184;T000187;T000190;T000197;T000200;T000205;T000208;T000211;T000220;T000225;T000238;T000241;T000244;T000247;T000252;T000259;T000262;T000265;T000272;T000492;T000511;T000513;T000523;T000527;T000531;T000533;T000537;T000591;T000598;T000614;T000647;T000652;T000658;T000669;T000673;T000680;T000686;T000691;T000709;T000717;T000728;T000740;T000743;T000757;T000767;T000770;T000794;T000821;T000835;T000845;T000850;T000856;T000886;T000889;T000894;T000900;T000902;T001148;T001154;T001178;T001200;T001241;T001250;T001256;T001263;T001294;T001299;T001305;T001307;T001319;T001330;T001335;T001341;T001351;T001366;T001444;T001447;T001463;T001467;T001473;T001482;T001482;T001491;T001502;T001517;T001528;T001541;T001553;T001580;T001584;T001589;T001592;T001596;T001609;T001619;T001626
1LhKfmACAA1Js$BJ60yM4H,T000282,CIV-DRAIN-INSTALL,Storm drain CH024,UG1,UG1-Z7,utilities,drainage,6.0,m,23,24,,,T000281
1LhKfmACAA1Js$BJ60yM4H,T000283,CIV-DRAIN-TEST,Storm drain CH024,UG1,UG1-Z7,qa,drainage,6.0,m,24,25,,,T000282
1LhKfmACAA1Js$BJ60yM4H,T000284,CIV-DRAIN-BACKFILL,Storm drain CH024,UG1,UG1-Z7,earthworks,drainage,6.0,m,25,26,,,T000283
2iTYkXzKLSP4mk6TBKB6WA,T000285,CIV-TRENCH-DIG,Storm drain CH006,UG1,UG1-Z7,earthworks,drainage,6.0,m,21,22,,,T000009;T000022;T000033;T000036;T000039;T000044;T000047;T000050;T000053;T000056;T000063;T000129;T000132;T000135;T000138;T000141;T000150;T000153;T000158;T000161;T000164;T000169;T000172;T000179;T000184;T000187;T000190;T000197;T000200;T000205;T000208;T000211;T000220;T000225;T000238;T000241;T000244;T000247;T000252;T000259;T000262;T000265;T000272;T000492;T000511;T000513;T000523;T000527;T000531;T000533;T000537;T000591;T000598;T000614;T000647;T000652;T000658;T000669;T000673;T000680;T000686;T000691;T000709;T000717;T000728;T000740;T000743;T000757;T000767;T000770;T000794;T000821;T000835;T000845;T000850;T000856;T000886;T000889;T000894;T000900;T000902;T001148;T001154;T001178;T001200;T001241;T001250;T001256;T001263;T001294;T001299;T001305;T001307;T001319;T001330;T001335;T001341;T001351;T001366;T001444;T001444;T001447;T001463;T001467;T001473;T001482;T001491;T001502;T001517;T001528;T001541;T001553;T001580;T001584;T001589;T001592;T001596;T001609;T001619;T001626
2iTYkXzKLSP4mk6TBKB6WA,T000286,CIV-DRAIN-INSTALL,Storm drain CH006,UG1,UG1-Z7,utilities,drainage,6.0,m,23,24,,,T000285
2iTYkXzKLSP4mk6TBKB6WA,T000287,CIV-DRAIN-TEST,Storm drain CH006,UG1,UG1-Z7,qa,drainage,6.0,m,24,25,,,T000286
2iTYkXzKLSP4mk6TBKB6WA,T000288,CIV-DRAIN-BACKFILL,Storm drain CH006,UG1,UG1-Z7,earthworks,drainage,6.0,m,25,26,,,T000287
2jUJ2eSLnQ2KBY_FCVqSUw,T000289,CIV-TRENCH-DIG,Storm drain CH000,UG1,UG1-Z7,earthworks,drainage,6.0,m,21,22,,,T000009;T000022;T000033;T000036;T000039;T000044;T000047;T000050;T000053;T000056;T000063;T000129;T000132;T000135;T000138;T000141;T000150;T000153;T000158;T000161;T000164;T000169;T000172;T000179;T000184;T000187;T000190;T000197;T000200;T000205;T000208;T000211;T000220;T000225;T000238;T000241;T000244;T000247;T000252;T000259;T000262;T000265;T000272;T000492;T000511;T000513;T000523;T000527;T000531;T000533;T000537;T000591;T000598;T000614;T000647;T000652;T000658;T000669;T000673;T000680;T000686;T000691;T000709;T000717;T000728;T000740;T000743;T000757;T000767;T000770;T000794;T000821;T000835;T000845;T000850;T000856;T000886;T000889;T000894;T000900;T000902;T001148;T001154;T001178;T001200;T001241;T001250;T001256;T001263;T001294;T001299;T001305;T001307;T001319;T001330;T001335;T001341;T001351;T001366;T001444;T001447;T001447;T001463;T001467;T001473;T001482;T001491;T001502;T001517;T001528;T001541;T001553;T001580;T001584;T001589;T001592;T001596;T001609;T001619;T001626
2jUJ2eSLnQ2KBY_FCVqSUw,T000290,CIV-DRAIN-INSTALL,Storm drain CH000,UG1,UG1-Z7,utilities,drainage,6.0,m,23,24,,,T000289
2jUJ2eSLnQ2KBY_FCVqSUw,T000291,CIV-DRAIN-TEST,Storm drain CH000,UG1,UG1-Z7,qa,drainage,6.0,m,24,25,,,T000290
2jUJ2eSLnQ2KBY_FCVqSUw,T000292,CIV-DRAIN-BACKFILL,Storm drain CH000,UG1,UG1-Z7,earthworks,drainage,6.0,m,25,26,,,T000291
3FcQy4kKoOi864WnN$xofv,T000293,CIV-CHAMBER-SET,Manhole MH2,UG1,UG1-Z7,utilities,drainage,1.0,ea,26,27,,,T000281
3opxjpWqL$G4Q9lcEqmmcl,T000294,CIV-CHAMBER-SET,Manhole MH1,UG1,UG1-Z7,utilities,drainage,1.0,ea,26,27,,,T000285
0rW$0EpOWGNFVG5TV59oHR,T000295,CIV-TRENCH-DIG,Storm drain CH048,UG1,UG1-Z8,earthworks,drainage,6.0,m,21,22,,,T000009;T000022;T000033;T000036;T000039;T000044;T000047;T000050;T000053;T000056;T000063;T000129;T000132;T000135;T000138;T000141;T000150;T000153;T000158;T000161;T000164;T000169;T000172;T000179;T000184;T000187;T000190;T000197;T000200;T000205;T000208;T000211;T000220;T000225;T000238;T000241;T000244;T000247;T000252;T000259;T000262;T000265;T000272;T000492;T000511;T000513;T000523;T000527;T000531;T000533;T000537;T000591;T000598;T000614;T000647;T000652;T000658;T000669;T000673;T000680;T000686;T000691;T000709;T000717;T000728;T000740;T000743;T000757;T000767;T000770;T000794;T000821;T000835;T000845;T000850;T000856;T000886;T000889;T000894;T000900;T000902;T001148;T001154;T001178;T001200;T001241;T001250;T001256;T001263;T001294;T001299;T001305;T001307;T001319;T001330;T001335;T001341;T001351;T001366;T001444;T001447;T001463;T001467;T001473;T001482;T001491;T001502;T001517;T001528;T001541;T001553;T001580;T001584;T001584;T001589;T001592;T001596;T001609;T001619;T001626
0rW$0EpOWGNFVG5TV59oHR,T000296,CIV-DRAIN-INSTALL,Storm drain CH048,UG1,UG1-Z8,utilities,drainage,6.0,m,24,25,,,T000295
0rW$0EpOWGNFVG5TV59oHR,T000297,CIV-DRAIN-TEST,Storm drain CH048,UG1,UG1-Z8,qa,drainage,6.0,m,25,26,,,T000296
0rW$0EpOWGNFVG5TV59oHR,T000298,CIV-DRAIN-BACKFILL,Storm drain CH048,UG1,UG1-Z8,earthworks,drainage,6.0,m,26,27,,,T000297
1CEHy$hF4eVdsb4D7cHXmJ,T000299,CIV-TRENCH-DIG,Storm drain CH042,UG1,UG1-Z8,earthworks,drainage,6.0,m,21,22,,,T000009;T000022;T000033;T000036;T000039;T000044;T000047;T000050;T000053;T000056;T000063;T000129;T000132;T000135;T000138;T000141;T000150;T000153;T000158;T000161;T000164;T000169;T000172;T000179;T000184;T000187;T000190;T000197;T000200;T000205;T000208;T000211;T000220;T000225;T000238;T000241;T000244;T000247;T000252;T000259;T000262;T000265;T000272;T000492;T000511;T000513;T000523;T000527;T000531;T000533;T000537;T000591;T000598;T000614;T000647;T000652;T000658;T000669;T000673;T000680;T000686;T000691;T000709;T000717;T000728;T000740;T000743;T000757;T000767;T000770;T000794;T000821;T000835;T000845;T000850;T000856;T000886;T000889;T000894;T000900;T000902;T001148;T001154;T001178;T001200;T001241;T001250;T001256;T001263;T001294;T001299;T001305;T001307;T001319;T001330;T001335;T001341;T001351;T001366;T001444;T001447;T001463;T001467;T001473;T001482;T001491;T001502;T001517;T001528;T001541;T001553;T001553;T001580;T001584;T001589;T001592;T001596;T001609;T001619;T001626
1CEHy$hF4eVdsb4D7cHXmJ,T000300,CIV-DRAIN-INSTALL,Storm drain CH042,UG1,UG1-Z8,utilities,drainage,6.0,m,24,25,,,T000299
1CEHy$hF4eVdsb4D7cHXmJ,T000301,CIV-DRAIN-TEST,Storm drain CH042,UG1,UG1-Z8,qa,drainage,6.0,m,25,26,,,T000300
1CEHy$hF4eVdsb4D7cHXmJ,T000302,CIV-DRAIN-BACKFILL,Storm drain CH042,UG1,UG1-Z8,earthworks,drainage,6.0,m,26,27,,,T000301
1LUq0YO$U7tRnObiHpqaYV,T000303,CIV-CHAMBER-SET,Manhole MH3,UG1,UG1-Z8,utilities,drainage,1.0,ea,26,27,,,T000299
1fseN0LWrB_gI5HU$ZPNr4,T000304,CIV-TRENCH-DIG,Storm drain CH030,UG1,UG1-Z8,earthworks,drainage,6.0,m,21,22,,,T000009;T000022;T000033;T000036;T000039;T000044;T000047;T000050;T000053;T000056;T000063;T000129;T000132;T000135;T000138;T000141;T000150;T000153;T000158;T000161;T000164;T000169;T000172;T000179;T000184;T000187;T000190;T000197;T000200;T000205;T000208;T000211;T000220;T000225;T000238;T000241;T000244;T000247;T000252;T000259;T000262;T000265;T000272;T000492;T000511;T000513;T000523;T000527;T000531;T000533;T000537;T000591;T000598;T000614;T000647;T000652;T000658;T000669;T000673;T000680;T000686;T000691;T000709;T000717;T000728;T000740;T000743;T000757;T000767;T000770;T000794;T000821;T000835;T000845;T000850;T000856;T000886;T000889;T000894;T000900;T000902;T001148;T001154;T001178;T001200;T001241;T001250;T001256;T001263;T001294;T001299;T001305;T001307;T001319;T001330;T001335;T001341;T001351;T001366;T001444;T001447;T001463;T001467;T001473;T001482;T001491;T001502;T001517;T001528;T001541;T001553;T001580;T001584;T001589;T001592;T001596;T001609;T001619;T001626;T001626
1fseN0LWrB_gI5HU$ZPNr4,T000305,CIV-DRAIN-INSTALL,Storm drain CH030,UG1,UG1-Z8,utilities,drainage,6.0,m,24,25,,,T000304
1fseN0LWrB_gI5HU$ZPNr4,T000306,CIV-DRAIN-TEST,Storm drain CH030,UG1,UG1-Z8,qa,drainage,6.0,m,25,26,,,T000305
1fseN0LWrB_gI5HU$ZPNr4,T000307,CIV-DRAIN-BACKFILL,Storm drain CH030,UG1,UG1-Z8,earthworks,drainage,6.0,m,26,27,,,T000306
3AgVz2CGXLbWrKsQKkCad8,T000308,CIV-TRENCH-DIG,Storm drain CH036,UG1,UG1-Z8,earthworks,drainage,6.0,m,21,22,,,T000009;T000022;T000033;T000036;T000039;T000044;T000047;T000050;T000053;T000056;T000063;T000129;T000132;T000135;T000138;T000141;T000150;T000153;T000158;T000161;T000164;T000169;T000172;T000179;T000184;T000187;T000190;T000197;T000200;T000205;T000208;T000211;T000220;T000225;T000238;T000241;T000244;T000247;T000252;T000259;T000262;T000265;T000272;T000492;T000511;T000513;T000523;T000527;T000531;T000533;T000537;T000591;T000598;T000614;T000647;T000652;T000658;T000669;T000673;T000680;T000686;T000691;T000709;T000717;T000728;T000740;T000743;T000757;T000767;T000770;T000794;T000821;T000835;T000845;T000850;T000856;T000886;T000889;T000894;T000900;T000902;T001148;T001154;T001178;T001200;T001241;T001250;T001256;T001263;T001294;T001299;T001305;T001307;T001319;T001330;T001335;T001341;T001351;T001366;T001444;T001447;T001463;T001467;T001473;T001482;T001491;T001502;T001517;T001528;T001541;T001553;T001580;T001584;T001589;T001592;T001596;T001609;T001619;T001619;T001626
3AgVz2CGXLbWrKsQKkCad8,T000309,CIV-DRAIN-INSTALL,Storm drain CH036,UG1,UG1-Z8,utilities,drainage,6.0,m,24,25,,,T000308
3AgVz2CGXLbWrKsQKkCad8,T000310,CIV-DRAIN-TEST,Storm drain CH036,UG1,UG1-Z8,qa,drainage,6.0,m,25,26,,,T000309
3AgVz2CGXLbWrKsQKkCad8,T000311,CIV-DRAIN-BACKFILL,Storm drain CH036,UG1,UG1-Z8,earthworks,drainage,6.0,m,26,27,,,T000310
3H2U_nSIEYlWCYdp28DUaW,T000312,CIV-TRENCH-DIG,Storm drain CH054,UG1,UG1-Z8,earthworks,drainage,6.0,m,21,22,,,T000009;T000022;T000033;T000036;T000039;T000044;T000047;T000050;T000053;T000056;T000063;T000129;T000132;T000135;T000138;T000141;T000150;T000153;T000158;T000161;T000164;T000169;T000172;T000179;T000184;T000187;T000190;T000197;T000200;T000205;T000208;T000211;T000220;T000225;T000238;T000241;T000244;T000247;T000252;T000259;T000262;T000265;T000272;T000492;T000511;T000513;T000523;T000527;T000531;T000533;T000537;T000591;T000598;T000614;T000647;T000652;T000658;T000669;T000673;T000680;T000686;T000691;T000709;T000717;T000728;T000740;T000743;T000757;T000767;T000770;T000794;T000821;T000835;T000845;T000850;T000856;T000886;T000889;T000894;T000900;T000902;T001148;T001154;T001178;T001200;T001241;T001250;T001256;T001263;T001294;T001299;T001305;T001307;T001319;T001330;T001335;T001341;T001351;T001366;T001444;T001447;T001463;T001467;T001473;T001482;T001491;T001502;T001517;T001528;T001541;T001553;T001580;T001584;T001589;T001589;T001592;T001596;T001609;T001619;T001626
3H2U_nSIEYlWCYdp28DUaW,T000313,CIV-DRAIN-INSTALL,Storm drain CH054,UG1,UG1-Z8,utilities,drainage,6.0,m,24,25,,,T000312
3H2U_nSIEYlWCYdp28DUaW,T000314,CIV-DRAIN-TEST,Storm drain CH054,UG1,UG1-Z8,qa,drainage,6.0,m,25,26,,,T000313
3H2U_nSIEYlWCYdp28DUaW,T000315,CIV-DRAIN-BACKFILL,Storm drain CH054,UG1,UG1-Z8,earthworks,drainage,6.0,m,26,27,,,T000314
0BWU5yZL0_RqgCBTZ0sijv,T000316,CIV-TRENCH-DIG,Storm drain CH060,UG1,UG1-Z9,earthworks,drainage,6.0,m,21,22,,,T000009;T000022;T000033;T000036;T000039;T000044;T000047;T000050;T000053;T000056;T000063;T000129;T000132;T000135;T000138;T000141;T000150;T000153;T000158;T000161;T000164;T000169;T000172;T000179;T000184;T000187;T000190;T000197;T000200;T000205;T000208;T000211;T000220;T000225;T000238;T000241;T000244;T000247;T000252;T000259;T000262;T000265;T000272;T000492;T000511;T000513;T000523;T000527;T000531;T000533;T000537;T000591;T000598;T000614;T000647;T000652;T000658;T000669;T000673;T000680;T000686;T000691;T000709;T000717;T000728;T000740;T000743;T000757;T000767;T000770;T000794;T000821;T000835;T000845;T000850;T000856;T000886;T000889;T000894;T000900;T000902;T001148;T001154;T001178;T001200;T001241;T001250;T001256;T001263;T001294;T001299;T001305;T001307;T001319;T001330;T001335;T001341;T001351;T001366;T001444;T001447;T001463;T001467;T001473;T001482;T001491;T001502;T001517;T001528;T001541;T001553;T001580;T001584;T001589;T001592;T001596;T001609;T001619;T001626;T001714
0BWU5yZL0_RqgCBTZ0sijv,T000317,CIV-DRAIN-INSTALL,Storm drain CH060,UG1,UG1-Z9,utilities,drainage,6.0,m,24,25,,,T000316
0BWU5yZL0_RqgCBTZ0sijv,T000318,CIV-DRAIN-TEST,Storm drain CH060,UG1,UG1-Z9,qa,drainage,6.0,m,25,26,,,T000317
0BWU5yZL0_RqgCBTZ0sijv,T000319,CIV-DRAIN-BACKFILL,Storm drain CH060,UG1,UG1-Z9,earthworks,drainage,6.0,m,26,27,,,T000318
0Vmgy$XaFr0RoliH79d9Fa,T000320,CIV-TRENCH-DIG,Storm drain CH084,UG1,UG1-Z9,earthworks,drainage,6.0,m,21,22,,,T000009;T000022;T000033;T000036;T000039;T000044;T000047;T000050;T000053;T000056;T000063;T000129;T000132;T000135;T000138;T000141;T000150;T000153;T000158;T000161;T000164;T000169;T000172;T000179;T000184;T000187;T000190;T000197;T000200;T000205;T000208;T000211;T000220;T000225;T000238;T000241;T000244;T000247;T000252;T000259;T000262;T000265;T000272;T000492;T000511;T000513;T000523;T000527;T000531;T000533;T000537;T000591;T000598;T000614;T000647;T000652;T000658;T000669;T000673;T000680;T000686;T000691;T000709;T000717;T000728;T000740;T000743;T000757;T000767;T000770;T000794;T000821;T000835;T000845;T000850;T000856;T000886;T000889;T000894;T000900;T000902;T001148;T001154;T001178;T001200;T001241;T001250;T001256;T001263;T001294;T001299;T001305;T001307;T001319;T001330;T001335;T001341;T001351;T001366;T001444;T001447;T001463;T001467;T001473;T001482;T001491;T001502;T001517;T001528;T001541;T001553;T001580;T001584;T001589;T001592;T001596;T001609;T001619;T001626
0Vmgy$XaFr0RoliH79d9Fa,T000321,CIV-DRAIN-INSTALL,Storm drain CH084,UG1,UG1-Z9,utilities,drainage,6.0,m,24,25,,,T000320
0Vmgy$XaFr0RoliH79d9Fa,T000322,CIV-DRAIN-TEST,Storm drain CH084,UG1,UG1-Z9,qa,drainage,6.0,m,25,26,,,T000321
0Vmgy$XaFr0RoliH79d9Fa,T000323,CIV-DRAIN-BACKFILL,Storm drain CH084,UG1,UG1-Z9,earthworks,drainage,6.0,m,26,27,,,T000322
0kdLm55y6qQUqwj2NG87Y6,T000324,CIV-TRENCH-DIG,Storm drain CH072,UG1,UG1-Z9,earthworks,drainage,6.0,m,21,22,,,T000009;T000022;T000033;T000036;T000039;T000044;T000047;T000050;T000053;T000056;T000063;T000129;T000132;T000135;T000138;T000141;T000150;T000153;T000158;T000161;T000164;T000169;T000172;T000179;T000184;T000187;T000190;T000197;T000200;T000205;T000208;T000211;T000220;T000225;T000238;T000241;T000244;T000247;T000252;T000259;T000262;T000265;T000272;T000492;T000511;T000513;T000523;T000527;T000531;T000533;T000537;T000591;T000598;T000614;T000647;T000652;T000658;T000669;T000673;T000680;T000686;T000691;T000709;T000717;T000728;T000740;T000743;T000757;T000767;T000770;T000794;T000821;T000835;T000845;T000850;T000856;T000886;T000889;T000894;T000900;T000902;T001148;T001154;T001178;T001200;T001241;T001250;T001256;T001263;T001294;T001299;T001305;T001307;T001319;T001330;T001335;T001341;T001351;T001366;T001444;T001447;T001463;T001467;T001473;T001482;T001491;T001502;T001517;T001528;T001541;T001553;T001580;T001584;T001589;T001592;T001596;T001609;T001619;T001626
0kdLm55y6qQUqwj2NG87Y6,T000325,CIV-DRAIN-INSTALL,Storm drain CH072,UG1,UG1-Z9,utilities,drainage,6.0,m,24,25,,,T000324
0kdLm55y6qQUqwj2NG87Y6,T000326,CIV-DRAIN-TEST,Storm drain CH072,UG1,UG1-Z9,qa,drainage,6.0,m,25,26,,,T000325
0kdLm55y6qQUqwj2NG87Y6,T000327,CIV-DRAIN-BACKFILL,Storm drain CH072,UG1,UG1-Z9,earthworks,drainage,6.0,m,26,27,,,T000326
0q49A$fnCxq11NQ33DgrEG,T000328,CIV-CHAMBER-SET,Manhole MH5,UG1,UG1-Z9,utilities,drainage,1.0,ea,26,27,,,T000329
1jlb5NpTlhNbO2AymdqZb2,T000329,CIV-TRENCH-DIG,Storm drain CH078,UG1,UG1-Z9,earthworks,drainage,6.0,m,21,22,,,T000009;T000022;T000033;T000036;T000039;T000044;T000047;T000050;T000053;T000056;T000063;T000129;T000132;T000135;T000138;T000141;T000150;T000153;T000158;T000161;T000164;T000169;T000172;T000179;T000184;T000187;T000190;T000197;T000200;T000205;T000208;T000211;T000220;T000225;T000238;T000241;T000244;T000247;T000252;T000259;T000262;T000265;T000272;T000492;T000511;T000513;T000523;T000527;T000531;T000533;T000537;T000591;T000598;T000614;T000647;T000652;T000658;T000669;T000673;T000680;T000686;T000691;T000709;T000717;T000728;T000740;T000743;T000757;T000767;T000770;T000794;T000821;T000835;T000845;T000850;T000856;T000886;T000889;T000894;T000900;T000902;T001148;T001154;T001178;T001200;T001241;T001250;T001256;T001263;T001294;T001299;T001305;T001307;T001319;T001330;T001335;T001341;T001351;T001366;T001444;T001447;T001463;T001467;T001473;T001482;T001491;T001502;T001517;T001528;T001541;T001553;T001580;T001584;T001589;T001592;T001596;T001609;T001619;T001626
1jlb5NpTlhNbO2AymdqZb2,T000330,CIV-DRAIN-INSTALL,Storm drain CH078,UG1,UG1-Z9,utilities,drainage,6.0,m,24,25,,,T000329
1jlb5NpTlhNbO2AymdqZb2,T000331,CIV-DRAIN-TEST,Storm drain CH078,UG1,UG1-Z9,qa,drainage,6.0,m,25,26,,,T000330
1jlb5NpTlhNbO2AymdqZb2,T000332,CIV-DRAIN-BACKFILL,Storm drain CH078,UG1,UG1-Z9,earthworks,drainage,6.0,m,26,27,,,T000331
2XgHM5s_QHSBIu9sAfwLZh,T000333,CIV-TRENCH-DIG,Storm drain CH066,UG1,UG1-Z9,earthworks,drainage,6.0,m,21,22,,,T000009;T000022;T000033;T000036;T000039;T000044;T000047;T000050;T000053;T000056;T000063;T000129;T000132;T000135;T000138;T000141;T000150;T000153;T000158;T000161;T000164;T000169;T000172;T000179;T000184;T000187;T000190;T000197;T000200;T000205;T000208;T000211;T000220;T000225;T000238;T000241;T000244;T000247;T000252;T000259;T000262;T000265;T000272;T000492;T000511;T000513;T000523;T000527;T000531;T000533;T000537;T000591;T000598;T000614;T000647;T000652;T000658;T000669;T000673;T000680;T000686;T000691;T000709;T000717;T000728;T000740;T000743;T000757;T000767;T000770;T000794;T000821;T000835;T000845;T000850;T000856;T000886;T000889;T000894;T000900;T000902;T001148;T001154;T001178;T001200;T001241;T001250;T001256;T001263;T001294;T001299;T001305;T001307;T001319;T001330;T001335;T001341;T001351;T001366;T001444;T001447;T001463;T001467;T001473;T001482;T001491;T001502;T001517;T001528;T001541;T001553;T001580;T001584;T001589;T001592;T001596;T001609;T001619;T001626;T001670
2XgHM5s_QHSBIu9sAfwLZh,T000334,CIV-DRAIN-INSTALL,Storm drain CH066,UG1,UG1-Z9,utilities,drainage,6.0,m,24,25,,,T000333
2XgHM5s_QHSBIu9sAfwLZh,T000335,CIV-DRAIN-TEST,Storm drain CH066,UG1,UG1-Z9,qa,drainage,6.0,m,25,26,,,T000334
2XgHM5s_QHSBIu9sAfwLZh,T000336,CIV-DRAIN-BACKFILL,Storm drain CH066,UG1,UG1-Z9,earthworks,drainage,6.0,m,26,27,,,T000335
3xBEG6TEzoH6NTGU69UAhB,T000337,CIV-CHAMBER-SET,Manhole MH4,UG1,UG1-Z9,utilities,drainage,1.0,ea,26,27,,,T000316
19dUpcQCO323bFQN98WvFs,T000338,CIV-TM-STAGE2,Sign 1,L00,L00-Z1,traffic,traffic_stage_2,100.0,m,91,92,,,T000340;T000371;T000374;T000392;T000395;T000433;T000444;T000452;T000463;T000925;T000931;T000955;T000996;T001007;T001019;T001024;T001027;T001030;T001073;T001080;T001090;T001110;T001113;T001634;T001653;T001676;T001691;T001696;T001747
,T000339,GEN-PERMIT-WORK,Permit to work · L00 zone 1,L00,L00-Z1,erection,mobilise,1.0,ea,0,1,,,
,T000340,GEN-SURVEY-SETOUT,Survey set-out of the work area · L00 zone 1,L00,L00-Z1,qa,mobilise,1.0,ea,3,4,,,T000339
,T000341,GEN-PRECOMM-CHECK,Pre-commissioning checks · L00 zone 1,L00,L00-Z1,qa,finishing,1.0,ea,92,93,,,T000338
,T000342,GEN-PRECOMM-CHECK,Pre-commissioning checks · L00 zone 1,L00,L00-Z1,qa,finishing,1.0,ea,93,94,,,T000341
,T000343,GEN-SURVEY-ASBUILT,As-built survey and record · L00 zone 1,L00,L00-Z1,qa,finishing,1.0,ea,94,95,,,T000342
2p1chnlQcsz5_4$ei3WynC,T000344,CIV-SIGN-INSTALL,Sign 2,L00,L00-Z1,finishing,finishing,1.0,ea,92,93,,,T000338;T000346
2p1chnlQcsz5_4$ei3WynC,T000345,GEN-HANDOVER-DOC,Sign 2,L00,L00-Z1,qa,handover,1.0,ea,103,104,,,T000344
,T000346,GEN-SURVEY-SETOUT,Survey set-out of the work area · L00 zone 1,L00,L00-Z1,qa,mobilise,1.0,ea,3,4,,,
,T000347,GEN-PRECOMM-CHECK,Pre-commissioning checks · L00 zone 1,L00,L00-Z1,qa,finishing,1.0,ea,93,94,,,T000344
,T000348,GEN-SURVEY-ASBUILT,As-built survey and record · L00 zone 1,L00,L00-Z1,qa,finishing,1.0,ea,94,95,,,T000347
,T000349,GEN-PUNCH-CLEAR,Clear defects and demobilise · L00 zone 1,L00,L00-Z1,finishing,handover,1.0,ea,103,104,,,T000344;T000348
059jvqvtbzHNAJ0lwmfuMZ,T000350,STR-CAP-REBAR,Pile cap P2,L00,L00-Z10,concrete,structures,7.44,t,13,18,,,T000352;T000419;T001096
059jvqvtbzHNAJ0lwmfuMZ,T000351,STR-CAP-POUR,Pile cap P2,L00,L00-Z10,concrete,structures,62.0,m3,18,25,,,T000350;T000419;T001096
,T000352,GEN-SURVEY-SETOUT,"Survey set-out of the work area · L00 group at 16,3",L00,L00-Z10,qa,mobilise,1.0,ea,1,2,,,
,T000353,GEN-CURING-WATCH,"Concrete curing watch (time driven) · L00 group at 16,3",L00,L00-Z10,concrete,structures,1.0,ea,39,46,,,T000351;T000352;T000365
,T000354,GEN-SCAFFOLD-ERECT,"Erect access scaffold · L00 group at 16,3",L00,L00-Z10,erection,structures,1.0,ea,46,47,,,T000352;T000353;T000365
,T000355,GEN-ANCHOR-SURVEY,"Anchor bolt and grout survey · L00 group at 16,3",L00,L00-Z10,qa,structures,1.0,ea,47,48,,,T000352;T000354;T000365
,T000356,GEN-SCAFFOLD-DISMANTLE,"Dismantle access scaffold · L00 group at 16,3",L00,L00-Z10,erection,structures,1.0,ea,48,49,,,T000354;T000355;T000402
,T000357,GEN-SURVEY-ASBUILT,"As-built survey and record · L00 group at 16,3",L00,L00-Z10,qa,finishing,1.0,ea,99,100,,,T000356;T000360;T000362;T000367;T000371;T000374;T000378;T000381;T000387;T000392;T000395;T000424;T000427;T000433;T000437;T000440;T000444;T000446;T000452;T000456;T000463
06QkPKoTbKlgqRV142Do_5,T000358,STR-ABUT-POUR,Abutment wall A2-2,L00,L00-Z10,concrete,structures,21.6,m3,25,28,,,T000369
06QkPKoTbKlgqRV142Do_5,T000359,CIV-STRUCT-BACKFILL,Abutment wall A2-2,L00,L00-Z10,earthworks,structures,72.0,m3,28,29,,,T000358
0Tc$h6safneMI5QtZeCiaL,T000360,STR-PIER-POUR,Pier column P2-2,L00,L00-Z10,concrete,structures,13.1,m3,25,28,,,T000377;T000400
0Xevjzl$c_eOTL5jqxxfpx,T000361,CIV-KERB-LAY,Bridge kerb inner CH102,L00,L00-Z10,finishing,pavement,6.0,m,95,96,,,T000406;T000416
0_eL6UdXvth5YwAg4G12cm,T000362,CIV-ASPHALT-WEAR,Deck surfacing CH102-3,L00,L00-Z10,paving,pavement,36.0,m2,93,94,,,T000365;T000375
0_eL6UdXvth5YwAg4G12cm,T000363,CIV-MARKING-APPLY,Deck surfacing CH102-3,L00,L00-Z10,finishing,finishing,12.6,m,99,100,,,T000362
0_eL6UdXvth5YwAg4G12cm,T000364,GEN-HANDOVER-DOC,Deck surfacing CH102-3,L00,L00-Z10,qa,handover,1.0,ea,103,104,,,T000363;T000379;T000382;T000388;T000425;T000428;T000438;T000441;T000447;T000457
,T000365,GEN-SURVEY-SETOUT,Survey set-out of the work area · L00 zone 10,L00,L00-Z10,qa,mobilise,1.0,ea,1,2,,,
,T000366,GEN-SURVEY-ASBUILT,As-built survey and record · L00 zone 10,L00,L00-Z10,qa,finishing,1.0,ea,100,101,,,T000360;T000362;T000363;T000367;T000371;T000374;T000378;T000379;T000381;T000382;T000387;T000388;T000392;T000395;T000424;T000425;T000427;T000428;T000433;T000437;T000438;T000440;T000441;T000444;T000446;T000447;T000452;T000456;T000457;T000463
0aZ_uSLaXDTZICQL35O0_3,T000367,STR-PIER-POUR,Pier column P2-3,L00,L00-Z10,concrete,structures,13.1,m3,39,42,,,T000351;T000400;T000419
0d4i3hXR3hts7DnaxsXKmx,T000368,GEN-SETOUT,Bored pile A4-1,L00,L00-Z10,qa,mobilise,1.0,ea,2,3,,,
0d4i3hXR3hts7DnaxsXKmx,T000369,CIV-PILE-DRIVE,Bored pile A4-1,L00,L00-Z10,piling,structures,1.0,ea,12,13,,,T000352;T000365;T000368
0fzbIU$Rr_1dKhdsFGahlG,T000370,STR-DECK-REBAR,Deck slab CH108-2,L00,L00-Z10,concrete,structures,1.8,t,62,63,,,T000398
0fzbIU$Rr_1dKhdsFGahlG,T000371,STR-DECK-POUR,Deck slab CH108-2,L00,L00-Z10,concrete,structures,9.0,m3,72,74,,,T000370
0fzbIU$Rr_1dKhdsFGahlG,T000372,STR-DECK-WATERPROOF,Deck slab CH108-2,L00,L00-Z10,concrete,structures,36.0,m2,89,91,,,T000371
0l8MHcoJEPfbAj$2rLkWOZ,T000373,STR-DECK-REBAR,Deck slab CH102-3,L00,L00-Z10,concrete,structures,1.8,t,72,73,,,T000460
0l8MHcoJEPfbAj$2rLkWOZ,T000374,STR-DECK-POUR,Deck slab CH102-3,L00,L00-Z10,concrete,structures,9.0,m3,85,87,,,T000373
0l8MHcoJEPfbAj$2rLkWOZ,T000375,STR-DECK-WATERPROOF,Deck slab CH102-3,L00,L00-Z10,concrete,structures,36.0,m2,91,93,,,T000374
0ljOht7UTB1Tq51V797GuN,T000376,GEN-SETOUT,Bored pile P3-1,L00,L00-Z10,qa,mobilise,1.0,ea,2,3,,,
0ljOht7UTB1Tq51V797GuN,T000377,CIV-PILE-DRIVE,Bored pile P3-1,L00,L00-Z10,piling,structures,1.0,ea,12,13,,,T000352;T000365;T000376
0wNSe9Q$Q15mQEb0UgMnTl,T000378,CIV-ASPHALT-WEAR,Deck surfacing CH096-2,L00,L00-Z10,paving,pavement,36.0,m2,93,94,,,T000365;T000422;T000453
0wNSe9Q$Q15mQEb0UgMnTl,T000379,CIV-MARKING-APPLY,Deck surfacing CH096-2,L00,L00-Z10,finishing,finishing,12.6,m,99,100,,,T000378
0wNSe9Q$Q15mQEb0UgMnTl,T000380,GEN-HANDOVER-DOC,Deck surfacing CH096-2,L00,L00-Z10,qa,handover,1.0,ea,103,104,,,T000363;T000379;T000382;T000388;T000425;T000428;T000438;T000441;T000447;T000457
10fjzIYe_ePOFb7OaVms1c,T000381,CIV-ASPHALT-WEAR,Deck surfacing CH108-3,L00,L00-Z10,paving,pavement,36.0,m2,93,94,,,T000365;T000464
10fjzIYe_ePOFb7OaVms1c,T000382,CIV-MARKING-APPLY,Deck surfacing CH108-3,L00,L00-Z10,finishing,finishing,12.6,m,99,100,,,T000381
10fjzIYe_ePOFb7OaVms1c,T000383,GEN-HANDOVER-DOC,Deck surfacing CH108-3,L00,L00-Z10,qa,handover,1.0,ea,103,104,,,T000363;T000379;T000382;T000388;T000425;T000428;T000438;T000441;T000447;T000457
1G1ZZAVbho4ZkYW1FdfXMu,T000384,GEN-SETOUT,Bored pile A4-2,L00,L00-Z10,qa,mobilise,1.0,ea,2,3,,,
1G1ZZAVbho4ZkYW1FdfXMu,T000385,CIV-PILE-DRIVE,Bored pile A4-2,L00,L00-Z10,piling,structures,1.0,ea,14,15,,,T000352;T000365;T000384
1GArF7u7eCZO2geLk1pr78,T000386,STR-BEARING-SET,Elastomeric bearing S3-3,L00,L00-Z10,erection,structures,1.0,ea,42,43,,,T000367;T000400
1I1bV2zurOqNpnXkXtlkUe,T000387,CIV-ASPHALT-WEAR,Deck surfacing CH090-3,L00,L00-Z10,paving,pavement,36.0,m2,93,94,,,T000365;T000434
1I1bV2zurOqNpnXkXtlkUe,T000388,CIV-MARKING-APPLY,Deck surfacing CH090-3,L00,L00-Z10,finishing,finishing,12.6,m,99,100,,,T000387
1I1bV2zurOqNpnXkXtlkUe,T000389,GEN-HANDOVER-DOC,Deck surfacing CH090-3,L00,L00-Z10,qa,handover,1.0,ea,103,104,,,T000363;T000379;T000382;T000388;T000425;T000428;T000438;T000441;T000447;T000457
1J0aYlnKPWgPfXoFav3vpQ,T000390,CIV-KERB-LAY,Bridge kerb inner CH108,L00,L00-Z10,finishing,pavement,6.0,m,95,96,,,T000406;T000416
1JRd8kevyhMbcCKJKrFqKy,T000391,STR-DECK-REBAR,Deck slab CH102-2,L00,L00-Z10,concrete,structures,1.8,t,63,64,,,T000398
1JRd8kevyhMbcCKJKrFqKy,T000392,STR-DECK-POUR,Deck slab CH102-2,L00,L00-Z10,concrete,structures,9.0,m3,72,74,,,T000391
1JRd8kevyhMbcCKJKrFqKy,T000393,STR-DECK-WATERPROOF,Deck slab CH102-2,L00,L00-Z10,concrete,structures,36.0,m2,89,91,,,T000392
1QfpiM$BgjTedCBpe$NmPX,T000394,STR-DECK-REBAR,Deck slab CH090-2,L00,L00-Z10,concrete,structures,1.8,t,64,65,,,T001752
1QfpiM$BgjTedCBpe$NmPX,T000395,STR-DECK-POUR,Deck slab CH090-2,L00,L00-Z10,concrete,structures,9.0,m3,72,74,,,T000394
1QfpiM$BgjTedCBpe$NmPX,T000396,STR-DECK-WATERPROOF,Deck slab CH090-2,L00,L00-Z10,concrete,structures,36.0,m2,89,91,,,T000395
1RiCJlMuMJu34FdbDiNLC$,T000397,CIV-KERB-LAY,Bridge kerb inner CH090,L00,L00-Z10,finishing,pavement,6.0,m,95,96,,,T000406;T000416
1Z5pNaY0qQ2rGZYxeCSS2f,T000398,STR-BEAM-LIFT,Precast girder G3-2,L00,L00-Z10,erection,structures,1.0,ea,29,30,,,T000358;T000360;T000400;T000401;T000409;T000417
,T000399,GEN-PERMIT-WORK,"Permit to work · L00 group at 16,2",L00,L00-Z10,erection,mobilise,1.0,ea,0,1,,,
,T000400,GEN-LIFT-PLAN,"Prepare and approve lift plan · L00 group at 16,2",L00,L00-Z10,erection,mobilise,1.0,ea,1,2,,,T000399
,T000401,GEN-CRANE-MOBILISE,"Mobilise, assemble and load-test crane · L00 group at 16,2",L00,L00-Z10,erection,mobilise,1.0,ea,3,4,,,T000400
,T000402,GEN-SCAFFOLD-ERECT,"Erect access scaffold · L00 group at 16,2",L00,L00-Z10,erection,structures,1.0,ea,47,48,,,T000352;T000365;T000398;T000460
,T000403,GEN-SCAFFOLD-DISMANTLE,"Dismantle access scaffold · L00 group at 16,2",L00,L00-Z10,erection,structures,1.0,ea,48,49,,,T000354;T000402
,T000404,GEN-SURVEY-ASBUILT,"As-built survey and record · L00 group at 16,2",L00,L00-Z10,qa,finishing,1.0,ea,99,100,,,T000360;T000362;T000367;T000371;T000374;T000378;T000381;T000387;T000392;T000395;T000403;T000424;T000427;T000433;T000437;T000440;T000444;T000446;T000452;T000456;T000463
1ZZW1EMJvlMXU_N4hAIJ$q,T000405,CIV-SUBGRADE-PREP,Sub-base CH114-2,L00,L00-Z10,earthworks,pavement,36.0,m2,93,94,,,T000338;T000359;T000408;T000420;T000454;T001368;T001380;T001387;T001393;T001413;T001425;T001431
1ZZW1EMJvlMXU_N4hAIJ$q,T000406,CIV-SUBBASE-LAY,Sub-base CH114-2,L00,L00-Z10,earthworks,pavement,36.0,m2,94,95,,,T000405
1ac3TV4YFmpGYA99r21JCo,T000407,STR-ABUT-POUR,Abutment wall A2-3,L00,L00-Z10,concrete,structures,21.6,m3,42,45,,,T000385
1ac3TV4YFmpGYA99r21JCo,T000408,CIV-STRUCT-BACKFILL,Abutment wall A2-3,L00,L00-Z10,earthworks,structures,72.0,m3,45,46,,,T000407
1eqSOYPMbXuXB_jkivL4nJ,T000409,STR-BEARING-SET,Elastomeric bearing S4-2,L00,L00-Z10,erection,structures,1.0,ea,28,29,,,T000358;T000400
1mNENWbx9wZsfWK9Z7mng7,T000410,CIV-BASE-LAY,Base course CH114-3,L00,L00-Z10,earthworks,pavement,36.0,m2,95,96,,,T000416
1mNENWbx9wZsfWK9Z7mng7,T000411,CIV-ASPHALT-BASE,Base course CH114-3,L00,L00-Z10,paving,pavement,36.0,m2,96,97,,,T000410
1sWiU0WaK878$i7tAv1Bek,T000412,STR-PARAPET-INSTALL,Bridge parapet inner CH102,L00,L00-Z10,erection,structures,6.0,m,91,92,,,T000392;T000393;T000400
1sWiU0WaK878$i7tAv1Bek,T000413,GEN-HANDOVER-DOC,Bridge parapet inner CH102,L00,L00-Z10,qa,handover,1.0,ea,103,104,,,T000363;T000379;T000382;T000388;T000412;T000425;T000428;T000438;T000441;T000447;T000457
1tiaQhYBQXRxX4ENyHxflm,T000414,STR-BEARING-SET,Elastomeric bearing S4-3,L00,L00-Z10,erection,structures,1.0,ea,45,46,,,T000400;T000407
21181qCDviSaWO43B7RFFB,T000415,CIV-SUBGRADE-PREP,Sub-base CH114-3,L00,L00-Z10,earthworks,pavement,36.0,m2,93,94,,,T000338;T000359;T000408;T000420;T000454;T001368;T001380;T001387;T001393;T001413;T001425;T001431
21181qCDviSaWO43B7RFFB,T000416,CIV-SUBBASE-LAY,Sub-base CH114-3,L00,L00-Z10,earthworks,pavement,36.0,m2,94,95,,,T000415
21Y4Zzo5WZ73yw_MyD4l3J,T000417,STR-BEARING-SET,Elastomeric bearing S3-2,L00,L00-Z10,erection,structures,1.0,ea,28,29,,,T000360;T000400
25eiVbGozF99WQ$jSuckbV,T000418,GEN-SETOUT,Bored pile P3-2,L00,L00-Z10,qa,mobilise,1.0,ea,2,3,,,
25eiVbGozF99WQ$jSuckbV,T000419,CIV-PILE-DRIVE,Bored pile P3-2,L00,L00-Z10,piling,structures,1.0,ea,12,13,,,T000352;T000365;T000418
2EZSs3Y3NYdhi0NIp8I3BR,T000420,CIV-EARTH-FILL,Fill CH114-2,L00,L00-Z10,earthworks,earthworks,53.3,m3,10,11,,,T000492;T000511;T000513;T000523;T000527;T000531;T000533;T000537;T000591;T000598;T000614;T000647;T000652;T000658;T000669;T000673;T000680;T000686;T000691;T000709;T000717;T000728;T000740;T000743;T000757;T000767;T000770;T000794;T000821;T000835;T000845;T000850;T000856;T000886;T000889;T000894;T000900;T000902;T001148;T001154;T001178;T001200;T001241;T001250;T001256;T001263;T001294;T001299;T001305;T001307;T001319;T001330;T001335;T001341;T001351;T001366;T001444;T001447;T001463;T001467;T001473;T001482;T001491;T001502;T001517;T001528;T001541;T001553;T001580;T001584;T001589;T001592;T001596;T001609;T001619;T001626
2EZSs3Y3NYdhi0NIp8I3BR,T000421,CIV-COMPACT-TEST,Fill CH114-2,L00,L00-Z10,qa,earthworks,100.0,m2,11,12,,,T000420
2SIaMnWKl2tcI5wqTpGjQp,T000422,STR-PARAPET-INSTALL,Bridge parapet inner CH096,L00,L00-Z10,erection,structures,6.0,m,91,92,,,T000400;T000452;T000453
2SIaMnWKl2tcI5wqTpGjQp,T000423,GEN-HANDOVER-DOC,Bridge parapet inner CH096,L00,L00-Z10,qa,handover,1.0,ea,103,104,,,T000363;T000379;T000382;T000388;T000422;T000425;T000428;T000438;T000441;T000447;T000457
2VEIuC5HmymzL2kuNv2_ih,T000424,CIV-ASPHALT-WEAR,Deck surfacing CH102-2,L00,L00-Z10,paving,pavement,36.0,m2,93,94,,,T000365;T000393;T000412
2VEIuC5HmymzL2kuNv2_ih,T000425,CIV-MARKING-APPLY,Deck surfacing CH102-2,L00,L00-Z10,finishing,finishing,12.6,m,99,100,,,T000424
2VEIuC5HmymzL2kuNv2_ih,T000426,GEN-HANDOVER-DOC,Deck surfacing CH102-2,L00,L00-Z10,qa,handover,1.0,ea,103,104,,,T000363;T000379;T000382;T000388;T000425;T000428;T000438;T000441;T000447;T000457
2XMu8_PoM_DItRDuXD499W,T000427,CIV-ASPHALT-WEAR,Wearing course CH114-3,L00,L00-Z10,paving,pavement,36.0,m2,97,98,,,T000365;T000411
2XMu8_PoM_DItRDuXD499W,T000428,CIV-MARKING-APPLY,Wearing course CH114-3,L00,L00-Z10,finishing,finishing,12.6,m,99,100,,,T000427
2XMu8_PoM_DItRDuXD499W,T000429,GEN-HANDOVER-DOC,Wearing course CH114-3,L00,L00-Z10,qa,handover,1.0,ea,103,104,,,T000363;T000379;T000382;T000388;T000425;T000428;T000438;T000441;T000447;T000457
2fno2b$3r85P4QT_0iAlLo,T000430,STR-PARAPET-INSTALL,Bridge parapet inner CH108,L00,L00-Z10,erection,structures,6.0,m,91,92,,,T000371;T000372;T000400
2fno2b$3r85P4QT_0iAlLo,T000431,GEN-HANDOVER-DOC,Bridge parapet inner CH108,L00,L00-Z10,qa,handover,1.0,ea,103,104,,,T000363;T000379;T000382;T000388;T000425;T000428;T000430;T000438;T000441;T000447;T000457
2joHnDbAfSu5VJZ3$SSVSu,T000432,STR-DECK-REBAR,Deck slab CH090-3,L00,L00-Z10,concrete,structures,1.8,t,73,74,,,T001753
2joHnDbAfSu5VJZ3$SSVSu,T000433,STR-DECK-POUR,Deck slab CH090-3,L00,L00-Z10,concrete,structures,9.0,m3,85,87,,,T000432
2joHnDbAfSu5VJZ3$SSVSu,T000434,STR-DECK-WATERPROOF,Deck slab CH090-3,L00,L00-Z10,concrete,structures,36.0,m2,91,93,,,T000433
2vCW277lCL010fnd3l8MO$,T000435,STR-PARAPET-INSTALL,Bridge parapet inner CH090,L00,L00-Z10,erection,structures,6.0,m,91,92,,,T000395;T000396;T000400
2vCW277lCL010fnd3l8MO$,T000436,GEN-HANDOVER-DOC,Bridge parapet inner CH090,L00,L00-Z10,qa,handover,1.0,ea,103,104,,,T000363;T000379;T000382;T000388;T000425;T000428;T000435;T000438;T000441;T000447;T000457
2y82vlrVQfTeyZhgOGfTUV,T000437,CIV-ASPHALT-WEAR,Deck surfacing CH108-2,L00,L00-Z10,paving,pavement,36.0,m2,93,94,,,T000365;T000372;T000430
2y82vlrVQfTeyZhgOGfTUV,T000438,CIV-MARKING-APPLY,Deck surfacing CH108-2,L00,L00-Z10,finishing,finishing,12.6,m,99,100,,,T000437
2y82vlrVQfTeyZhgOGfTUV,T000439,GEN-HANDOVER-DOC,Deck surfacing CH108-2,L00,L00-Z10,qa,handover,1.0,ea,104,105,,,T000363;T000379;T000382;T000388;T000425;T000428;T000438;T000441;T000447;T000457
31avme5CjtYgYYCWoxUOhN,T000440,CIV-ASPHALT-WEAR,Wearing course CH114-2,L00,L00-Z10,paving,pavement,36.0,m2,98,99,,,T000365;T000450
31avme5CjtYgYYCWoxUOhN,T000441,CIV-MARKING-APPLY,Wearing course CH114-2,L00,L00-Z10,finishing,finishing,12.6,m,99,100,,,T000440
31avme5CjtYgYYCWoxUOhN,T000442,GEN-HANDOVER-DOC,Wearing course CH114-2,L00,L00-Z10,qa,handover,1.0,ea,104,105,,,T000363;T000379;T000382;T000388;T000425;T000428;T000438;T000441;T000447;T000457
35JIVXsdQYq1rqmZO_W1o5,T000443,STR-DECK-REBAR,Deck slab CH096-3,L00,L00-Z10,concrete,structures,1.8,t,74,75,,,T000460;T001753
35JIVXsdQYq1rqmZO_W1o5,T000444,STR-DECK-POUR,Deck slab CH096-3,L00,L00-Z10,concrete,structures,9.0,m3,85,87,,,T000443
35JIVXsdQYq1rqmZO_W1o5,T000445,STR-DECK-WATERPROOF,Deck slab CH096-3,L00,L00-Z10,concrete,structures,36.0,m2,91,93,,,T000444
3GS9EEK_8NfLWoaaaXDFoP,T000446,CIV-ASPHALT-WEAR,Deck surfacing CH096-3,L00,L00-Z10,paving,pavement,36.0,m2,93,94,,,T000365;T000445
3GS9EEK_8NfLWoaaaXDFoP,T000447,CIV-MARKING-APPLY,Deck surfacing CH096-3,L00,L00-Z10,finishing,finishing,12.6,m,99,100,,,T000446
3GS9EEK_8NfLWoaaaXDFoP,T000448,GEN-HANDOVER-DOC,Deck surfacing CH096-3,L00,L00-Z10,qa,handover,1.0,ea,104,105,,,T000363;T000379;T000382;T000388;T000425;T000428;T000438;T000441;T000447;T000457
3UuLQi6XE6LxpycyTmnyXI,T000449,CIV-BASE-LAY,Base course CH114-2,L00,L00-Z10,earthworks,pavement,36.0,m2,95,96,,,T000406
3UuLQi6XE6LxpycyTmnyXI,T000450,CIV-ASPHALT-BASE,Base course CH114-2,L00,L00-Z10,paving,pavement,36.0,m2,97,98,,,T000449;T000459
3a75OBdMe636cnOj6tMl5R,T000451,STR-DECK-REBAR,Deck slab CH096-2,L00,L00-Z10,concrete,structures,1.8,t,65,66,,,T000398;T001752
3a75OBdMe636cnOj6tMl5R,T000452,STR-DECK-POUR,Deck slab CH096-2,L00,L00-Z10,concrete,structures,9.0,m3,74,76,,,T000451
3a75OBdMe636cnOj6tMl5R,T000453,STR-DECK-WATERPROOF,Deck slab CH096-2,L00,L00-Z10,concrete,structures,36.0,m2,89,91,,,T000452
3hKldfA6JK6AYus_urYREi,T000454,CIV-EARTH-FILL,Fill CH114-3,L00,L00-Z10,earthworks,earthworks,39.6,m3,10,11,,,T000492;T000511;T000513;T000523;T000527;T000531;T000533;T000537;T000591;T000598;T000614;T000647;T000652;T000658;T000669;T000673;T000680;T000686;T000691;T000709;T000717;T000728;T000740;T000743;T000757;T000767;T000770;T000794;T000821;T000835;T000845;T000850;T000856;T000886;T000889;T000894;T000900;T000902;T001148;T001154;T001178;T001200;T001241;T001250;T001256;T001263;T001294;T001299;T001305;T001307;T001319;T001330;T001335;T001341;T001351;T001366;T001444;T001447;T001463;T001467;T001473;T001482;T001491;T001502;T001517;T001528;T001541;T001553;T001580;T001584;T001589;T001592;T001596;T001609;T001619;T001626
3hKldfA6JK6AYus_urYREi,T000455,CIV-COMPACT-TEST,Fill CH114-3,L00,L00-Z10,qa,earthworks,100.0,m2,11,12,,,T000454
3ihukKLf2EOdbMo9PBBpXI,T000456,CIV-ASPHALT-WEAR,Deck surfacing CH090-2,L00,L00-Z10,paving,pavement,36.0,m2,93,94,,,T000365;T000396;T000435
3ihukKLf2EOdbMo9PBBpXI,T000457,CIV-MARKING-APPLY,Deck surfacing CH090-2,L00,L00-Z10,finishing,finishing,12.6,m,99,100,,,T000456
3ihukKLf2EOdbMo9PBBpXI,T000458,GEN-HANDOVER-DOC,Deck surfacing CH090-2,L00,L00-Z10,qa,handover,1.0,ea,104,105,,,T000363;T000379;T000382;T000388;T000425;T000428;T000438;T000441;T000447;T000457
3pCH1Cmn2E15GVAYI11DhA,T000459,CIV-KERB-LAY,Kerb inner CH114,L00,L00-Z10,finishing,pavement,6.0,m,96,97,,,T000405;T000406;T000416;T000449
3rgny1hheiuJx$QLnWp4A_,T000460,STR-BEAM-LIFT,Precast girder G3-3,L00,L00-Z10,erection,structures,1.0,ea,46,47,,,T000367;T000386;T000400;T000401;T000407;T000414
3rwvunxkhfpHQVROOkxqld,T000461,CIV-KERB-LAY,Bridge kerb inner CH096,L00,L00-Z10,finishing,pavement,6.0,m,95,96,,,T000406;T000416
3y2eCnIfA_xY8vnOZIk7yV,T000462,STR-DECK-REBAR,Deck slab CH108-3,L00,L00-Z10,concrete,structures,1.8,t,75,76,,,T000460
3y2eCnIfA_xY8vnOZIk7yV,T000463,STR-DECK-POUR,Deck slab CH108-3,L00,L00-Z10,concrete,structures,9.0,m3,85,87,,,T000462
3y2eCnIfA_xY8vnOZIk7yV,T000464,STR-DECK-WATERPROOF,Deck slab CH108-3,L00,L00-Z10,concrete,structures,36.0,m2,91,93,,,T000463
00oE1Lzwp_ckocBGH1OE2O,T000465,CIV-BASE-LAY,Base course CH144-3,L00,L00-Z11,earthworks,pavement,36.0,m2,95,96,,,T000468
00oE1Lzwp_ckocBGH1OE2O,T000466,CIV-ASPHALT-BASE,Base course CH144-3,L00,L00-Z11,paving,pavement,36.0,m2,96,97,,,T000465
0ExMNo5ArcewvXhNRNAXDt,T000467,CIV-SUBGRADE-PREP,Sub-base CH144-3,L00,L00-Z11,earthworks,pavement,36.0,m2,93,94,,,T000338;T000479;T000489;T000496;T000511;T000546;T000565;T001368;T001380;T001387;T001393;T001413;T001425;T001431
0ExMNo5ArcewvXhNRNAXDt,T000468,CIV-SUBBASE-LAY,Sub-base CH144-3,L00,L00-Z11,earthworks,pavement,36.0,m2,94,95,,,T000467
0MK1oswXdTsKYBmGRp7SoN,T000469,CIV-KERB-LAY,Kerb inner CH138,L00,L00-Z11,finishing,pavement,6.0,m,96,97,,,T000468;T000477;T000488;T000516;T000517;T000535;T000539;T000541;T000567;T000569;T000574;T000580
0QzIUtOBcxIys2ELJu_y2v,T000470,CIV-ASPHALT-WEAR,Wearing course CH144-3,L00,L00-Z11,paving,pavement,36.0,m2,97,98,,,T000466;T000473
0QzIUtOBcxIys2ELJu_y2v,T000471,CIV-MARKING-APPLY,Wearing course CH144-3,L00,L00-Z11,finishing,finishing,12.6,m,99,100,,,T000470
0QzIUtOBcxIys2ELJu_y2v,T000472,GEN-HANDOVER-DOC,Wearing course CH144-3,L00,L00-Z11,qa,handover,1.0,ea,104,105,,,T000471;T000482;T000485;T000508;T000520;T000543;T000555;T000560;T000571;T000585
,T000473,GEN-SURVEY-SETOUT,Survey set-out of the work area · L00 zone 11,L00,L00-Z11,qa,mobilise,1.0,ea,0,1,,,
,T000474,GEN-SURVEY-ASBUILT,As-built survey and record · L00 zone 11,L00,L00-Z11,qa,finishing,1.0,ea,100,101,,,T000470;T000471;T000481;T000482;T000484;T000485;T000507;T000508;T000519;T000520;T000542;T000543;T000554;T000555;T000559;T000560;T000570;T000571;T000584;T000585
0R1dOP4UYA5z56eBd1jaoO,T000475,CIV-KERB-LAY,Kerb inner CH144,L00,L00-Z11,finishing,pavement,6.0,m,96,97,,,T000468;T000488;T000517;T000534;T000535;T000539;T000541;T000567;T000569;T000574;T000580;T000581
0TsnIjaSnE_LESDaj9gFkA,T000476,CIV-KERB-LAY,Kerb inner CH120,L00,L00-Z11,finishing,pavement,6.0,m,96,97,,,T000468;T000488;T000505;T000517;T000535;T000539;T000541;T000567;T000569;T000573;T000574;T000580
0UWndkFUun1oWcBUcQKueq,T000477,CIV-BASE-LAY,Base course CH138-2,L00,L00-Z11,earthworks,pavement,36.0,m2,95,96,,,T000517
0UWndkFUun1oWcBUcQKueq,T000478,CIV-ASPHALT-BASE,Base course CH138-2,L00,L00-Z11,paving,pavement,36.0,m2,97,98,,,T000469;T000477
0VtpAodhSgL9EOiiIUDIWP,T000479,CIV-EARTH-FILL,Fill CH120-2,L00,L00-Z11,earthworks,earthworks,41.4,m3,10,11,,,T000492;T000511;T000513;T000523;T000527;T000531;T000533;T000537;T000591;T000598;T000614;T000647;T000652;T000658;T000669;T000673;T000680;T000686;T000691;T000709;T000717;T000728;T000740;T000743;T000757;T000767;T000770;T000794;T000821;T000835;T000845;T000850;T000856;T000886;T000889;T000894;T000900;T000902;T001148;T001154;T001178;T001200;T001241;T001250;T001256;T001263;T001294;T001299;T001305;T001307;T001319;T001330;T001335;T001341;T001351;T001366;T001444;T001447;T001463;T001467;T001473;T001482;T001491;T001502;T001517;T001528;T001541;T001553;T001580;T001584;T001589;T001592;T001596;T001609;T001619;T001626
0VtpAodhSgL9EOiiIUDIWP,T000480,CIV-COMPACT-TEST,Fill CH120-2,L00,L00-Z11,qa,earthworks,100.0,m2,11,12,,,T000479
0ZA_yqgsCKX8jrfw36NuH0,T000481,CIV-ASPHALT-WEAR,Wearing course CH138-2,L00,L00-Z11,paving,pavement,36.0,m2,98,99,,,T000473;T000478
0ZA_yqgsCKX8jrfw36NuH0,T000482,CIV-MARKING-APPLY,Wearing course CH138-2,L00,L00-Z11,finishing,finishing,12.6,m,99,100,,,T000481
0ZA_yqgsCKX8jrfw36NuH0,T000483,GEN-HANDOVER-DOC,Wearing course CH138-2,L00,L00-Z11,qa,handover,1.0,ea,104,105,,,T000471;T000482;T000485;T000508;T000520;T000543;T000555;T000560;T000571;T000585
0oO_e7koIslnl1aiidvBRu,T000484,CIV-ASPHALT-WEAR,Wearing course CH126-2,L00,L00-Z11,paving,pavement,36.0,m2,98,99,,,T000473;T000529
0oO_e7koIslnl1aiidvBRu,T000485,CIV-MARKING-APPLY,Wearing course CH126-2,L00,L00-Z11,finishing,finishing,12.6,m,99,100,,,T000484
0oO_e7koIslnl1aiidvBRu,T000486,GEN-HANDOVER-DOC,Wearing course CH126-2,L00,L00-Z11,qa,handover,1.0,ea,104,105,,,T000471;T000482;T000485;T000508;T000520;T000543;T000555;T000560;T000571;T000585
0tIRwMnlHwOjYPgG47ZHEx,T000487,CIV-SUBGRADE-PREP,Sub-base CH120-3,L00,L00-Z11,earthworks,pavement,36.0,m2,93,94,,,T000338;T000479;T000489;T000496;T000546;T000565;T001368;T001380;T001387;T001393;T001413;T001425;T001431
0tIRwMnlHwOjYPgG47ZHEx,T000488,CIV-SUBBASE-LAY,Sub-base CH120-3,L00,L00-Z11,earthworks,pavement,36.0,m2,94,95,,,T000487
19M$xvfeJu8yucZ7j9dxv4,T000489,CIV-EARTH-FILL,Fill CH120-3,L00,L00-Z11,earthworks,earthworks,33.8,m3,10,11,,,T000492;T000511;T000513;T000523;T000527;T000531;T000533;T000537;T000591;T000598;T000614;T000647;T000652;T000658;T000669;T000673;T000680;T000686;T000691;T000709;T000717;T000728;T000740;T000743;T000757;T000767;T000770;T000794;T000821;T000835;T000845;T000850;T000856;T000886;T000889;T000894;T000900;T000902;T001148;T001154;T001178;T001200;T001241;T001250;T001256;T001263;T001294;T001299;T001305;T001307;T001319;T001330;T001335;T001341;T001351;T001366;T001444;T001447;T001463;T001467;T001473;T001482;T001491;T001502;T001517;T001528;T001541;T001553;T001580;T001584;T001589;T001592;T001596;T001609;T001619;T001626
19M$xvfeJu8yucZ7j9dxv4,T000490,CIV-COMPACT-TEST,Fill CH120-3,L00,L00-Z11,qa,earthworks,100.0,m2,11,12,,,T000489
1Ak82ny5nlW2j8iUDgH5jh,T000491,GEN-SITE-CLEAR,Cut CH132-3,L00,L00-Z11,earthworks,mobilise,100.0,m2,0,1,,,
1Ak82ny5nlW2j8iUDgH5jh,T000492,CIV-EARTH-CUT,Cut CH132-3,L00,L00-Z11,earthworks,earthworks,67.3,m3,5,6,,,T000473;T000491;T000497;T000498;T000501;T000510;T000512;T000522;T000526;T000530;T000532;T000536;T000547;T000548
1C6lROsl9Zr2c4FcIXwQF3,T000493,GEN-SETOUT,Culvert segment C1,L00,L00-Z11,qa,mobilise,1.0,ea,0,1,,,
1C6lROsl9Zr2c4FcIXwQF3,T000494,CIV-TRENCH-DIG,Culvert segment C1,L00,L00-Z11,earthworks,drainage,6.0,m,12,13,,,T000473;T000479;T000489;T000492;T000492;T000493;T000497;T000498;T000500;T000501;T000511;T000511;T000513;T000513;T000523;T000523;T000527;T000527;T000531;T000531;T000533;T000533;T000537;T000537;T000547;T000548;T000550;T000591;T000598;T000614;T000647;T000652;T000658;T000669;T000673;T000680;T000686;T000691;T000709;T000717;T000728;T000740;T000743;T000757;T000767;T000770;T000794;T000821;T000835;T000845;T000850;T000856;T000886;T000889;T000894;T000900;T000902;T001148;T001154;T001178;T001200;T001241;T001250;T001256;T001263;T001294;T001299;T001305;T001307;T001319;T001330;T001335;T001341;T001351;T001366;T001444;T001447;T001463;T001467;T001473;T001482;T001491;T001502;T001517;T001528;T001541;T001553;T001580;T001584;T001589;T001592;T001596;T001609;T001619;T001626
1C6lROsl9Zr2c4FcIXwQF3,T000495,CIV-CULVERT-SET,Culvert segment C1,L00,L00-Z11,erection,structures,6.0,m,13,14,,,T000494;T000499;T000563
1C6lROsl9Zr2c4FcIXwQF3,T000496,CIV-STRUCT-BACKFILL,Culvert segment C1,L00,L00-Z11,earthworks,structures,150.0,m3,14,15,,,T000495;T000564
,T000497,GEN-SURVEY-SETOUT,"Survey set-out of the work area · L00 group at 24,2",L00,L00-Z11,qa,mobilise,1.0,ea,0,1,,,
,T000498,GEN-UTIL-LOCATE,"Locate and mark buried utilities · L00 group at 24,2",L00,L00-Z11,utilities,mobilise,1.0,ea,1,2,,,T000497
,T000499,GEN-LIFT-PLAN,"Prepare and approve lift plan · L00 group at 24,2",L00,L00-Z11,erection,mobilise,1.0,ea,2,3,,,T000498
,T000500,GEN-SHORING-INSTALL,"Install trench or pit shoring · L00 group at 24,2",L00,L00-Z11,utilities,utilities,1.0,ea,3,4,,,T000473;T000497;T000498;T000499;T000547;T000548;T000549
,T000501,GEN-DEWATER-INSTALL,"Install wellpoints or sump pumps · L00 group at 24,2",L00,L00-Z11,utilities,earthworks,1.0,ea,4,5,,,T000473;T000497;T000500;T000547
,T000502,GEN-DEWATER-RUN,"Run dewatering (time driven) · L00 group at 24,2",L00,L00-Z11,utilities,drainage,1.0,ea,14,20,,,T000494;T000501;T000563
,T000503,GEN-SHORING-REMOVE,"Remove trench or pit shoring · L00 group at 24,2",L00,L00-Z11,utilities,structures,1.0,ea,20,21,,,T000496;T000500;T000550;T000565
,T000504,GEN-SURVEY-ASBUILT,"As-built survey and record · L00 group at 24,2",L00,L00-Z11,qa,finishing,1.0,ea,99,100,,,T000470;T000481;T000484;T000503;T000507;T000519;T000542;T000554;T000559;T000570;T000584
1EJy$MK56kaQtWgw5D6MK3,T000505,CIV-BASE-LAY,Base course CH120-2,L00,L00-Z11,earthworks,pavement,36.0,m2,95,96,,,T000574
1EJy$MK56kaQtWgw5D6MK3,T000506,CIV-ASPHALT-BASE,Base course CH120-2,L00,L00-Z11,paving,pavement,36.0,m2,97,98,,,T000476;T000505
1J0r55y4sozCv$UA1qRGjb,T000507,CIV-ASPHALT-WEAR,Wearing course CH120-3,L00,L00-Z11,paving,pavement,36.0,m2,97,98,,,T000473;T000576
1J0r55y4sozCv$UA1qRGjb,T000508,CIV-MARKING-APPLY,Wearing course CH120-3,L00,L00-Z11,finishing,finishing,12.6,m,99,100,,,T000507
1J0r55y4sozCv$UA1qRGjb,T000509,GEN-HANDOVER-DOC,Wearing course CH120-3,L00,L00-Z11,qa,handover,1.0,ea,104,105,,,T000471;T000482;T000485;T000508;T000520;T000543;T000555;T000560;T000571;T000585
1JLh53A5XQr3$bczVpcw97,T000510,GEN-SITE-CLEAR,Cut CH144-3,L00,L00-Z11,earthworks,mobilise,100.0,m2,0,1,,,
1JLh53A5XQr3$bczVpcw97,T000511,CIV-EARTH-CUT,Cut CH144-3,L00,L00-Z11,earthworks,earthworks,63.0,m3,5,6,,,T000473;T000491;T000497;T000498;T000501;T000510;T000512;T000522;T000526;T000530;T000532;T000536;T000547;T000548
1KNLu5qkUuavTUdyOluxam,T000512,GEN-SITE-CLEAR,Cut CH126-3,L00,L00-Z11,earthworks,mobilise,100.0,m2,0,1,,,
1KNLu5qkUuavTUdyOluxam,T000513,CIV-EARTH-CUT,Cut CH126-3,L00,L00-Z11,earthworks,earthworks,69.1,m3,5,6,,,T000473;T000491;T000497;T000498;T000501;T000510;T000512;T000522;T000526;T000530;T000532;T000536;T000547;T000548
1PNmb_5cc$xS30JXcyFarM,T000514,CIV-BASE-LAY,Base course CH126-3,L00,L00-Z11,earthworks,pavement,36.0,m2,95,96,,,T000580
1PNmb_5cc$xS30JXcyFarM,T000515,CIV-ASPHALT-BASE,Base course CH126-3,L00,L00-Z11,paving,pavement,36.0,m2,96,97,,,T000514
1RZuqW7_lEesyVZIkyld24,T000516,CIV-SUBGRADE-PREP,Sub-base CH138-2,L00,L00-Z11,earthworks,pavement,36.0,m2,93,94,,,T000338;T000479;T000489;T000496;T000537;T000546;T000565;T001368;T001380;T001387;T001393;T001413;T001425;T001431
1RZuqW7_lEesyVZIkyld24,T000517,CIV-SUBBASE-LAY,Sub-base CH138-2,L00,L00-Z11,earthworks,pavement,36.0,m2,94,95,,,T000516
1bwIrVQS7HFIm3sl6D9zK3,T000518,CIV-KERB-LAY,Kerb inner CH132,L00,L00-Z11,finishing,pavement,6.0,m,96,97,,,T000468;T000488;T000517;T000535;T000539;T000540;T000541;T000557;T000567;T000569;T000574;T000580
1ki3hmCsijqi7VVUdA8dEh,T000519,CIV-ASPHALT-WEAR,Wearing course CH132-3,L00,L00-Z11,paving,pavement,36.0,m2,97,98,,,T000473;T000578
1ki3hmCsijqi7VVUdA8dEh,T000520,CIV-MARKING-APPLY,Wearing course CH132-3,L00,L00-Z11,finishing,finishing,12.6,m,99,100,,,T000519
1ki3hmCsijqi7VVUdA8dEh,T000521,GEN-HANDOVER-DOC,Wearing course CH132-3,L00,L00-Z11,qa,handover,1.0,ea,104,105,,,T000471;T000482;T000485;T000508;T000520;T000543;T000555;T000560;T000571;T000585
1kkn4Jvllu9HkoeZVE3N$n,T000522,GEN-SITE-CLEAR,Cut CH138-3,L00,L00-Z11,earthworks,mobilise,100.0,m2,0,1,,,
1kkn4Jvllu9HkoeZVE3N$n,T000523,CIV-EARTH-CUT,Cut CH138-3,L00,L00-Z11,earthworks,earthworks,40.0,m3,5,6,,,T000473;T000491;T000497;T000498;T000501;T000510;T000512;T000522;T000526;T000530;T000532;T000536;T000547;T000548
1omS22TBxPXL6psXJBlLF1,T000524,CIV-BASE-LAY,Base course CH138-3,L00,L00-Z11,earthworks,pavement,36.0,m2,95,96,,,T000569
1omS22TBxPXL6psXJBlLF1,T000525,CIV-ASPHALT-BASE,Base course CH138-3,L00,L00-Z11,paving,pavement,36.0,m2,96,97,,,T000524
1sEaUcF6Urw8E$2UIbs0jU,T000526,GEN-SITE-CLEAR,Cut CH132-2,L00,L00-Z11,earthworks,mobilise,100.0,m2,0,1,,,
1sEaUcF6Urw8E$2UIbs0jU,T000527,CIV-EARTH-CUT,Cut CH132-2,L00,L00-Z11,earthworks,earthworks,48.2,m3,5,6,,,T000473;T000491;T000497;T000498;T000501;T000510;T000512;T000522;T000526;T000530;T000532;T000536;T000547;T000548
2Ez5HEd3pSvjBf7OSZP2Av,T000528,CIV-BASE-LAY,Base course CH126-2,L00,L00-Z11,earthworks,pavement,36.0,m2,95,96,,,T000539
2Ez5HEd3pSvjBf7OSZP2Av,T000529,CIV-ASPHALT-BASE,Base course CH126-2,L00,L00-Z11,paving,pavement,36.0,m2,97,98,,,T000528;T000583
2GBsk2kdNRh_OSHJ9bC4hG,T000530,GEN-SITE-CLEAR,Cut CH126-2,L00,L00-Z11,earthworks,mobilise,100.0,m2,0,1,,,
2GBsk2kdNRh_OSHJ9bC4hG,T000531,CIV-EARTH-CUT,Cut CH126-2,L00,L00-Z11,earthworks,earthworks,66.6,m3,5,6,,,T000473;T000491;T000497;T000498;T000501;T000510;T000512;T000522;T000526;T000530;T000532;T000536;T000547;T000548
2GNGt7FJcLKfSiaAWPZGcB,T000532,GEN-SITE-CLEAR,Cut CH144-2,L00,L00-Z11,earthworks,mobilise,100.0,m2,0,1,,,
2GNGt7FJcLKfSiaAWPZGcB,T000533,CIV-EARTH-CUT,Cut CH144-2,L00,L00-Z11,earthworks,earthworks,59.8,m3,5,6,,,T000473;T000491;T000497;T000498;T000501;T000510;T000512;T000522;T000526;T000530;T000532;T000536;T000547;T000548
2MUpB2QKnpaJFc_tdGjClP,T000534,CIV-SUBGRADE-PREP,Sub-base CH144-2,L00,L00-Z11,earthworks,pavement,36.0,m2,93,94,,,T000338;T000479;T000489;T000496;T000533;T000546;T000565;T001368;T001380;T001387;T001393;T001413;T001425;T001431
2MUpB2QKnpaJFc_tdGjClP,T000535,CIV-SUBBASE-LAY,Sub-base CH144-2,L00,L00-Z11,earthworks,pavement,36.0,m2,94,95,,,T000534
2bdvsLuiv5jtZ79pkK3Iu4,T000536,GEN-SITE-CLEAR,Cut CH138-2,L00,L00-Z11,earthworks,mobilise,100.0,m2,0,1,,,
2bdvsLuiv5jtZ79pkK3Iu4,T000537,CIV-EARTH-CUT,Cut CH138-2,L00,L00-Z11,earthworks,earthworks,38.5,m3,5,6,,,T000473;T000491;T000497;T000498;T000501;T000510;T000512;T000522;T000526;T000530;T000532;T000536;T000547;T000548
2iIlvKcF3p$IweJ0gbybIu,T000538,CIV-SUBGRADE-PREP,Sub-base CH126-2,L00,L00-Z11,earthworks,pavement,36.0,m2,93,94,,,T000338;T000479;T000489;T000496;T000531;T000546;T000565;T001368;T001380;T001387;T001393;T001413;T001425;T001431
2iIlvKcF3p$IweJ0gbybIu,T000539,CIV-SUBBASE-LAY,Sub-base CH126-2,L00,L00-Z11,earthworks,pavement,36.0,m2,94,95,,,T000538
2wduSqbsO8ylM1_DouAFIo,T000540,CIV-SUBGRADE-PREP,Sub-base CH132-2,L00,L00-Z11,earthworks,pavement,36.0,m2,93,94,,,T000338;T000479;T000489;T000496;T000527;T000546;T000565;T001368;T001380;T001387;T001393;T001413;T001425;T001431
2wduSqbsO8ylM1_DouAFIo,T000541,CIV-SUBBASE-LAY,Sub-base CH132-2,L00,L00-Z11,earthworks,pavement,36.0,m2,94,95,,,T000540
3AzcJGcVsb695DsqCxWjWA,T000542,CIV-ASPHALT-WEAR,Wearing course CH144-2,L00,L00-Z11,paving,pavement,36.0,m2,98,99,,,T000473;T000582
3AzcJGcVsb695DsqCxWjWA,T000543,CIV-MARKING-APPLY,Wearing course CH144-2,L00,L00-Z11,finishing,finishing,12.6,m,99,100,,,T000542
3AzcJGcVsb695DsqCxWjWA,T000544,GEN-HANDOVER-DOC,Wearing course CH144-2,L00,L00-Z11,qa,handover,1.0,ea,104,105,,,T000471;T000482;T000485;T000508;T000520;T000543;T000555;T000560;T000571;T000585
3BWHgjxvL5hIhKHQoArE5D,T000545,STR-WALL-POUR,Culvert headwall inlet,L00,L00-Z11,concrete,structures,7.0,m3,28,30,,,T000495;T000533;T000550
3BWHgjxvL5hIhKHQoArE5D,T000546,CIV-STRUCT-BACKFILL,Culvert headwall inlet,L00,L00-Z11,earthworks,structures,30.0,m3,62,63,,,T000545;T000551
,T000547,GEN-SURVEY-SETOUT,"Survey set-out of the work area · L00 group at 24,2",L00,L00-Z11,qa,mobilise,1.0,ea,0,1,,,
,T000548,GEN-UTIL-LOCATE,"Locate and mark buried utilities · L00 group at 24,2",L00,L00-Z11,utilities,mobilise,1.0,ea,1,2,,,T000547
,T000549,GEN-TW-CHECK,"Temporary works design check and permit to load · L00 group at 24,2",L00,L00-Z11,erection,mobilise,1.0,ea,2,3,,,T000548
,T000550,GEN-SHORING-INSTALL,"Install trench or pit shoring · L00 group at 24,2",L00,L00-Z11,utilities,utilities,1.0,ea,3,4,,,T000473;T000497;T000498;T000547;T000548;T000549
,T000551,GEN-CURING-WATCH,"Concrete curing watch (time driven) · L00 group at 24,2",L00,L00-Z11,concrete,structures,1.0,ea,55,62,,,T000473;T000497;T000545;T000547
,T000552,GEN-SHORING-REMOVE,"Remove trench or pit shoring · L00 group at 24,2",L00,L00-Z11,utilities,structures,1.0,ea,63,64,,,T000500;T000546;T000550
,T000553,GEN-SURVEY-ASBUILT,"As-built survey and record · L00 group at 24,2",L00,L00-Z11,qa,finishing,1.0,ea,99,100,,,T000470;T000481;T000484;T000507;T000519;T000542;T000552;T000554;T000559;T000570;T000584
3DFW_$TH3C68$3MmfJcC9$,T000554,CIV-ASPHALT-WEAR,Wearing course CH132-2,L00,L00-Z11,paving,pavement,36.0,m2,98,99,,,T000473;T000558
3DFW_$TH3C68$3MmfJcC9$,T000555,CIV-MARKING-APPLY,Wearing course CH132-2,L00,L00-Z11,finishing,finishing,12.6,m,99,100,,,T000554
3DFW_$TH3C68$3MmfJcC9$,T000556,GEN-HANDOVER-DOC,Wearing course CH132-2,L00,L00-Z11,qa,handover,1.0,ea,104,105,,,T000471;T000482;T000485;T000508;T000520;T000543;T000555;T000560;T000571;T000585
3DL8kPhPpFTs$ZYpjyp_ZI,T000557,CIV-BASE-LAY,Base course CH132-2,L00,L00-Z11,earthworks,pavement,36.0,m2,95,96,,,T000541
3DL8kPhPpFTs$ZYpjyp_ZI,T000558,CIV-ASPHALT-BASE,Base course CH132-2,L00,L00-Z11,paving,pavement,36.0,m2,97,98,,,T000518;T000557
3E9UufrPfTEfTCUqPmS9y_,T000559,CIV-ASPHALT-WEAR,Wearing course CH120-2,L00,L00-Z11,paving,pavement,36.0,m2,98,99,,,T000473;T000506
3E9UufrPfTEfTCUqPmS9y_,T000560,CIV-MARKING-APPLY,Wearing course CH120-2,L00,L00-Z11,finishing,finishing,12.6,m,99,100,,,T000559
3E9UufrPfTEfTCUqPmS9y_,T000561,GEN-HANDOVER-DOC,Wearing course CH120-2,L00,L00-Z11,qa,handover,1.0,ea,105,106,,,T000471;T000482;T000485;T000508;T000520;T000543;T000555;T000560;T000571;T000585
3M1EBUwYY2z8JR8om34$tx,T000562,GEN-SETOUT,Culvert segment C2,L00,L00-Z11,qa,mobilise,1.0,ea,0,1,,,
3M1EBUwYY2z8JR8om34$tx,T000563,CIV-TRENCH-DIG,Culvert segment C2,L00,L00-Z11,earthworks,drainage,6.0,m,12,13,,,T000473;T000479;T000489;T000492;T000492;T000497;T000498;T000500;T000501;T000511;T000511;T000513;T000513;T000523;T000523;T000527;T000527;T000531;T000531;T000533;T000533;T000537;T000537;T000547;T000548;T000550;T000562;T000591;T000598;T000614;T000647;T000652;T000658;T000669;T000673;T000680;T000686;T000691;T000709;T000717;T000728;T000740;T000743;T000757;T000767;T000770;T000794;T000821;T000835;T000845;T000850;T000856;T000886;T000889;T000894;T000900;T000902;T001148;T001154;T001178;T001200;T001241;T001250;T001256;T001263;T001294;T001299;T001305;T001307;T001319;T001330;T001335;T001341;T001351;T001366;T001444;T001447;T001463;T001467;T001473;T001482;T001491;T001502;T001517;T001528;T001541;T001553;T001580;T001584;T001589;T001592;T001596;T001609;T001619;T001626
3M1EBUwYY2z8JR8om34$tx,T000564,CIV-CULVERT-SET,Culvert segment C2,L00,L00-Z11,erection,structures,6.0,m,13,14,,,T000494;T000499;T000563
3M1EBUwYY2z8JR8om34$tx,T000565,CIV-STRUCT-BACKFILL,Culvert segment C2,L00,L00-Z11,earthworks,structures,150.0,m3,14,15,,,T000495;T000564
3Pb$_Xh24tFnvemuw44McL,T000566,CIV-SUBGRADE-PREP,Sub-base CH132-3,L00,L00-Z11,earthworks,pavement,36.0,m2,93,94,,,T000338;T000479;T000489;T000492;T000496;T000546;T000565;T001368;T001380;T001387;T001393;T001413;T001425;T001431
3Pb$_Xh24tFnvemuw44McL,T000567,CIV-SUBBASE-LAY,Sub-base CH132-3,L00,L00-Z11,earthworks,pavement,36.0,m2,94,95,,,T000566
3PdeAEKVGqevzHXMfaPArl,T000568,CIV-SUBGRADE-PREP,Sub-base CH138-3,L00,L00-Z11,earthworks,pavement,36.0,m2,93,94,,,T000338;T000479;T000489;T000496;T000523;T000546;T000565;T001368;T001380;T001387;T001393;T001413;T001425;T001431
3PdeAEKVGqevzHXMfaPArl,T000569,CIV-SUBBASE-LAY,Sub-base CH138-3,L00,L00-Z11,earthworks,pavement,36.0,m2,94,95,,,T000568
3V3FZ$8kztXyFl2XK7IexH,T000570,CIV-ASPHALT-WEAR,Wearing course CH126-3,L00,L00-Z11,paving,pavement,36.0,m2,97,98,,,T000473;T000515
3V3FZ$8kztXyFl2XK7IexH,T000571,CIV-MARKING-APPLY,Wearing course CH126-3,L00,L00-Z11,finishing,finishing,12.6,m,99,100,,,T000570
3V3FZ$8kztXyFl2XK7IexH,T000572,GEN-HANDOVER-DOC,Wearing course CH126-3,L00,L00-Z11,qa,handover,1.0,ea,105,106,,,T000471;T000482;T000485;T000508;T000520;T000543;T000555;T000560;T000571;T000585
3qUM4N$Bcir0UOFCkSxQZ6,T000573,CIV-SUBGRADE-PREP,Sub-base CH120-2,L00,L00-Z11,earthworks,pavement,36.0,m2,93,94,,,T000338;T000479;T000489;T000496;T000546;T000565;T001368;T001380;T001387;T001393;T001413;T001425;T001431
3qUM4N$Bcir0UOFCkSxQZ6,T000574,CIV-SUBBASE-LAY,Sub-base CH120-2,L00,L00-Z11,earthworks,pavement,36.0,m2,94,95,,,T000573
3rLhSbKLTBq_RyxZ1sVVft,T000575,CIV-BASE-LAY,Base course CH120-3,L00,L00-Z11,earthworks,pavement,36.0,m2,95,96,,,T000488
3rLhSbKLTBq_RyxZ1sVVft,T000576,CIV-ASPHALT-BASE,Base course CH120-3,L00,L00-Z11,paving,pavement,36.0,m2,96,97,,,T000575
3tHdn_E_yyK7oX$mjaf735,T000577,CIV-BASE-LAY,Base course CH132-3,L00,L00-Z11,earthworks,pavement,36.0,m2,95,96,,,T000567
3tHdn_E_yyK7oX$mjaf735,T000578,CIV-ASPHALT-BASE,Base course CH132-3,L00,L00-Z11,paving,pavement,36.0,m2,96,97,,,T000577
3uaKsrHBIQcyg8mB0qYrMx,T000579,CIV-SUBGRADE-PREP,Sub-base CH126-3,L00,L00-Z11,earthworks,pavement,36.0,m2,93,94,,,T000338;T000479;T000489;T000496;T000513;T000546;T000565;T001368;T001380;T001387;T001393;T001413;T001425;T001431
3uaKsrHBIQcyg8mB0qYrMx,T000580,CIV-SUBBASE-LAY,Sub-base CH126-3,L00,L00-Z11,earthworks,pavement,36.0,m2,94,95,,,T000579
3vnyYsBslNtsB5hxSJ$Abx,T000581,CIV-BASE-LAY,Base course CH144-2,L00,L00-Z11,earthworks,pavement,36.0,m2,95,96,,,T000535
3vnyYsBslNtsB5hxSJ$Abx,T000582,CIV-ASPHALT-BASE,Base course CH144-2,L00,L00-Z11,paving,pavement,36.0,m2,97,98,,,T000475;T000581
3vz8EsZIBfGNnje$szqgHV,T000583,CIV-KERB-LAY,Kerb inner CH126,L00,L00-Z11,finishing,pavement,6.0,m,96,97,,,T000468;T000488;T000517;T000528;T000535;T000538;T000539;T000541;T000567;T000569;T000574;T000580
3w$FSQOYa$mGtQRaOrNqI3,T000584,CIV-ASPHALT-WEAR,Wearing course CH138-3,L00,L00-Z11,paving,pavement,36.0,m2,97,98,,,T000473;T000525
3w$FSQOYa$mGtQRaOrNqI3,T000585,CIV-MARKING-APPLY,Wearing course CH138-3,L00,L00-Z11,finishing,finishing,12.6,m,99,100,,,T000584
3w$FSQOYa$mGtQRaOrNqI3,T000586,GEN-HANDOVER-DOC,Wearing course CH138-3,L00,L00-Z11,qa,handover,1.0,ea,105,106,,,T000471;T000482;T000485;T000508;T000520;T000543;T000555;T000560;T000571;T000585
0$wqqjjsgEMwslMKtmataC,T000587,CIV-KERB-LAY,Kerb inner CH174,L00,L00-Z12,finishing,pavement,6.0,m,96,97,,,T000601;T000619;T000631;T000632;T000633;T000636;T000645;T000656;T000663;T000671;T000676;T000682
0FIGOOmlesV5ObJfV6ZG_Q,T000588,CIV-BASE-LAY,Base course CH162-2,L00,L00-Z12,earthworks,pavement,36.0,m2,95,96,,,T000636
0FIGOOmlesV5ObJfV6ZG_Q,T000589,CIV-ASPHALT-BASE,Base course CH162-2,L00,L00-Z12,paving,pavement,36.0,m2,97,98,,,T000588;T000641
0NHzfV0XnUvYgc1XkU7Fxd,T000590,GEN-SITE-CLEAR,Cut CH162-2,L00,L00-Z12,earthworks,mobilise,100.0,m2,0,1,,,
0NHzfV0XnUvYgc1XkU7Fxd,T000591,CIV-EARTH-CUT,Cut CH162-2,L00,L00-Z12,earthworks,earthworks,37.8,m3,2,3,,,T000590;T000595;T000597;T000613;T000646;T000651;T000657;T000668;T000672;T000679;T000685
0PgPgWcZOHX1caipp1yJoT,T000592,CIV-ASPHALT-WEAR,Wearing course CH162-3,L00,L00-Z12,paving,pavement,36.0,m2,97,98,,,T000595;T000684
0PgPgWcZOHX1caipp1yJoT,T000593,CIV-MARKING-APPLY,Wearing course CH162-3,L00,L00-Z12,finishing,finishing,12.6,m,99,100,,,T000592
0PgPgWcZOHX1caipp1yJoT,T000594,GEN-HANDOVER-DOC,Wearing course CH162-3,L00,L00-Z12,qa,handover,1.0,ea,105,106,,,T000593;T000603;T000608;T000611;T000616;T000621;T000626;T000629;T000639;T000649
,T000595,GEN-SURVEY-SETOUT,Survey set-out of the work area · L00 zone 12,L00,L00-Z12,qa,mobilise,1.0,ea,1,2,,,
,T000596,GEN-SURVEY-ASBUILT,As-built survey and record · L00 zone 12,L00,L00-Z12,qa,finishing,1.0,ea,100,101,,,T000592;T000593;T000602;T000603;T000607;T000608;T000610;T000611;T000615;T000616;T000620;T000621;T000625;T000626;T000628;T000629;T000638;T000639;T000648;T000649
0ROFzVQoUfamxjdXk$xCye,T000597,GEN-SITE-CLEAR,Cut CH174-2,L00,L00-Z12,earthworks,mobilise,100.0,m2,0,1,,,
0ROFzVQoUfamxjdXk$xCye,T000598,CIV-EARTH-CUT,Cut CH174-2,L00,L00-Z12,earthworks,earthworks,91.1,m3,2,3,,,T000590;T000595;T000597;T000613;T000646;T000651;T000657;T000668;T000672;T000679;T000685
0ROFzVQoUfamxjdXk$xCye,T000599,CIV-COMPACT-TEST,Cut CH174-2,L00,L00-Z12,qa,earthworks,100.0,m2,3,4,,,T000598
0Uz_C17Y05CR0mY_yhshlh,T000600,CIV-SUBGRADE-PREP,Sub-base CH174-3,L00,L00-Z12,earthworks,pavement,36.0,m2,93,94,,,T000338;T000658;T001368;T001380;T001387;T001393;T001413;T001425;T001431
0Uz_C17Y05CR0mY_yhshlh,T000601,CIV-SUBBASE-LAY,Sub-base CH174-3,L00,L00-Z12,earthworks,pavement,36.0,m2,94,95,,,T000600
0f2k5fuT_pAisyCnbOI4G$,T000602,CIV-ASPHALT-WEAR,Wearing course CH174-3,L00,L00-Z12,paving,pavement,36.0,m2,97,98,,,T000595;T000654
0f2k5fuT_pAisyCnbOI4G$,T000603,CIV-MARKING-APPLY,Wearing course CH174-3,L00,L00-Z12,finishing,finishing,12.6,m,99,100,,,T000602
0f2k5fuT_pAisyCnbOI4G$,T000604,GEN-HANDOVER-DOC,Wearing course CH174-3,L00,L00-Z12,qa,handover,1.0,ea,105,106,,,T000593;T000603;T000608;T000611;T000616;T000621;T000626;T000629;T000639;T000649
0jfM1pe1nRwS8Zl58Rqc$D,T000605,CIV-BASE-LAY,Base course CH168-3,L00,L00-Z12,earthworks,pavement,36.0,m2,95,96,,,T000663
0jfM1pe1nRwS8Zl58Rqc$D,T000606,CIV-ASPHALT-BASE,Base course CH168-3,L00,L00-Z12,paving,pavement,36.0,m2,96,97,,,T000605
0jmjnM1FxlOu1S2ZjOBcST,T000607,CIV-ASPHALT-WEAR,Wearing course CH156-2,L00,L00-Z12,paving,pavement,36.0,m2,98,99,,,T000595;T000678
0jmjnM1FxlOu1S2ZjOBcST,T000608,CIV-MARKING-APPLY,Wearing course CH156-2,L00,L00-Z12,finishing,finishing,12.6,m,99,100,,,T000607
0jmjnM1FxlOu1S2ZjOBcST,T000609,GEN-HANDOVER-DOC,Wearing course CH156-2,L00,L00-Z12,qa,handover,1.0,ea,105,106,,,T000593;T000603;T000608;T000611;T000616;T000621;T000626;T000629;T000639;T000649
0oOgA3Ss9VPLgd8C3zt3gW,T000610,CIV-ASPHALT-WEAR,Wearing course CH156-3,L00,L00-Z12,paving,pavement,36.0,m2,97,98,,,T000595;T000624
0oOgA3Ss9VPLgd8C3zt3gW,T000611,CIV-MARKING-APPLY,Wearing course CH156-3,L00,L00-Z12,finishing,finishing,12.6,m,99,100,,,T000610
0oOgA3Ss9VPLgd8C3zt3gW,T000612,GEN-HANDOVER-DOC,Wearing course CH156-3,L00,L00-Z12,qa,handover,1.0,ea,105,106,,,T000593;T000603;T000608;T000611;T000616;T000621;T000626;T000629;T000639;T000649
0v6V5puTR7HbTefUcISqcZ,T000613,GEN-SITE-CLEAR,Cut CH168-3,L00,L00-Z12,earthworks,mobilise,100.0,m2,0,1,,,
0v6V5puTR7HbTefUcISqcZ,T000614,CIV-EARTH-CUT,Cut CH168-3,L00,L00-Z12,earthworks,earthworks,36.4,m3,2,3,,,T000590;T000595;T000597;T000613;T000646;T000651;T000657;T000668;T000672;T000679;T000685
0y8Lnl$xMflz$yYp4QSPvU,T000615,CIV-ASPHALT-WEAR,Wearing course CH162-2,L00,L00-Z12,paving,pavement,36.0,m2,98,99,,,T000589;T000595
0y8Lnl$xMflz$yYp4QSPvU,T000616,CIV-MARKING-APPLY,Wearing course CH162-2,L00,L00-Z12,finishing,finishing,12.6,m,99,100,,,T000615
0y8Lnl$xMflz$yYp4QSPvU,T000617,GEN-HANDOVER-DOC,Wearing course CH162-2,L00,L00-Z12,qa,handover,1.0,ea,105,106,,,T000593;T000603;T000608;T000611;T000616;T000621;T000626;T000629;T000639;T000649
0zYWmiRa5K8cBoFHZtQehX,T000618,CIV-SUBGRADE-PREP,Sub-base CH156-2,L00,L00-Z12,earthworks,pavement,36.0,m2,93,94,,,T000338;T000652;T001368;T001380;T001387;T001393;T001413;T001425;T001431
0zYWmiRa5K8cBoFHZtQehX,T000619,CIV-SUBBASE-LAY,Sub-base CH156-2,L00,L00-Z12,earthworks,pavement,36.0,m2,94,95,,,T000618
123XUcsE7lXjF6Fvc0whUT,T000620,CIV-ASPHALT-WEAR,Wearing course CH150-2,L00,L00-Z12,paving,pavement,36.0,m2,98,99,,,T000595;T000643
123XUcsE7lXjF6Fvc0whUT,T000621,CIV-MARKING-APPLY,Wearing course CH150-2,L00,L00-Z12,finishing,finishing,12.6,m,99,100,,,T000620
123XUcsE7lXjF6Fvc0whUT,T000622,GEN-HANDOVER-DOC,Wearing course CH150-2,L00,L00-Z12,qa,handover,1.0,ea,105,106,,,T000593;T000603;T000608;T000611;T000616;T000621;T000626;T000629;T000639;T000649
12Ww0s6ftqZFx$k5S6Zrve,T000623,CIV-BASE-LAY,Base course CH156-3,L00,L00-Z12,earthworks,pavement,36.0,m2,95,96,,,T000682
12Ww0s6ftqZFx$k5S6Zrve,T000624,CIV-ASPHALT-BASE,Base course CH156-3,L00,L00-Z12,paving,pavement,36.0,m2,96,97,,,T000623
1EvRNP7NOXquDLAbAmFZ8h,T000625,CIV-ASPHALT-WEAR,Wearing course CH174-2,L00,L00-Z12,paving,pavement,36.0,m2,98,99,,,T000595;T000634
1EvRNP7NOXquDLAbAmFZ8h,T000626,CIV-MARKING-APPLY,Wearing course CH174-2,L00,L00-Z12,finishing,finishing,12.6,m,99,100,,,T000625
1EvRNP7NOXquDLAbAmFZ8h,T000627,GEN-HANDOVER-DOC,Wearing course CH174-2,L00,L00-Z12,qa,handover,1.0,ea,105,106,,,T000593;T000603;T000608;T000611;T000616;T000621;T000626;T000629;T000639;T000649
1WCfnHgMez8g2vmT1T2FdU,T000628,CIV-ASPHALT-WEAR,Wearing course CH168-3,L00,L00-Z12,paving,pavement,36.0,m2,97,98,,,T000595;T000606
1WCfnHgMez8g2vmT1T2FdU,T000629,CIV-MARKING-APPLY,Wearing course CH168-3,L00,L00-Z12,finishing,finishing,12.6,m,99,100,,,T000628
1WCfnHgMez8g2vmT1T2FdU,T000630,GEN-HANDOVER-DOC,Wearing course CH168-3,L00,L00-Z12,qa,handover,1.0,ea,105,106,,,T000593;T000603;T000608;T000611;T000616;T000621;T000626;T000629;T000639;T000649
1WVK1EBnoAOsLsWcmdqBDi,T000631,CIV-SUBGRADE-PREP,Sub-base CH174-2,L00,L00-Z12,earthworks,pavement,36.0,m2,93,94,,,T000338;T000598;T001368;T001380;T001387;T001393;T001413;T001425;T001431
1WVK1EBnoAOsLsWcmdqBDi,T000632,CIV-SUBBASE-LAY,Sub-base CH174-2,L00,L00-Z12,earthworks,pavement,36.0,m2,94,95,,,T000631
1YQod0L_0C8rratLMlNHP_,T000633,CIV-BASE-LAY,Base course CH174-2,L00,L00-Z12,earthworks,pavement,36.0,m2,95,96,,,T000632
1YQod0L_0C8rratLMlNHP_,T000634,CIV-ASPHALT-BASE,Base course CH174-2,L00,L00-Z12,paving,pavement,36.0,m2,97,98,,,T000587;T000633
1hVMP2MXC2HmEhQdwUllLt,T000635,CIV-SUBGRADE-PREP,Sub-base CH162-2,L00,L00-Z12,earthworks,pavement,36.0,m2,93,94,,,T000338;T000591;T001368;T001380;T001387;T001393;T001413;T001425;T001431
1hVMP2MXC2HmEhQdwUllLt,T000636,CIV-SUBBASE-LAY,Sub-base CH162-2,L00,L00-Z12,earthworks,pavement,36.0,m2,94,95,,,T000635
1hvGhbkt5nUQ9J$C1IdB$C,T000637,CIV-KERB-LAY,Kerb inner CH150,L00,L00-Z12,finishing,pavement,6.0,m,96,97,,,T000601;T000619;T000632;T000636;T000642;T000644;T000645;T000656;T000663;T000671;T000676;T000682
1lFqEFlb5JFldlcb_3IIr6,T000638,CIV-ASPHALT-WEAR,Wearing course CH150-3,L00,L00-Z12,paving,pavement,36.0,m2,97,98,,,T000595;T000667
1lFqEFlb5JFldlcb_3IIr6,T000639,CIV-MARKING-APPLY,Wearing course CH150-3,L00,L00-Z12,finishing,finishing,12.6,m,99,100,,,T000638
1lFqEFlb5JFldlcb_3IIr6,T000640,GEN-HANDOVER-DOC,Wearing course CH150-3,L00,L00-Z12,qa,handover,1.0,ea,106,107,,,T000593;T000603;T000608;T000611;T000616;T000621;T000626;T000629;T000639;T000649
1yEZw4JyIRe4m7ktyR6R2s,T000641,CIV-KERB-LAY,Kerb inner CH162,L00,L00-Z12,finishing,pavement,6.0,m,96,97,,,T000588;T000601;T000619;T000632;T000635;T000636;T000645;T000656;T000663;T000671;T000676;T000682
21ZIpvQuipPcA4gnGaRBdh,T000642,CIV-BASE-LAY,Base course CH150-2,L00,L00-Z12,earthworks,pavement,36.0,m2,95,96,,,T000645
21ZIpvQuipPcA4gnGaRBdh,T000643,CIV-ASPHALT-BASE,Base course CH150-2,L00,L00-Z12,paving,pavement,36.0,m2,97,98,,,T000637;T000642
23uI18AhepLt7o4J7brpce,T000644,CIV-SUBGRADE-PREP,Sub-base CH150-2,L00,L00-Z12,earthworks,pavement,36.0,m2,93,94,,,T000338;T000680;T001368;T001380;T001387;T001393;T001413;T001425;T001431
23uI18AhepLt7o4J7brpce,T000645,CIV-SUBBASE-LAY,Sub-base CH150-2,L00,L00-Z12,earthworks,pavement,36.0,m2,94,95,,,T000644
2FblSSHzJwlryRVAvk9E7P,T000646,GEN-SITE-CLEAR,Cut CH162-3,L00,L00-Z12,earthworks,mobilise,100.0,m2,0,1,,,
2FblSSHzJwlryRVAvk9E7P,T000647,CIV-EARTH-CUT,Cut CH162-3,L00,L00-Z12,earthworks,earthworks,42.1,m3,2,3,,,T000590;T000595;T000597;T000613;T000646;T000651;T000657;T000668;T000672;T000679;T000685
2MR4Ru6Dndu606mPVlUPB2,T000648,CIV-ASPHALT-WEAR,Wearing course CH168-2,L00,L00-Z12,paving,pavement,36.0,m2,98,99,,,T000595;T000665
2MR4Ru6Dndu606mPVlUPB2,T000649,CIV-MARKING-APPLY,Wearing course CH168-2,L00,L00-Z12,finishing,finishing,12.6,m,99,100,,,T000648
2MR4Ru6Dndu606mPVlUPB2,T000650,GEN-HANDOVER-DOC,Wearing course CH168-2,L00,L00-Z12,qa,handover,1.0,ea,106,107,,,T000593;T000603;T000608;T000611;T000616;T000621;T000626;T000629;T000639;T000649
2ScaQ_eziZaFmoiIb5aAiu,T000651,GEN-SITE-CLEAR,Cut CH156-2,L00,L00-Z12,earthworks,mobilise,100.0,m2,0,1,,,
2ScaQ_eziZaFmoiIb5aAiu,T000652,CIV-EARTH-CUT,Cut CH156-2,L00,L00-Z12,earthworks,earthworks,49.3,m3,2,3,,,T000590;T000595;T000597;T000613;T000646;T000651;T000657;T000668;T000672;T000679;T000685
2Ukpm7jgC0wpH3FZVlvyqO,T000653,CIV-BASE-LAY,Base course CH174-3,L00,L00-Z12,earthworks,pavement,36.0,m2,95,96,,,T000601
2Ukpm7jgC0wpH3FZVlvyqO,T000654,CIV-ASPHALT-BASE,Base course CH174-3,L00,L00-Z12,paving,pavement,36.0,m2,96,97,,,T000653
2caHmVDfOkwCIsqAB7sGyR,T000655,CIV-SUBGRADE-PREP,Sub-base CH150-3,L00,L00-Z12,earthworks,pavement,36.0,m2,93,94,,,T000338;T000686;T001368;T001380;T001387;T001393;T001413;T001425;T001431
2caHmVDfOkwCIsqAB7sGyR,T000656,CIV-SUBBASE-LAY,Sub-base CH150-3,L00,L00-Z12,earthworks,pavement,36.0,m2,94,95,,,T000655
2eq5SI2XrbJPgTmV$hW__w,T000657,GEN-SITE-CLEAR,Cut CH174-3,L00,L00-Z12,earthworks,mobilise,100.0,m2,0,1,,,
2eq5SI2XrbJPgTmV$hW__w,T000658,CIV-EARTH-CUT,Cut CH174-3,L00,L00-Z12,earthworks,earthworks,88.2,m3,2,3,,,T000590;T000595;T000597;T000613;T000646;T000651;T000657;T000668;T000672;T000679;T000685
2eq5SI2XrbJPgTmV$hW__w,T000659,CIV-COMPACT-TEST,Cut CH174-3,L00,L00-Z12,qa,earthworks,100.0,m2,3,4,,,T000658
2pqGukelAqvX57V1JDbmKp,T000660,CIV-KERB-LAY,Kerb inner CH156,L00,L00-Z12,finishing,pavement,6.0,m,96,97,,,T000601;T000618;T000619;T000632;T000636;T000645;T000656;T000663;T000671;T000676;T000677;T000682
2rzyKtjn1P9Ife1JwI$eEq,T000661,CIV-KERB-LAY,Kerb inner CH168,L00,L00-Z12,finishing,pavement,6.0,m,96,97,,,T000601;T000619;T000632;T000636;T000645;T000656;T000663;T000664;T000670;T000671;T000676;T000682
331hO8SCLL5rDffOQosFTR,T000662,CIV-SUBGRADE-PREP,Sub-base CH168-3,L00,L00-Z12,earthworks,pavement,36.0,m2,93,94,,,T000338;T000614;T001368;T001380;T001387;T001393;T001413;T001425;T001431
331hO8SCLL5rDffOQosFTR,T000663,CIV-SUBBASE-LAY,Sub-base CH168-3,L00,L00-Z12,earthworks,pavement,36.0,m2,94,95,,,T000662
38AVuHyZKL2CMbFoL91YJu,T000664,CIV-BASE-LAY,Base course CH168-2,L00,L00-Z12,earthworks,pavement,36.0,m2,95,96,,,T000671
38AVuHyZKL2CMbFoL91YJu,T000665,CIV-ASPHALT-BASE,Base course CH168-2,L00,L00-Z12,paving,pavement,36.0,m2,97,98,,,T000661;T000664
39lpoX$su_rKIG_wGFRwy4,T000666,CIV-BASE-LAY,Base course CH150-3,L00,L00-Z12,earthworks,pavement,36.0,m2,95,96,,,T000656
39lpoX$su_rKIG_wGFRwy4,T000667,CIV-ASPHALT-BASE,Base course CH150-3,L00,L00-Z12,paving,pavement,36.0,m2,96,97,,,T000666
3GS02cxsmTVwiJZOE4r2UQ,T000668,GEN-SITE-CLEAR,Cut CH168-2,L00,L00-Z12,earthworks,mobilise,100.0,m2,0,1,,,
3GS02cxsmTVwiJZOE4r2UQ,T000669,CIV-EARTH-CUT,Cut CH168-2,L00,L00-Z12,earthworks,earthworks,43.2,m3,2,3,,,T000590;T000595;T000597;T000613;T000646;T000651;T000657;T000668;T000672;T000679;T000685
3LWQ5x39xmhpOo41WEHfx_,T000670,CIV-SUBGRADE-PREP,Sub-base CH168-2,L00,L00-Z12,earthworks,pavement,36.0,m2,93,94,,,T000338;T000669;T001368;T001380;T001387;T001393;T001413;T001425;T001431
3LWQ5x39xmhpOo41WEHfx_,T000671,CIV-SUBBASE-LAY,Sub-base CH168-2,L00,L00-Z12,earthworks,pavement,36.0,m2,94,95,,,T000670
3RPYYHDUV6ST6CqgyCH0Kq,T000672,GEN-SITE-CLEAR,Cut CH156-3,L00,L00-Z12,earthworks,mobilise,100.0,m2,0,1,,,
3RPYYHDUV6ST6CqgyCH0Kq,T000673,CIV-EARTH-CUT,Cut CH156-3,L00,L00-Z12,earthworks,earthworks,72.7,m3,2,3,,,T000590;T000595;T000597;T000613;T000646;T000651;T000657;T000668;T000672;T000679;T000685
3RPYYHDUV6ST6CqgyCH0Kq,T000674,CIV-COMPACT-TEST,Cut CH156-3,L00,L00-Z12,qa,earthworks,100.0,m2,3,4,,,T000673
3RdsmKlWAHAbujT5xhsvxt,T000675,CIV-SUBGRADE-PREP,Sub-base CH162-3,L00,L00-Z12,earthworks,pavement,36.0,m2,93,94,,,T000338;T000647;T001368;T001380;T001387;T001393;T001413;T001425;T001431
3RdsmKlWAHAbujT5xhsvxt,T000676,CIV-SUBBASE-LAY,Sub-base CH162-3,L00,L00-Z12,earthworks,pavement,36.0,m2,94,95,,,T000675
3YVfhQwg2H0y01Mq_oA93u,T000677,CIV-BASE-LAY,Base course CH156-2,L00,L00-Z12,earthworks,pavement,36.0,m2,95,96,,,T000619
3YVfhQwg2H0y01Mq_oA93u,T000678,CIV-ASPHALT-BASE,Base course CH156-2,L00,L00-Z12,paving,pavement,36.0,m2,97,98,,,T000660;T000677
3a1DtHXkpk5p6Oka9nvZFG,T000679,GEN-SITE-CLEAR,Cut CH150-2,L00,L00-Z12,earthworks,mobilise,100.0,m2,0,1,,,
3a1DtHXkpk5p6Oka9nvZFG,T000680,CIV-EARTH-CUT,Cut CH150-2,L00,L00-Z12,earthworks,earthworks,49.7,m3,2,3,,,T000590;T000595;T000597;T000613;T000646;T000651;T000657;T000668;T000672;T000679;T000685
3k4Z$Q0PoEZ$LOM8G8GXTZ,T000681,CIV-SUBGRADE-PREP,Sub-base CH156-3,L00,L00-Z12,earthworks,pavement,36.0,m2,93,94,,,T000338;T000673;T001368;T001380;T001387;T001393;T001413;T001425;T001431
3k4Z$Q0PoEZ$LOM8G8GXTZ,T000682,CIV-SUBBASE-LAY,Sub-base CH156-3,L00,L00-Z12,earthworks,pavement,36.0,m2,94,95,,,T000681
3l$eYm3MuTX9jAbAZTCF9k,T000683,CIV-BASE-LAY,Base course CH162-3,L00,L00-Z12,earthworks,pavement,36.0,m2,95,96,,,T000676
3l$eYm3MuTX9jAbAZTCF9k,T000684,CIV-ASPHALT-BASE,Base course CH162-3,L00,L00-Z12,paving,pavement,36.0,m2,96,97,,,T000683
3lhkIPp554HgywJHfeKoch,T000685,GEN-SITE-CLEAR,Cut CH150-3,L00,L00-Z12,earthworks,mobilise,100.0,m2,0,1,,,
3lhkIPp554HgywJHfeKoch,T000686,CIV-EARTH-CUT,Cut CH150-3,L00,L00-Z12,earthworks,earthworks,92.2,m3,2,3,,,T000590;T000595;T000597;T000613;T000646;T000651;T000657;T000668;T000672;T000679;T000685
3lhkIPp554HgywJHfeKoch,T000687,CIV-COMPACT-TEST,Cut CH150-3,L00,L00-Z12,qa,earthworks,100.0,m2,3,4,,,T000686
01keGnrkMy9281XR57oars,T000688,CIV-BASE-LAY,Base course CH006-5,L00,L00-Z13,earthworks,pavement,36.0,m2,95,96,,,T000772
01keGnrkMy9281XR57oars,T000689,CIV-ASPHALT-BASE,Base course CH006-5,L00,L00-Z13,paving,pavement,36.0,m2,97,98,,,T000688;T000753
01wC9RXGi8VlaKuc1cDHXE,T000690,GEN-SITE-CLEAR,Cut CH012-5,L00,L00-Z13,earthworks,mobilise,100.0,m2,0,1,,,
01wC9RXGi8VlaKuc1cDHXE,T000691,CIV-EARTH-CUT,Cut CH012-5,L00,L00-Z13,earthworks,earthworks,89.3,m3,2,3,,,T000690;T000696;T000708;T000716;T000727;T000739;T000742;T000756;T000766;T000769;T000793
01wC9RXGi8VlaKuc1cDHXE,T000692,CIV-COMPACT-TEST,Cut CH012-5,L00,L00-Z13,qa,earthworks,100.0,m2,3,4,,,T000691
051HLgjuYBlhNEppwYnzrL,T000693,CIV-ASPHALT-WEAR,Wearing course CH024-5,L00,L00-Z13,paving,pavement,36.0,m2,98,99,,,T000696;T000702
051HLgjuYBlhNEppwYnzrL,T000694,CIV-MARKING-APPLY,Wearing course CH024-5,L00,L00-Z13,finishing,finishing,12.6,m,99,100,,,T000693
051HLgjuYBlhNEppwYnzrL,T000695,GEN-HANDOVER-DOC,Wearing course CH024-5,L00,L00-Z13,qa,handover,1.0,ea,106,107,,,T000694;T000712;T000723;T000731;T000734;T000737;T000747;T000750;T000760;T000779
,T000696,GEN-SURVEY-SETOUT,Survey set-out of the work area · L00 zone 13,L00,L00-Z13,qa,mobilise,1.0,ea,1,2,,,
,T000697,GEN-SURVEY-ASBUILT,As-built survey and record · L00 zone 13,L00,L00-Z13,qa,finishing,1.0,ea,100,101,,,T000693;T000694;T000711;T000712;T000722;T000723;T000730;T000731;T000733;T000734;T000736;T000737;T000746;T000747;T000749;T000750;T000759;T000760;T000778;T000779
0B3t1J3Am3GwjNUScOVmX6,T000698,CIV-GUARDRAIL-INSTALL,Safety barrier CH012,L00,L00-Z13,finishing,finishing,6.0,m,99,100,,,T000688;T000699;T000701;T000703;T000710;T000718;T000725;T000745;T000753;T000754;T000762;T000773;T000781;T000788;T000791
0C0Rz9GSu11hFsGz9TnBDD,T000699,CIV-BASE-LAY,Base course CH006-4,L00,L00-Z13,earthworks,pavement,36.0,m2,95,96,,,T000707
0C0Rz9GSu11hFsGz9TnBDD,T000700,CIV-ASPHALT-BASE,Base course CH006-4,L00,L00-Z13,paving,pavement,36.0,m2,96,97,,,T000699
0E$JB9CWTwbXx6CM5bkesE,T000701,CIV-BASE-LAY,Base course CH024-5,L00,L00-Z13,earthworks,pavement,36.0,m2,95,96,,,T000705
0E$JB9CWTwbXx6CM5bkesE,T000702,CIV-ASPHALT-BASE,Base course CH024-5,L00,L00-Z13,paving,pavement,36.0,m2,97,98,,,T000701;T000710
0EAF_S2zZCNnztcGCf8Np2,T000703,CIV-KERB-LAY,Kerb outer CH000,L00,L00-Z13,finishing,pavement,6.0,m,96,97,,,T000705;T000707;T000714;T000715;T000718;T000721;T000765;T000772;T000776;T000783;T000785;T000787
0FaED$PPXPjqbK5$QzgU01,T000704,CIV-SUBGRADE-PREP,Sub-base CH024-5,L00,L00-Z13,earthworks,pavement,36.0,m2,93,94,,,T000338;T000794;T001368;T001380;T001387;T001393;T001413;T001425;T001431
0FaED$PPXPjqbK5$QzgU01,T000705,CIV-SUBBASE-LAY,Sub-base CH024-5,L00,L00-Z13,earthworks,pavement,36.0,m2,94,95,,,T000704
0Kuw0sPGcKZBkWAlL6odTs,T000706,CIV-SUBGRADE-PREP,Sub-base CH006-4,L00,L00-Z13,earthworks,pavement,36.0,m2,93,94,,,T000338;T000740;T001368;T001380;T001387;T001393;T001413;T001425;T001431
0Kuw0sPGcKZBkWAlL6odTs,T000707,CIV-SUBBASE-LAY,Sub-base CH006-4,L00,L00-Z13,earthworks,pavement,36.0,m2,94,95,,,T000706
0N88UpFV5AreXQeUXoGcwe,T000708,GEN-SITE-CLEAR,Cut CH012-4,L00,L00-Z13,earthworks,mobilise,100.0,m2,0,1,,,
0N88UpFV5AreXQeUXoGcwe,T000709,CIV-EARTH-CUT,Cut CH012-4,L00,L00-Z13,earthworks,earthworks,36.0,m3,2,3,,,T000690;T000696;T000708;T000716;T000727;T000739;T000742;T000756;T000766;T000769;T000793
0O0siV5vLSM9kHj6s$mLlE,T000710,CIV-KERB-LAY,Kerb outer CH024,L00,L00-Z13,finishing,pavement,6.0,m,96,97,,,T000701;T000704;T000705;T000707;T000715;T000721;T000765;T000772;T000776;T000783;T000785;T000787
0VjL5pgtD1CXSSvloxJi3z,T000711,CIV-ASPHALT-WEAR,Wearing course CH000-4,L00,L00-Z13,paving,pavement,36.0,m2,97,98,,,T000696;T000789
0VjL5pgtD1CXSSvloxJi3z,T000712,CIV-MARKING-APPLY,Wearing course CH000-4,L00,L00-Z13,finishing,finishing,12.6,m,99,100,,,T000711
0VjL5pgtD1CXSSvloxJi3z,T000713,GEN-HANDOVER-DOC,Wearing course CH000-4,L00,L00-Z13,qa,handover,1.0,ea,106,107,,,T000694;T000712;T000723;T000731;T000734;T000737;T000747;T000750;T000760;T000779
0brAEIidhwQziyCuve8c5E,T000714,CIV-SUBGRADE-PREP,Sub-base CH000-5,L00,L00-Z13,earthworks,pavement,36.0,m2,93,94,,,T000338;T000767;T001368;T001380;T001387;T001393;T001413;T001425;T001431
0brAEIidhwQziyCuve8c5E,T000715,CIV-SUBBASE-LAY,Sub-base CH000-5,L00,L00-Z13,earthworks,pavement,36.0,m2,94,95,,,T000714
0g9UZ_RGyVyqOCCtjsqx6C,T000716,GEN-SITE-CLEAR,Cut CH006-5,L00,L00-Z13,earthworks,mobilise,100.0,m2,0,1,,,
0g9UZ_RGyVyqOCCtjsqx6C,T000717,CIV-EARTH-CUT,Cut CH006-5,L00,L00-Z13,earthworks,earthworks,36.4,m3,2,3,,,T000690;T000696;T000708;T000716;T000727;T000739;T000742;T000756;T000766;T000769;T000793
0hDLVMKgsxTpNNto3Pvsn0,T000718,CIV-BASE-LAY,Base course CH000-5,L00,L00-Z13,earthworks,pavement,36.0,m2,95,96,,,T000715
0hDLVMKgsxTpNNto3Pvsn0,T000719,CIV-ASPHALT-BASE,Base course CH000-5,L00,L00-Z13,paving,pavement,36.0,m2,97,98,,,T000703;T000718
0jQvdxXFBKc5RfIBVjo6cX,T000720,CIV-SUBGRADE-PREP,Sub-base CH012-4,L00,L00-Z13,earthworks,pavement,36.0,m2,93,94,,,T000338;T000709;T001368;T001380;T001387;T001393;T001413;T001425;T001431
0jQvdxXFBKc5RfIBVjo6cX,T000721,CIV-SUBBASE-LAY,Sub-base CH012-4,L00,L00-Z13,earthworks,pavement,36.0,m2,94,95,,,T000720
13MOP7V4w6kPZlxoF3Ul_v,T000722,CIV-ASPHALT-WEAR,Wearing course CH018-5,L00,L00-Z13,paving,pavement,36.0,m2,98,99,,,T000696;T000755
13MOP7V4w6kPZlxoF3Ul_v,T000723,CIV-MARKING-APPLY,Wearing course CH018-5,L00,L00-Z13,finishing,finishing,12.6,m,99,100,,,T000722
13MOP7V4w6kPZlxoF3Ul_v,T000724,GEN-HANDOVER-DOC,Wearing course CH018-5,L00,L00-Z13,qa,handover,1.0,ea,106,107,,,T000694;T000712;T000723;T000731;T000734;T000737;T000747;T000750;T000760;T000779
13pvVCxDHF17SGPplAX928,T000725,CIV-BASE-LAY,Base course CH012-4,L00,L00-Z13,earthworks,pavement,36.0,m2,95,96,,,T000721
13pvVCxDHF17SGPplAX928,T000726,CIV-ASPHALT-BASE,Base course CH012-4,L00,L00-Z13,paving,pavement,36.0,m2,96,97,,,T000725
1CmZwkKljQY9LVKxmYSf7T,T000727,GEN-SITE-CLEAR,Cut CH000-4,L00,L00-Z13,earthworks,mobilise,100.0,m2,0,1,,,
1CmZwkKljQY9LVKxmYSf7T,T000728,CIV-EARTH-CUT,Cut CH000-4,L00,L00-Z13,earthworks,earthworks,92.5,m3,2,3,,,T000690;T000696;T000708;T000716;T000727;T000739;T000742;T000756;T000766;T000769;T000793
1CmZwkKljQY9LVKxmYSf7T,T000729,CIV-COMPACT-TEST,Cut CH000-4,L00,L00-Z13,qa,earthworks,100.0,m2,3,4,,,T000728
1MUej3jIO$dM_4B7TS2z0g,T000730,CIV-ASPHALT-WEAR,Wearing course CH012-5,L00,L00-Z13,paving,pavement,36.0,m2,98,99,,,T000696;T000763
1MUej3jIO$dM_4B7TS2z0g,T000731,CIV-MARKING-APPLY,Wearing course CH012-5,L00,L00-Z13,finishing,finishing,12.6,m,99,100,,,T000730
1MUej3jIO$dM_4B7TS2z0g,T000732,GEN-HANDOVER-DOC,Wearing course CH012-5,L00,L00-Z13,qa,handover,1.0,ea,106,107,,,T000694;T000712;T000723;T000731;T000734;T000737;T000747;T000750;T000760;T000779
1QZ8DNkfPwEX_enoEijwMc,T000733,CIV-ASPHALT-WEAR,Wearing course CH000-5,L00,L00-Z13,paving,pavement,36.0,m2,98,99,,,T000696;T000719
1QZ8DNkfPwEX_enoEijwMc,T000734,CIV-MARKING-APPLY,Wearing course CH000-5,L00,L00-Z13,finishing,finishing,12.6,m,99,100,,,T000733
1QZ8DNkfPwEX_enoEijwMc,T000735,GEN-HANDOVER-DOC,Wearing course CH000-5,L00,L00-Z13,qa,handover,1.0,ea,106,107,,,T000694;T000712;T000723;T000731;T000734;T000737;T000747;T000750;T000760;T000779
1Xe8BnofZw1rErJICDCaiq,T000736,CIV-ASPHALT-WEAR,Wearing course CH018-4,L00,L00-Z13,paving,pavement,36.0,m2,97,98,,,T000696;T000792
1Xe8BnofZw1rErJICDCaiq,T000737,CIV-MARKING-APPLY,Wearing course CH018-4,L00,L00-Z13,finishing,finishing,12.6,m,99,100,,,T000736
1Xe8BnofZw1rErJICDCaiq,T000738,GEN-HANDOVER-DOC,Wearing course CH018-4,L00,L00-Z13,qa,handover,1.0,ea,106,107,,,T000694;T000712;T000723;T000731;T000734;T000737;T000747;T000750;T000760;T000779
1XsRPdpluvFVS8h2TS097T,T000739,GEN-SITE-CLEAR,Cut CH006-4,L00,L00-Z13,earthworks,mobilise,100.0,m2,0,1,,,
1XsRPdpluvFVS8h2TS097T,T000740,CIV-EARTH-CUT,Cut CH006-4,L00,L00-Z13,earthworks,earthworks,90.4,m3,2,3,,,T000690;T000696;T000708;T000716;T000727;T000739;T000742;T000756;T000766;T000769;T000793
1XsRPdpluvFVS8h2TS097T,T000741,CIV-COMPACT-TEST,Cut CH006-4,L00,L00-Z13,qa,earthworks,100.0,m2,3,4,,,T000740
1n$pVI0DsSMx6VFwHxeusv,T000742,GEN-SITE-CLEAR,Cut CH024-4,L00,L00-Z13,earthworks,mobilise,100.0,m2,0,1,,,
1n$pVI0DsSMx6VFwHxeusv,T000743,CIV-EARTH-CUT,Cut CH024-4,L00,L00-Z13,earthworks,earthworks,60.1,m3,2,3,,,T000690;T000696;T000708;T000716;T000727;T000739;T000742;T000756;T000766;T000769;T000793
1oOo6sGnMpeKtTCGFoXKfQ,T000744,CIV-GUARDRAIL-INSTALL,Safety barrier CH006,L00,L00-Z13,finishing,finishing,6.0,m,99,100,,,T000688;T000699;T000701;T000703;T000710;T000718;T000725;T000745;T000753;T000754;T000762;T000773;T000781;T000788;T000791
1rJetm3V9YFEq8gBkgYISZ,T000745,CIV-KERB-LAY,Kerb outer CH012,L00,L00-Z13,finishing,pavement,6.0,m,96,97,,,T000705;T000707;T000715;T000721;T000762;T000765;T000772;T000776;T000783;T000784;T000785;T000787
1uGBgF5x6Lto$3msMjRNZZ,T000746,CIV-ASPHALT-WEAR,Wearing course CH012-4,L00,L00-Z13,paving,pavement,36.0,m2,97,98,,,T000696;T000726
1uGBgF5x6Lto$3msMjRNZZ,T000747,CIV-MARKING-APPLY,Wearing course CH012-4,L00,L00-Z13,finishing,finishing,12.6,m,99,100,,,T000746
1uGBgF5x6Lto$3msMjRNZZ,T000748,GEN-HANDOVER-DOC,Wearing course CH012-4,L00,L00-Z13,qa,handover,1.0,ea,106,107,,,T000694;T000712;T000723;T000731;T000734;T000737;T000747;T000750;T000760;T000779
266D26ErumFWyJQ1crCYHr,T000749,CIV-ASPHALT-WEAR,Wearing course CH024-4,L00,L00-Z13,paving,pavement,36.0,m2,97,98,,,T000696;T000774
266D26ErumFWyJQ1crCYHr,T000750,CIV-MARKING-APPLY,Wearing course CH024-4,L00,L00-Z13,finishing,finishing,12.6,m,99,100,,,T000749
266D26ErumFWyJQ1crCYHr,T000751,GEN-HANDOVER-DOC,Wearing course CH024-4,L00,L00-Z13,qa,handover,1.0,ea,106,107,,,T000694;T000712;T000723;T000731;T000734;T000737;T000747;T000750;T000760;T000779
2AI2DEwFDIaXNB9$kQoC_2,T000752,CIV-GUARDRAIL-INSTALL,Safety barrier CH018,L00,L00-Z13,finishing,finishing,6.0,m,99,100,,,T000688;T000699;T000701;T000703;T000710;T000718;T000725;T000745;T000753;T000754;T000762;T000773;T000781;T000788;T000791
2Ls0Vc5buH_ejQC5U4OIcR,T000753,CIV-KERB-LAY,Kerb outer CH006,L00,L00-Z13,finishing,pavement,6.0,m,96,97,,,T000688;T000705;T000707;T000715;T000721;T000765;T000771;T000772;T000776;T000783;T000785;T000787
2_CTHcufYrBOuRq_l7K8dp,T000754,CIV-BASE-LAY,Base course CH018-5,L00,L00-Z13,earthworks,pavement,36.0,m2,95,96,,,T000765
2_CTHcufYrBOuRq_l7K8dp,T000755,CIV-ASPHALT-BASE,Base course CH018-5,L00,L00-Z13,paving,pavement,36.0,m2,97,98,,,T000754;T000781
2ipg3EXMX4DtietEnOW5t0,T000756,GEN-SITE-CLEAR,Cut CH018-5,L00,L00-Z13,earthworks,mobilise,100.0,m2,0,1,,,
2ipg3EXMX4DtietEnOW5t0,T000757,CIV-EARTH-CUT,Cut CH018-5,L00,L00-Z13,earthworks,earthworks,91.4,m3,2,3,,,T000690;T000696;T000708;T000716;T000727;T000739;T000742;T000756;T000766;T000769;T000793
2ipg3EXMX4DtietEnOW5t0,T000758,CIV-COMPACT-TEST,Cut CH018-5,L00,L00-Z13,qa,earthworks,100.0,m2,3,4,,,T000757
2lcHmHI81LuiRJquRBCHFn,T000759,CIV-ASPHALT-WEAR,Wearing course CH006-4,L00,L00-Z13,paving,pavement,36.0,m2,97,98,,,T000696;T000700
2lcHmHI81LuiRJquRBCHFn,T000760,CIV-MARKING-APPLY,Wearing course CH006-4,L00,L00-Z13,finishing,finishing,12.6,m,99,100,,,T000759
2lcHmHI81LuiRJquRBCHFn,T000761,GEN-HANDOVER-DOC,Wearing course CH006-4,L00,L00-Z13,qa,handover,1.0,ea,106,107,,,T000694;T000712;T000723;T000731;T000734;T000737;T000747;T000750;T000760;T000779
2nYN3eS3Z7yjTKCVUY7Snj,T000762,CIV-BASE-LAY,Base course CH012-5,L00,L00-Z13,earthworks,pavement,36.0,m2,95,96,,,T000785
2nYN3eS3Z7yjTKCVUY7Snj,T000763,CIV-ASPHALT-BASE,Base course CH012-5,L00,L00-Z13,paving,pavement,36.0,m2,97,98,,,T000745;T000762
2n_y4MZpIp4ogU6yYl2hcd,T000764,CIV-SUBGRADE-PREP,Sub-base CH018-5,L00,L00-Z13,earthworks,pavement,36.0,m2,93,94,,,T000338;T000757;T001368;T001380;T001387;T001393;T001413;T001425;T001431
2n_y4MZpIp4ogU6yYl2hcd,T000765,CIV-SUBBASE-LAY,Sub-base CH018-5,L00,L00-Z13,earthworks,pavement,36.0,m2,94,95,,,T000764
2pY8ReR$owIXHVXspkSH$B,T000766,GEN-SITE-CLEAR,Cut CH000-5,L00,L00-Z13,earthworks,mobilise,100.0,m2,0,1,,,
2pY8ReR$owIXHVXspkSH$B,T000767,CIV-EARTH-CUT,Cut CH000-5,L00,L00-Z13,earthworks,earthworks,82.8,m3,2,3,,,T000690;T000696;T000708;T000716;T000727;T000739;T000742;T000756;T000766;T000769;T000793
2pY8ReR$owIXHVXspkSH$B,T000768,CIV-COMPACT-TEST,Cut CH000-5,L00,L00-Z13,qa,earthworks,100.0,m2,3,4,,,T000767
2qVYKDm4ySPwidTS3OpgZ8,T000769,GEN-SITE-CLEAR,Cut CH018-4,L00,L00-Z13,earthworks,mobilise,100.0,m2,0,1,,,
2qVYKDm4ySPwidTS3OpgZ8,T000770,CIV-EARTH-CUT,Cut CH018-4,L00,L00-Z13,earthworks,earthworks,43.2,m3,2,3,,,T000690;T000696;T000708;T000716;T000727;T000739;T000742;T000756;T000766;T000769;T000793
2seHVZAVa3cQOob6U$nEU$,T000771,CIV-SUBGRADE-PREP,Sub-base CH006-5,L00,L00-Z13,earthworks,pavement,36.0,m2,93,94,,,T000338;T000717;T001368;T001380;T001387;T001393;T001413;T001425;T001431
2seHVZAVa3cQOob6U$nEU$,T000772,CIV-SUBBASE-LAY,Sub-base CH006-5,L00,L00-Z13,earthworks,pavement,36.0,m2,94,95,,,T000771
2whtHh_jOLp2TSGR2LFk4m,T000773,CIV-BASE-LAY,Base course CH024-4,L00,L00-Z13,earthworks,pavement,36.0,m2,95,96,,,T000776
2whtHh_jOLp2TSGR2LFk4m,T000774,CIV-ASPHALT-BASE,Base course CH024-4,L00,L00-Z13,paving,pavement,36.0,m2,96,97,,,T000773
304Pl1fO20VSidGDndL85c,T000775,CIV-SUBGRADE-PREP,Sub-base CH024-4,L00,L00-Z13,earthworks,pavement,36.0,m2,93,94,,,T000338;T000743;T001368;T001380;T001387;T001393;T001413;T001425;T001431
304Pl1fO20VSidGDndL85c,T000776,CIV-SUBBASE-LAY,Sub-base CH024-4,L00,L00-Z13,earthworks,pavement,36.0,m2,94,95,,,T000775
39_9QrmevKNc1M4Fhiz0KW,T000777,CIV-GUARDRAIL-INSTALL,Safety barrier CH024,L00,L00-Z13,finishing,finishing,6.0,m,99,100,,,T000688;T000699;T000701;T000703;T000710;T000718;T000725;T000745;T000753;T000754;T000762;T000773;T000781;T000788;T000791
3AJZAdAQJfo8dtU7VBtEw7,T000778,CIV-ASPHALT-WEAR,Wearing course CH006-5,L00,L00-Z13,paving,pavement,36.0,m2,98,99,,,T000689;T000696
3AJZAdAQJfo8dtU7VBtEw7,T000779,CIV-MARKING-APPLY,Wearing course CH006-5,L00,L00-Z13,finishing,finishing,12.6,m,99,100,,,T000778
3AJZAdAQJfo8dtU7VBtEw7,T000780,GEN-HANDOVER-DOC,Wearing course CH006-5,L00,L00-Z13,qa,handover,1.0,ea,107,108,,,T000694;T000712;T000723;T000731;T000734;T000737;T000747;T000750;T000760;T000779
3GX1JGImY6lVrwNujxaZsT,T000781,CIV-KERB-LAY,Kerb outer CH018,L00,L00-Z13,finishing,pavement,6.0,m,96,97,,,T000705;T000707;T000715;T000721;T000754;T000764;T000765;T000772;T000776;T000783;T000785;T000787
3HcfPzeMoeb_VfmZokEPN3,T000782,CIV-SUBGRADE-PREP,Sub-base CH000-4,L00,L00-Z13,earthworks,pavement,36.0,m2,93,94,,,T000338;T000728;T001368;T001380;T001387;T001393;T001413;T001425;T001431
3HcfPzeMoeb_VfmZokEPN3,T000783,CIV-SUBBASE-LAY,Sub-base CH000-4,L00,L00-Z13,earthworks,pavement,36.0,m2,94,95,,,T000782
3J4Vb$qz7BZnHrPV2mjz_i,T000784,CIV-SUBGRADE-PREP,Sub-base CH012-5,L00,L00-Z13,earthworks,pavement,36.0,m2,93,94,,,T000338;T000691;T001368;T001380;T001387;T001393;T001413;T001425;T001431
3J4Vb$qz7BZnHrPV2mjz_i,T000785,CIV-SUBBASE-LAY,Sub-base CH012-5,L00,L00-Z13,earthworks,pavement,36.0,m2,94,95,,,T000784
3NlmlNv5XuxXSY7JCAiqT7,T000786,CIV-SUBGRADE-PREP,Sub-base CH018-4,L00,L00-Z13,earthworks,pavement,36.0,m2,93,94,,,T000338;T000770;T001368;T001380;T001387;T001393;T001413;T001425;T001431
3NlmlNv5XuxXSY7JCAiqT7,T000787,CIV-SUBBASE-LAY,Sub-base CH018-4,L00,L00-Z13,earthworks,pavement,36.0,m2,94,95,,,T000786
3Qub8q$HcUWJsm9vzpr4kA,T000788,CIV-BASE-LAY,Base course CH000-4,L00,L00-Z13,earthworks,pavement,36.0,m2,95,96,,,T000783
3Qub8q$HcUWJsm9vzpr4kA,T000789,CIV-ASPHALT-BASE,Base course CH000-4,L00,L00-Z13,paving,pavement,36.0,m2,96,97,,,T000788
3o0lSaYXdrU0r413JlegLt,T000790,CIV-GUARDRAIL-INSTALL,Safety barrier CH000,L00,L00-Z13,finishing,finishing,6.0,m,99,100,,,T000688;T000699;T000701;T000703;T000710;T000718;T000725;T000745;T000753;T000754;T000762;T000773;T000781;T000788;T000791
3ryUycAo4IFvMLROG5sAtP,T000791,CIV-BASE-LAY,Base course CH018-4,L00,L00-Z13,earthworks,pavement,36.0,m2,95,96,,,T000787
3ryUycAo4IFvMLROG5sAtP,T000792,CIV-ASPHALT-BASE,Base course CH018-4,L00,L00-Z13,paving,pavement,36.0,m2,96,97,,,T000791
3vXVZ_UZu9aUYgeAHJTnJR,T000793,GEN-SITE-CLEAR,Cut CH024-5,L00,L00-Z13,earthworks,mobilise,100.0,m2,0,1,,,
3vXVZ_UZu9aUYgeAHJTnJR,T000794,CIV-EARTH-CUT,Cut CH024-5,L00,L00-Z13,earthworks,earthworks,87.5,m3,2,3,,,T000690;T000696;T000708;T000716;T000727;T000739;T000742;T000756;T000766;T000769;T000793
3vXVZ_UZu9aUYgeAHJTnJR,T000795,CIV-COMPACT-TEST,Cut CH024-5,L00,L00-Z13,qa,earthworks,100.0,m2,3,4,,,T000794
01WPuSlPObvM9NMFm5sZXG,T000796,CIV-ASPHALT-WEAR,Wearing course CH030-4,L00,L00-Z14,paving,pavement,36.0,m2,97,98,,,T000799;T000833
01WPuSlPObvM9NMFm5sZXG,T000797,CIV-MARKING-APPLY,Wearing course CH030-4,L00,L00-Z14,finishing,finishing,12.6,m,99,100,,,T000796
01WPuSlPObvM9NMFm5sZXG,T000798,GEN-HANDOVER-DOC,Wearing course CH030-4,L00,L00-Z14,qa,handover,1.0,ea,107,108,,,T000797;T000802;T000811;T000816;T000824;T000840;T000863;T000873;T000876;T000883
,T000799,GEN-SURVEY-SETOUT,Survey set-out of the work area · L00 zone 14,L00,L00-Z14,qa,mobilise,1.0,ea,1,2,,,
,T000800,GEN-SURVEY-ASBUILT,As-built survey and record · L00 zone 14,L00,L00-Z14,qa,finishing,1.0,ea,100,101,,,T000796;T000797;T000801;T000802;T000810;T000811;T000815;T000816;T000823;T000824;T000839;T000840;T000862;T000863;T000872;T000873;T000875;T000876;T000882;T000883
085GM4PD_OC4n_W6kS91Q_,T000801,CIV-ASPHALT-WEAR,Wearing course CH048-5,L00,L00-Z14,paving,pavement,36.0,m2,98,99,,,T000799;T000892
085GM4PD_OC4n_W6kS91Q_,T000802,CIV-MARKING-APPLY,Wearing course CH048-5,L00,L00-Z14,finishing,finishing,12.6,m,99,100,,,T000801
085GM4PD_OC4n_W6kS91Q_,T000803,GEN-HANDOVER-DOC,Wearing course CH048-5,L00,L00-Z14,qa,handover,1.0,ea,107,108,,,T000797;T000802;T000811;T000816;T000824;T000840;T000863;T000873;T000876;T000883
0I7Yo9yNOWm1FVnuV4PwCQ,T000804,CIV-SUBGRADE-PREP,Sub-base CH048-4,L00,L00-Z14,earthworks,pavement,36.0,m2,93,94,,,T000338;T000902;T001368;T001380;T001387;T001393;T001413;T001425;T001431
0I7Yo9yNOWm1FVnuV4PwCQ,T000805,CIV-SUBBASE-LAY,Sub-base CH048-4,L00,L00-Z14,earthworks,pavement,36.0,m2,94,95,,,T000804
0O32JRkER3fHSAGYZzPBib,T000806,CIV-GUARDRAIL-INSTALL,Safety barrier CH030,L00,L00-Z14,finishing,finishing,6.0,m,99,100,,,T000809;T000813;T000828;T000832;T000836;T000842;T000847;T000852;T000860;T000868;T000881;T000890;T000891;T000895;T000897
0YtfBEqskiOfi3dLiuIu5T,T000807,CIV-SUBGRADE-PREP,Sub-base CH054-4,L00,L00-Z14,earthworks,pavement,36.0,m2,93,94,,,T000338;T000886;T001368;T001380;T001387;T001393;T001413;T001425;T001431
0YtfBEqskiOfi3dLiuIu5T,T000808,CIV-SUBBASE-LAY,Sub-base CH054-4,L00,L00-Z14,earthworks,pavement,36.0,m2,94,95,,,T000807
0fRayZCtNW_kgcEC1Ggkkl,T000809,CIV-KERB-LAY,Kerb outer CH048,L00,L00-Z14,finishing,pavement,6.0,m,96,97,,,T000805;T000808;T000819;T000827;T000831;T000854;T000859;T000865;T000866;T000871;T000879;T000891
0lv_5bOfACL08QRsDQt9J3,T000810,CIV-ASPHALT-WEAR,Wearing course CH030-5,L00,L00-Z14,paving,pavement,36.0,m2,98,99,,,T000799;T000861
0lv_5bOfACL08QRsDQt9J3,T000811,CIV-MARKING-APPLY,Wearing course CH030-5,L00,L00-Z14,finishing,finishing,12.6,m,99,100,,,T000810
0lv_5bOfACL08QRsDQt9J3,T000812,GEN-HANDOVER-DOC,Wearing course CH030-5,L00,L00-Z14,qa,handover,1.0,ea,107,108,,,T000797;T000802;T000811;T000816;T000824;T000840;T000863;T000873;T000876;T000883
0oCK7RWyCvgXkkWi2qFiPM,T000813,CIV-BASE-LAY,Base course CH042-5,L00,L00-Z14,earthworks,pavement,36.0,m2,95,96,,,T000879
0oCK7RWyCvgXkkWi2qFiPM,T000814,CIV-ASPHALT-BASE,Base course CH042-5,L00,L00-Z14,paving,pavement,36.0,m2,97,98,,,T000813;T000881
12m5WL7aPY6x18nYkD2bnT,T000815,CIV-ASPHALT-WEAR,Wearing course CH054-4,L00,L00-Z14,paving,pavement,36.0,m2,97,98,,,T000799;T000837
12m5WL7aPY6x18nYkD2bnT,T000816,CIV-MARKING-APPLY,Wearing course CH054-4,L00,L00-Z14,finishing,finishing,12.6,m,99,100,,,T000815
12m5WL7aPY6x18nYkD2bnT,T000817,GEN-HANDOVER-DOC,Wearing course CH054-4,L00,L00-Z14,qa,handover,1.0,ea,107,108,,,T000797;T000802;T000811;T000816;T000824;T000840;T000863;T000873;T000876;T000883
15GKH5I7LXNp2aARvyzLSq,T000818,CIV-SUBGRADE-PREP,Sub-base CH036-5,L00,L00-Z14,earthworks,pavement,36.0,m2,93,94,,,T000338;T000850;T001368;T001380;T001387;T001393;T001413;T001425;T001431
15GKH5I7LXNp2aARvyzLSq,T000819,CIV-SUBBASE-LAY,Sub-base CH036-5,L00,L00-Z14,earthworks,pavement,36.0,m2,94,95,,,T000818
1EKdD3dmoP9VDcF5isl8h1,T000820,GEN-SITE-CLEAR,Cut CH030-5,L00,L00-Z14,earthworks,mobilise,100.0,m2,0,1,,,
1EKdD3dmoP9VDcF5isl8h1,T000821,CIV-EARTH-CUT,Cut CH030-5,L00,L00-Z14,earthworks,earthworks,79.2,m3,2,3,,,T000799;T000820;T000834;T000844;T000849;T000855;T000885;T000888;T000893;T000899;T000901
1EKdD3dmoP9VDcF5isl8h1,T000822,CIV-COMPACT-TEST,Cut CH030-5,L00,L00-Z14,qa,earthworks,100.0,m2,3,4,,,T000821
1HPHdHtIKe8FNeI3eqqcuZ,T000823,CIV-ASPHALT-WEAR,Wearing course CH054-5,L00,L00-Z14,paving,pavement,36.0,m2,98,99,,,T000799;T000848
1HPHdHtIKe8FNeI3eqqcuZ,T000824,CIV-MARKING-APPLY,Wearing course CH054-5,L00,L00-Z14,finishing,finishing,12.6,m,99,100,,,T000823
1HPHdHtIKe8FNeI3eqqcuZ,T000825,GEN-HANDOVER-DOC,Wearing course CH054-5,L00,L00-Z14,qa,handover,1.0,ea,107,108,,,T000797;T000802;T000811;T000816;T000824;T000840;T000863;T000873;T000876;T000883
1LHvKMIzj5S_T8XlT5Qkny,T000826,CIV-SUBGRADE-PREP,Sub-base CH036-4,L00,L00-Z14,earthworks,pavement,36.0,m2,93,94,,,T000338;T000835;T001368;T001380;T001387;T001393;T001413;T001425;T001431
1LHvKMIzj5S_T8XlT5Qkny,T000827,CIV-SUBBASE-LAY,Sub-base CH036-4,L00,L00-Z14,earthworks,pavement,36.0,m2,94,95,,,T000826
1NXLhw8TmnGD2PrJCMy4FB,T000828,CIV-BASE-LAY,Base course CH036-5,L00,L00-Z14,earthworks,pavement,36.0,m2,95,96,,,T000819
1NXLhw8TmnGD2PrJCMy4FB,T000829,CIV-ASPHALT-BASE,Base course CH036-5,L00,L00-Z14,paving,pavement,36.0,m2,97,98,,,T000828;T000897
1W0gxJ5Jf6c_j9eSN8KrpB,T000830,CIV-SUBGRADE-PREP,Sub-base CH030-5,L00,L00-Z14,earthworks,pavement,36.0,m2,93,94,,,T000338;T000821;T001368;T001380;T001387;T001393;T001413;T001425;T001431
1W0gxJ5Jf6c_j9eSN8KrpB,T000831,CIV-SUBBASE-LAY,Sub-base CH030-5,L00,L00-Z14,earthworks,pavement,36.0,m2,94,95,,,T000830
1YKaWI7bQ4jvDSnUa6mnre,T000832,CIV-BASE-LAY,Base course CH030-4,L00,L00-Z14,earthworks,pavement,36.0,m2,95,96,,,T000859
1YKaWI7bQ4jvDSnUa6mnre,T000833,CIV-ASPHALT-BASE,Base course CH030-4,L00,L00-Z14,paving,pavement,36.0,m2,96,97,,,T000832
1dlyisgjwYdWTFOeFNORzZ,T000834,GEN-SITE-CLEAR,Cut CH036-4,L00,L00-Z14,earthworks,mobilise,100.0,m2,0,1,,,
1dlyisgjwYdWTFOeFNORzZ,T000835,CIV-EARTH-CUT,Cut CH036-4,L00,L00-Z14,earthworks,earthworks,46.1,m3,2,3,,,T000799;T000820;T000834;T000844;T000849;T000855;T000885;T000888;T000893;T000899;T000901
1lJAE6VIa1hEdvy2gQRQXz,T000836,CIV-BASE-LAY,Base course CH054-4,L00,L00-Z14,earthworks,pavement,36.0,m2,95,96,,,T000808
1lJAE6VIa1hEdvy2gQRQXz,T000837,CIV-ASPHALT-BASE,Base course CH054-4,L00,L00-Z14,paving,pavement,36.0,m2,96,97,,,T000836
1llIeF1e1gRxfT8naRRDZ9,T000838,CIV-GUARDRAIL-INSTALL,Safety barrier CH048,L00,L00-Z14,finishing,finishing,6.0,m,99,100,,,T000809;T000813;T000828;T000832;T000836;T000842;T000847;T000852;T000860;T000868;T000881;T000890;T000891;T000895;T000897
1mCfkXNXUYyhkN$sQrlkpZ,T000839,CIV-ASPHALT-WEAR,Wearing course CH042-4,L00,L00-Z14,paving,pavement,36.0,m2,97,98,,,T000799;T000843
1mCfkXNXUYyhkN$sQrlkpZ,T000840,CIV-MARKING-APPLY,Wearing course CH042-4,L00,L00-Z14,finishing,finishing,12.6,m,99,100,,,T000839
1mCfkXNXUYyhkN$sQrlkpZ,T000841,GEN-HANDOVER-DOC,Wearing course CH042-4,L00,L00-Z14,qa,handover,1.0,ea,107,108,,,T000797;T000802;T000811;T000816;T000824;T000840;T000863;T000873;T000876;T000883
2$Z_NZoSG6sz4ioMwFwe11,T000842,CIV-BASE-LAY,Base course CH042-4,L00,L00-Z14,earthworks,pavement,36.0,m2,95,96,,,T000854
2$Z_NZoSG6sz4ioMwFwe11,T000843,CIV-ASPHALT-BASE,Base course CH042-4,L00,L00-Z14,paving,pavement,36.0,m2,96,97,,,T000842
22oZ16$aTjSOWHC5du4kGB,T000844,GEN-SITE-CLEAR,Cut CH054-5,L00,L00-Z14,earthworks,mobilise,100.0,m2,0,1,,,
22oZ16$aTjSOWHC5du4kGB,T000845,CIV-EARTH-CUT,Cut CH054-5,L00,L00-Z14,earthworks,earthworks,93.2,m3,2,3,,,T000799;T000820;T000834;T000844;T000849;T000855;T000885;T000888;T000893;T000899;T000901
22oZ16$aTjSOWHC5du4kGB,T000846,CIV-COMPACT-TEST,Cut CH054-5,L00,L00-Z14,qa,earthworks,100.0,m2,3,4,,,T000845
27Wn3ZSJhoHBmTrUJsdgvG,T000847,CIV-BASE-LAY,Base course CH054-5,L00,L00-Z14,earthworks,pavement,36.0,m2,95,96,,,T000871
27Wn3ZSJhoHBmTrUJsdgvG,T000848,CIV-ASPHALT-BASE,Base course CH054-5,L00,L00-Z14,paving,pavement,36.0,m2,97,98,,,T000847;T000890
2CObTkMc1GZ56bG_D1ayzu,T000849,GEN-SITE-CLEAR,Cut CH036-5,L00,L00-Z14,earthworks,mobilise,100.0,m2,0,1,,,
2CObTkMc1GZ56bG_D1ayzu,T000850,CIV-EARTH-CUT,Cut CH036-5,L00,L00-Z14,earthworks,earthworks,76.7,m3,2,3,,,T000799;T000820;T000834;T000844;T000849;T000855;T000885;T000888;T000893;T000899;T000901
2CObTkMc1GZ56bG_D1ayzu,T000851,CIV-COMPACT-TEST,Cut CH036-5,L00,L00-Z14,qa,earthworks,100.0,m2,3,4,,,T000850
2D0iNpj1Ct_PAJqF_0JWSy,T000852,CIV-KERB-LAY,Kerb outer CH030,L00,L00-Z14,finishing,pavement,6.0,m,96,97,,,T000805;T000808;T000819;T000827;T000830;T000831;T000854;T000859;T000860;T000866;T000871;T000879
2NO$PUUXQTPVjJDFA$05zl,T000853,CIV-SUBGRADE-PREP,Sub-base CH042-4,L00,L00-Z14,earthworks,pavement,36.0,m2,93,94,,,T000338;T000856;T001368;T001380;T001387;T001393;T001413;T001425;T001431
2NO$PUUXQTPVjJDFA$05zl,T000854,CIV-SUBBASE-LAY,Sub-base CH042-4,L00,L00-Z14,earthworks,pavement,36.0,m2,94,95,,,T000853
2PsESJYI97LdauFxcpY$uA,T000855,GEN-SITE-CLEAR,Cut CH042-4,L00,L00-Z14,earthworks,mobilise,100.0,m2,0,1,,,
2PsESJYI97LdauFxcpY$uA,T000856,CIV-EARTH-CUT,Cut CH042-4,L00,L00-Z14,earthworks,earthworks,74.5,m3,2,3,,,T000799;T000820;T000834;T000844;T000849;T000855;T000885;T000888;T000893;T000899;T000901
2PsESJYI97LdauFxcpY$uA,T000857,CIV-COMPACT-TEST,Cut CH042-4,L00,L00-Z14,qa,earthworks,100.0,m2,3,4,,,T000856
2RPQbiGMfEjzras1D3mI67,T000858,CIV-SUBGRADE-PREP,Sub-base CH030-4,L00,L00-Z14,earthworks,pavement,36.0,m2,93,94,,,T000338;T000889;T001368;T001380;T001387;T001393;T001413;T001425;T001431
2RPQbiGMfEjzras1D3mI67,T000859,CIV-SUBBASE-LAY,Sub-base CH030-4,L00,L00-Z14,earthworks,pavement,36.0,m2,94,95,,,T000858
2SRggkbRy1EivUV5fmEnWa,T000860,CIV-BASE-LAY,Base course CH030-5,L00,L00-Z14,earthworks,pavement,36.0,m2,95,96,,,T000831
2SRggkbRy1EivUV5fmEnWa,T000861,CIV-ASPHALT-BASE,Base course CH030-5,L00,L00-Z14,paving,pavement,36.0,m2,97,98,,,T000852;T000860
2jf_vAmaxILhrp9AKhTeeb,T000862,CIV-ASPHALT-WEAR,Wearing course CH042-5,L00,L00-Z14,paving,pavement,36.0,m2,98,99,,,T000799;T000814
2jf_vAmaxILhrp9AKhTeeb,T000863,CIV-MARKING-APPLY,Wearing course CH042-5,L00,L00-Z14,finishing,finishing,12.6,m,99,100,,,T000862
2jf_vAmaxILhrp9AKhTeeb,T000864,GEN-HANDOVER-DOC,Wearing course CH042-5,L00,L00-Z14,qa,handover,1.0,ea,107,108,,,T000797;T000802;T000811;T000816;T000824;T000840;T000863;T000873;T000876;T000883
2uO2mjHW5_ub_ONifxZK8J,T000865,CIV-SUBGRADE-PREP,Sub-base CH048-5,L00,L00-Z14,earthworks,pavement,36.0,m2,93,94,,,T000338;T000900;T001368;T001380;T001387;T001393;T001413;T001425;T001431
2uO2mjHW5_ub_ONifxZK8J,T000866,CIV-SUBBASE-LAY,Sub-base CH048-5,L00,L00-Z14,earthworks,pavement,36.0,m2,94,95,,,T000865
3$tpOWMPZoDdLQ_tvsYeDn,T000867,CIV-GUARDRAIL-INSTALL,Safety barrier CH036,L00,L00-Z14,finishing,finishing,6.0,m,99,100,,,T000809;T000813;T000828;T000832;T000836;T000842;T000847;T000852;T000860;T000868;T000881;T000890;T000891;T000895;T000897
355fDZXMmmk9WmSpji_z0H,T000868,CIV-BASE-LAY,Base course CH036-4,L00,L00-Z14,earthworks,pavement,36.0,m2,95,96,,,T000827
355fDZXMmmk9WmSpji_z0H,T000869,CIV-ASPHALT-BASE,Base course CH036-4,L00,L00-Z14,paving,pavement,36.0,m2,96,97,,,T000868
3Ce_BNPw25Vdg_oK2ijjcU,T000870,CIV-SUBGRADE-PREP,Sub-base CH054-5,L00,L00-Z14,earthworks,pavement,36.0,m2,93,94,,,T000338;T000845;T001368;T001380;T001387;T001393;T001413;T001425;T001431
3Ce_BNPw25Vdg_oK2ijjcU,T000871,CIV-SUBBASE-LAY,Sub-base CH054-5,L00,L00-Z14,earthworks,pavement,36.0,m2,94,95,,,T000870
3G0trl5sTzmiCsHWzTAaqW,T000872,CIV-ASPHALT-WEAR,Wearing course CH036-5,L00,L00-Z14,paving,pavement,36.0,m2,98,99,,,T000799;T000829
3G0trl5sTzmiCsHWzTAaqW,T000873,CIV-MARKING-APPLY,Wearing course CH036-5,L00,L00-Z14,finishing,finishing,12.6,m,99,100,,,T000872
3G0trl5sTzmiCsHWzTAaqW,T000874,GEN-HANDOVER-DOC,Wearing course CH036-5,L00,L00-Z14,qa,handover,1.0,ea,107,108,,,T000797;T000802;T000811;T000816;T000824;T000840;T000863;T000873;T000876;T000883
3LT9ZRJNKkFTrgEzzzQKq2,T000875,CIV-ASPHALT-WEAR,Wearing course CH036-4,L00,L00-Z14,paving,pavement,36.0,m2,97,98,,,T000799;T000869
3LT9ZRJNKkFTrgEzzzQKq2,T000876,CIV-MARKING-APPLY,Wearing course CH036-4,L00,L00-Z14,finishing,finishing,12.6,m,99,100,,,T000875
3LT9ZRJNKkFTrgEzzzQKq2,T000877,GEN-HANDOVER-DOC,Wearing course CH036-4,L00,L00-Z14,qa,handover,1.0,ea,107,108,,,T000797;T000802;T000811;T000816;T000824;T000840;T000863;T000873;T000876;T000883
3NGTCYUtmPIJy1Mr$He_cW,T000878,CIV-SUBGRADE-PREP,Sub-base CH042-5,L00,L00-Z14,earthworks,pavement,36.0,m2,93,94,,,T000338;T000894;T001368;T001380;T001387;T001393;T001413;T001425;T001431
3NGTCYUtmPIJy1Mr$He_cW,T000879,CIV-SUBBASE-LAY,Sub-base CH042-5,L00,L00-Z14,earthworks,pavement,36.0,m2,94,95,,,T000878
3Pjl8vL4Wqbjo3ENfsNjV9,T000880,CIV-GUARDRAIL-INSTALL,Safety barrier CH042,L00,L00-Z14,finishing,finishing,6.0,m,99,100,,,T000809;T000813;T000828;T000832;T000836;T000842;T000847;T000852;T000860;T000868;T000881;T000890;T000891;T000895;T000897
3PyDNOJTFGp4ZOIs2PB6mq,T000881,CIV-KERB-LAY,Kerb outer CH042,L00,L00-Z14,finishing,pavement,6.0,m,96,97,,,T000805;T000808;T000813;T000819;T000827;T000831;T000854;T000859;T000866;T000871;T000878;T000879
3V15yJlBVK$Bh77jJDG_Te,T000882,CIV-ASPHALT-WEAR,Wearing course CH048-4,L00,L00-Z14,paving,pavement,36.0,m2,97,98,,,T000799;T000896
3V15yJlBVK$Bh77jJDG_Te,T000883,CIV-MARKING-APPLY,Wearing course CH048-4,L00,L00-Z14,finishing,finishing,12.6,m,99,100,,,T000882
3V15yJlBVK$Bh77jJDG_Te,T000884,GEN-HANDOVER-DOC,Wearing course CH048-4,L00,L00-Z14,qa,handover,1.0,ea,107,108,,,T000797;T000802;T000811;T000816;T000824;T000840;T000863;T000873;T000876;T000883
3W1xaK9uicsWwcPnzDUmjb,T000885,GEN-SITE-CLEAR,Cut CH054-4,L00,L00-Z14,earthworks,mobilise,100.0,m2,0,1,,,
3W1xaK9uicsWwcPnzDUmjb,T000886,CIV-EARTH-CUT,Cut CH054-4,L00,L00-Z14,earthworks,earthworks,71.3,m3,2,3,,,T000799;T000820;T000834;T000844;T000849;T000855;T000885;T000888;T000893;T000899;T000901
3W1xaK9uicsWwcPnzDUmjb,T000887,CIV-COMPACT-TEST,Cut CH054-4,L00,L00-Z14,qa,earthworks,100.0,m2,3,4,,,T000886
3WAy26iS853VP2JUGyERxW,T000888,GEN-SITE-CLEAR,Cut CH030-4,L00,L00-Z14,earthworks,mobilise,100.0,m2,0,1,,,
3WAy26iS853VP2JUGyERxW,T000889,CIV-EARTH-CUT,Cut CH030-4,L00,L00-Z14,earthworks,earthworks,49.3,m3,2,3,,,T000799;T000820;T000834;T000844;T000849;T000855;T000885;T000888;T000893;T000899;T000901
3WikvFt8zr2LZGb57Oo$9L,T000890,CIV-KERB-LAY,Kerb outer CH054,L00,L00-Z14,finishing,pavement,6.0,m,96,97,,,T000805;T000808;T000819;T000827;T000831;T000847;T000854;T000859;T000866;T000870;T000871;T000879
3bXkw0mN2kUf8nO$JafqfE,T000891,CIV-BASE-LAY,Base course CH048-5,L00,L00-Z14,earthworks,pavement,36.0,m2,95,96,,,T000866
3bXkw0mN2kUf8nO$JafqfE,T000892,CIV-ASPHALT-BASE,Base course CH048-5,L00,L00-Z14,paving,pavement,36.0,m2,97,98,,,T000809;T000891
3fW3BT2Y5MyuZNt_Byiqgf,T000893,GEN-SITE-CLEAR,Cut CH042-5,L00,L00-Z14,earthworks,mobilise,100.0,m2,0,1,,,
3fW3BT2Y5MyuZNt_Byiqgf,T000894,CIV-EARTH-CUT,Cut CH042-5,L00,L00-Z14,earthworks,earthworks,69.1,m3,2,3,,,T000799;T000820;T000834;T000844;T000849;T000855;T000885;T000888;T000893;T000899;T000901
3ndfK5FWzcPk6REUtf1LZF,T000895,CIV-BASE-LAY,Base course CH048-4,L00,L00-Z14,earthworks,pavement,36.0,m2,95,96,,,T000805
3ndfK5FWzcPk6REUtf1LZF,T000896,CIV-ASPHALT-BASE,Base course CH048-4,L00,L00-Z14,paving,pavement,36.0,m2,96,97,,,T000895
3rg4KPzYFr_$GfpnGED2GJ,T000897,CIV-KERB-LAY,Kerb outer CH036,L00,L00-Z14,finishing,pavement,6.0,m,96,97,,,T000805;T000808;T000818;T000819;T000827;T000828;T000831;T000854;T000859;T000866;T000871;T000879
3teePP6$$5ZrFFvLfnU2a2,T000898,CIV-GUARDRAIL-INSTALL,Safety barrier CH054,L00,L00-Z14,finishing,finishing,6.0,m,99,100,,,T000809;T000813;T000828;T000832;T000836;T000842;T000847;T000852;T000860;T000868;T000881;T000890;T000891;T000895;T000897
3wfOUnTq5eymnJ$4GgCuCw,T000899,GEN-SITE-CLEAR,Cut CH048-5,L00,L00-Z14,earthworks,mobilise,100.0,m2,0,1,,,
3wfOUnTq5eymnJ$4GgCuCw,T000900,CIV-EARTH-CUT,Cut CH048-5,L00,L00-Z14,earthworks,earthworks,66.2,m3,2,3,,,T000799;T000820;T000834;T000844;T000849;T000855;T000885;T000888;T000893;T000899;T000901
3yVwInOH8ZrhY0ac_Jvzig,T000901,GEN-SITE-CLEAR,Cut CH048-4,L00,L00-Z14,earthworks,mobilise,100.0,m2,0,1,,,
3yVwInOH8ZrhY0ac_Jvzig,T000902,CIV-EARTH-CUT,Cut CH048-4,L00,L00-Z14,earthworks,earthworks,58.0,m3,2,3,,,T000799;T000820;T000834;T000844;T000849;T000855;T000885;T000888;T000893;T000899;T000901
04zlEzAIZxABVy9d6h1ywy,T000903,CIV-BASE-LAY,Base course CH066-5,L00,L00-Z15,earthworks,pavement,36.0,m2,95,96,,,T001004
04zlEzAIZxABVy9d6h1ywy,T000904,CIV-ASPHALT-BASE,Base course CH066-5,L00,L00-Z15,paving,pavement,36.0,m2,97,98,,,T000903;T000999
0Ej4oVMACGI$tZiwVw59fl,T000905,STR-BEAM-LIFT,Precast girder G2-4,L00,L00-Z15,erection,structures,1.0,ea,53,54,,,T000907;T000908;T000984;T001017;T001053;T001092
,T000906,GEN-PERMIT-WORK,"Permit to work · L00 group at 12,4",L00,L00-Z15,erection,mobilise,1.0,ea,0,1,,,
,T000907,GEN-LIFT-PLAN,"Prepare and approve lift plan · L00 group at 12,4",L00,L00-Z15,erection,mobilise,1.0,ea,1,2,,,T000906
,T000908,GEN-CRANE-MOBILISE,"Mobilise, assemble and load-test crane · L00 group at 12,4",L00,L00-Z15,erection,mobilise,1.0,ea,3,4,,,T000907
,T000909,GEN-SCAFFOLD-ERECT,"Erect access scaffold · L00 group at 12,4",L00,L00-Z15,erection,structures,1.0,ea,54,55,,,T000905;T000917;T000929;T000951;T000983
,T000910,GEN-SCAFFOLD-DISMANTLE,"Dismantle access scaffold · L00 group at 12,4",L00,L00-Z15,erection,structures,1.0,ea,55,56,,,T000909
,T000911,GEN-SURVEY-ASBUILT,"As-built survey and record · L00 group at 12,4",L00,L00-Z15,qa,finishing,1.0,ea,99,100,,,T000910;T000914;T000921;T000925;T000931;T000933;T000948;T000955;T000963;T000966;T000985;T000989;T000992;T000996;T001007;T001009;T001014;T001017;T001019
0HzJwgxq7ce2Qgj8JZ3hmL,T000912,CIV-BASE-LAY,Base course CH060-5,L00,L00-Z15,earthworks,pavement,36.0,m2,95,96,,,T000980
0HzJwgxq7ce2Qgj8JZ3hmL,T000913,CIV-ASPHALT-BASE,Base course CH060-5,L00,L00-Z15,paving,pavement,36.0,m2,97,98,,,T000912;T000972
0Pj$w1TPk4pCg8YA7vVVWN,T000914,CIV-ASPHALT-WEAR,Deck surfacing CH072-5,L00,L00-Z15,paving,pavement,36.0,m2,93,94,,,T000917;T000959;T001008
0Pj$w1TPk4pCg8YA7vVVWN,T000915,CIV-MARKING-APPLY,Deck surfacing CH072-5,L00,L00-Z15,finishing,finishing,12.6,m,99,100,,,T000914
0Pj$w1TPk4pCg8YA7vVVWN,T000916,GEN-HANDOVER-DOC,Deck surfacing CH072-5,L00,L00-Z15,qa,handover,1.0,ea,108,109,,,T000915;T000922;T000949;T000964;T000967;T000986;T000990;T000993;T001010;T001015
,T000917,GEN-SURVEY-SETOUT,Survey set-out of the work area · L00 zone 15,L00,L00-Z15,qa,mobilise,1.0,ea,2,3,,,
,T000918,GEN-SURVEY-ASBUILT,As-built survey and record · L00 zone 15,L00,L00-Z15,qa,finishing,1.0,ea,100,101,,,T000914;T000915;T000921;T000922;T000925;T000931;T000933;T000948;T000949;T000955;T000963;T000964;T000966;T000967;T000985;T000986;T000989;T000990;T000992;T000993;T000996;T001007;T001009;T001010;T001014;T001015;T001017;T001019
0cflm8s8byHFZgqQQ7DBza,T000919,CIV-BASE-LAY,Base course CH060-4,L00,L00-Z15,earthworks,pavement,36.0,m2,95,96,,,T000942
0cflm8s8byHFZgqQQ7DBza,T000920,CIV-ASPHALT-BASE,Base course CH060-4,L00,L00-Z15,paving,pavement,36.0,m2,96,97,,,T000919
0f_ag89BEKBxO9tZxvJg9N,T000921,CIV-ASPHALT-WEAR,Deck surfacing CH078-4,L00,L00-Z15,paving,pavement,36.0,m2,93,94,,,T000917;T000956
0f_ag89BEKBxO9tZxvJg9N,T000922,CIV-MARKING-APPLY,Deck surfacing CH078-4,L00,L00-Z15,finishing,finishing,12.6,m,99,100,,,T000921
0f_ag89BEKBxO9tZxvJg9N,T000923,GEN-HANDOVER-DOC,Deck surfacing CH078-4,L00,L00-Z15,qa,handover,1.0,ea,108,109,,,T000915;T000922;T000949;T000964;T000967;T000986;T000990;T000993;T001010;T001015
0g9w_VXhbugvXZ4HIa3Slk,T000924,STR-DECK-REBAR,Deck slab CH072-4,L00,L00-Z15,concrete,structures,1.8,t,76,77,,,T000983
0g9w_VXhbugvXZ4HIa3Slk,T000925,STR-DECK-POUR,Deck slab CH072-4,L00,L00-Z15,concrete,structures,9.0,m3,86,88,,,T000924
0g9w_VXhbugvXZ4HIa3Slk,T000926,STR-DECK-WATERPROOF,Deck slab CH072-4,L00,L00-Z15,concrete,structures,36.0,m2,91,93,,,T000925
0ioGz_qU3bYRq7fXeqousp,T000927,STR-ABUT-POUR,Abutment wall A1-4,L00,L00-Z15,concrete,structures,21.6,m3,45,48,,,T000982
0ioGz_qU3bYRq7fXeqousp,T000928,CIV-STRUCT-BACKFILL,Abutment wall A1-4,L00,L00-Z15,earthworks,structures,72.0,m3,48,49,,,T000927
0mAhcsp2NWAtEOXcV6lyRt,T000929,STR-BEAM-LIFT,Precast girder G2-5,L00,L00-Z15,erection,structures,1.0,ea,35,36,,,T000907;T000908;T000933;T000976;T001034;T001088
0pbnryxfHc09WdQ87qHIzK,T000930,STR-DECK-REBAR,Deck slab CH084-5,L00,L00-Z15,concrete,structures,1.8,t,66,67,,,T000929;T000951
0pbnryxfHc09WdQ87qHIzK,T000931,STR-DECK-POUR,Deck slab CH084-5,L00,L00-Z15,concrete,structures,9.0,m3,76,78,,,T000930
0pbnryxfHc09WdQ87qHIzK,T000932,STR-DECK-WATERPROOF,Deck slab CH084-5,L00,L00-Z15,concrete,structures,36.0,m2,89,91,,,T000931
0rXyCG4t3L9GnsjGpUbFhh,T000933,STR-PIER-POUR,Pier column P1-5,L00,L00-Z15,concrete,structures,13.1,m3,28,31,,,T000907;T000962
0tClG7gFqjs6adjDRJzSDi,T000934,CIV-EARTH-FILL,Fill CH066-5,L00,L00-Z15,earthworks,earthworks,52.9,m3,10,11,,,T000492;T000511;T000513;T000523;T000527;T000531;T000533;T000537;T000591;T000598;T000614;T000647;T000652;T000658;T000669;T000673;T000680;T000686;T000691;T000709;T000717;T000728;T000740;T000743;T000757;T000767;T000770;T000794;T000821;T000835;T000845;T000850;T000856;T000886;T000889;T000894;T000900;T000902;T001148;T001154;T001178;T001200;T001241;T001250;T001256;T001263;T001294;T001299;T001305;T001307;T001319;T001330;T001335;T001341;T001351;T001366;T001444;T001447;T001463;T001467;T001473;T001482;T001491;T001502;T001517;T001528;T001541;T001553;T001580;T001584;T001589;T001592;T001596;T001609;T001619;T001626
0tClG7gFqjs6adjDRJzSDi,T000935,CIV-COMPACT-TEST,Fill CH066-5,L00,L00-Z15,qa,earthworks,100.0,m2,11,12,,,T000934
0tcTAny2Zf5IVM1GJHy47Q,T000936,STR-PARAPET-INSTALL,Bridge parapet outer CH078,L00,L00-Z15,erection,structures,6.0,m,92,93,,,T000907;T000996;T000997
0tcTAny2Zf5IVM1GJHy47Q,T000937,GEN-HANDOVER-DOC,Bridge parapet outer CH078,L00,L00-Z15,qa,handover,1.0,ea,108,109,,,T000915;T000922;T000936;T000949;T000964;T000967;T000986;T000990;T000993;T001010;T001015
0uMdp8Dmf$7BRH0IJvbnvP,T000938,CIV-SUBGRADE-PREP,Sub-base CH066-4,L00,L00-Z15,earthworks,pavement,36.0,m2,93,94,,,T000338;T000928;T000934;T000943;T000974;T000977;T001000;T001368;T001380;T001387;T001393;T001413;T001425;T001431
0uMdp8Dmf$7BRH0IJvbnvP,T000939,CIV-SUBBASE-LAY,Sub-base CH066-4,L00,L00-Z15,earthworks,pavement,36.0,m2,94,95,,,T000938
0xaGp45h28yCrcZeipAe$6,T000940,CIV-GUARDRAIL-INSTALL,Safety barrier CH060,L00,L00-Z15,finishing,finishing,6.0,m,99,100,,,T000903;T000912;T000919;T000952;T000972;T000975;T000988;T000998;T000999
16NI7i4I4cgB6DrMKaMwk4,T000941,CIV-SUBGRADE-PREP,Sub-base CH060-4,L00,L00-Z15,earthworks,pavement,36.0,m2,93,94,,,T000338;T000928;T000934;T000943;T000974;T000977;T001000;T001368;T001380;T001387;T001393;T001413;T001425;T001431
16NI7i4I4cgB6DrMKaMwk4,T000942,CIV-SUBBASE-LAY,Sub-base CH060-4,L00,L00-Z15,earthworks,pavement,36.0,m2,94,95,,,T000941
1HnwlrJrC_qZ4lRuuUkClj,T000943,CIV-EARTH-FILL,Fill CH060-4,L00,L00-Z15,earthworks,earthworks,32.0,m3,10,11,,,T000492;T000511;T000513;T000523;T000527;T000531;T000533;T000537;T000591;T000598;T000614;T000647;T000652;T000658;T000669;T000673;T000680;T000686;T000691;T000709;T000717;T000728;T000740;T000743;T000757;T000767;T000770;T000794;T000821;T000835;T000845;T000850;T000856;T000886;T000889;T000894;T000900;T000902;T001148;T001154;T001178;T001200;T001241;T001250;T001256;T001263;T001294;T001299;T001305;T001307;T001319;T001330;T001335;T001341;T001351;T001366;T001444;T001447;T001463;T001467;T001473;T001482;T001491;T001502;T001517;T001528;T001541;T001553;T001580;T001584;T001589;T001592;T001596;T001609;T001619;T001626
1HnwlrJrC_qZ4lRuuUkClj,T000944,CIV-COMPACT-TEST,Fill CH060-4,L00,L00-Z15,qa,earthworks,100.0,m2,11,12,,,T000943
1Ly1erMJy80dOPCwgC7xK8,T000945,STR-BEARING-SET,Elastomeric bearing S1-5,L00,L00-Z15,erection,structures,1.0,ea,33,34,,,T000907;T000973
1PW_uaSPKtOB3CQ4H0kq9h,T000946,GEN-SETOUT,Bored pile A1-4,L00,L00-Z15,qa,mobilise,1.0,ea,2,3,,,
1PW_uaSPKtOB3CQ4H0kq9h,T000947,CIV-PILE-DRIVE,Bored pile A1-4,L00,L00-Z15,piling,structures,1.0,ea,13,14,,,T000917;T000946
1QdNC35Gi8feTQPcKsYTRj,T000948,CIV-ASPHALT-WEAR,Deck surfacing CH078-5,L00,L00-Z15,paving,pavement,36.0,m2,93,94,,,T000917;T000936;T000997
1QdNC35Gi8feTQPcKsYTRj,T000949,CIV-MARKING-APPLY,Deck surfacing CH078-5,L00,L00-Z15,finishing,finishing,12.6,m,99,100,,,T000948
1QdNC35Gi8feTQPcKsYTRj,T000950,GEN-HANDOVER-DOC,Deck surfacing CH078-5,L00,L00-Z15,qa,handover,1.0,ea,108,109,,,T000915;T000922;T000949;T000964;T000967;T000986;T000990;T000993;T001010;T001015
1adnz4XrMKoDxAiCp1KeGn,T000951,STR-BEAM-LIFT,Precast girder G1-5,L00,L00-Z15,erection,structures,1.0,ea,34,35,,,T000907;T000908;T000933;T000945;T000973;T000976
1ecctiB1pGb7l60jEa3Uto,T000952,CIV-BASE-LAY,Base course CH066-4,L00,L00-Z15,earthworks,pavement,36.0,m2,95,96,,,T000939
1ecctiB1pGb7l60jEa3Uto,T000953,CIV-ASPHALT-BASE,Base course CH066-4,L00,L00-Z15,paving,pavement,36.0,m2,96,97,,,T000952
1fxTwkgPXW2HFqso_67l2t,T000954,STR-DECK-REBAR,Deck slab CH078-4,L00,L00-Z15,concrete,structures,1.8,t,77,78,,,T000983
1fxTwkgPXW2HFqso_67l2t,T000955,STR-DECK-POUR,Deck slab CH078-4,L00,L00-Z15,concrete,structures,9.0,m3,86,88,,,T000954
1fxTwkgPXW2HFqso_67l2t,T000956,STR-DECK-WATERPROOF,Deck slab CH078-4,L00,L00-Z15,concrete,structures,36.0,m2,91,93,,,T000955
1g7HQg7U$94i9rAzGY5D4$,T000957,GEN-SETOUT,Bored pile P2-3,L00,L00-Z15,qa,mobilise,1.0,ea,2,3,,,
1g7HQg7U$94i9rAzGY5D4$,T000958,CIV-PILE-DRIVE,Bored pile P2-3,L00,L00-Z15,piling,structures,1.0,ea,12,13,,,T000917;T000957
1gzacXVhZduEN_0ey$KM8t,T000959,STR-PARAPET-INSTALL,Bridge parapet outer CH072,L00,L00-Z15,erection,structures,6.0,m,92,93,,,T000907;T001007;T001008
1gzacXVhZduEN_0ey$KM8t,T000960,GEN-HANDOVER-DOC,Bridge parapet outer CH072,L00,L00-Z15,qa,handover,1.0,ea,108,109,,,T000915;T000922;T000949;T000959;T000964;T000967;T000986;T000990;T000993;T001010;T001015
1itzcT273Pm2z6nmGtsHEu,T000961,GEN-SETOUT,Bored pile P2-4,L00,L00-Z15,qa,mobilise,1.0,ea,2,3,,,
1itzcT273Pm2z6nmGtsHEu,T000962,CIV-PILE-DRIVE,Bored pile P2-4,L00,L00-Z15,piling,structures,1.0,ea,13,14,,,T000917;T000961
1oKroOVi9SZHpFJQuIZf1F,T000963,CIV-ASPHALT-WEAR,Deck surfacing CH084-5,L00,L00-Z15,paving,pavement,36.0,m2,93,94,,,T000917;T000932;T000969
1oKroOVi9SZHpFJQuIZf1F,T000964,CIV-MARKING-APPLY,Deck surfacing CH084-5,L00,L00-Z15,finishing,finishing,12.6,m,99,100,,,T000963
1oKroOVi9SZHpFJQuIZf1F,T000965,GEN-HANDOVER-DOC,Deck surfacing CH084-5,L00,L00-Z15,qa,handover,1.0,ea,108,109,,,T000915;T000922;T000949;T000964;T000967;T000986;T000990;T000993;T001010;T001015
1oOIS2PjJ6kTLlKCLSJsPZ,T000966,CIV-ASPHALT-WEAR,Deck surfacing CH084-4,L00,L00-Z15,paving,pavement,36.0,m2,93,94,,,T000917;T001020
1oOIS2PjJ6kTLlKCLSJsPZ,T000967,CIV-MARKING-APPLY,Deck surfacing CH084-4,L00,L00-Z15,finishing,finishing,12.6,m,99,100,,,T000966
1oOIS2PjJ6kTLlKCLSJsPZ,T000968,GEN-HANDOVER-DOC,Deck surfacing CH084-4,L00,L00-Z15,qa,handover,1.0,ea,108,109,,,T000915;T000922;T000949;T000964;T000967;T000986;T000990;T000993;T001010;T001015
1tYD_mm5DCCFUkro5iuw4p,T000969,STR-PARAPET-INSTALL,Bridge parapet outer CH084,L00,L00-Z15,erection,structures,6.0,m,91,92,,,T000907;T000931;T000932
1tYD_mm5DCCFUkro5iuw4p,T000970,GEN-HANDOVER-DOC,Bridge parapet outer CH084,L00,L00-Z15,qa,handover,1.0,ea,108,109,,,T000915;T000922;T000949;T000964;T000967;T000969;T000986;T000990;T000993;T001010;T001015
25E6c9XgmYLHwFGeIqvFUz,T000971,CIV-GUARDRAIL-INSTALL,Safety barrier CH072,L00,L00-Z15,finishing,finishing,6.0,m,99,100,,,T000903;T000912;T000919;T000952;T000972;T000975;T000988;T000998;T000999
25IZHY6VQE0ilfAXHqbf71,T000972,CIV-KERB-LAY,Kerb outer CH060,L00,L00-Z15,finishing,pavement,6.0,m,96,97,,,T000912;T000939;T000942;T000979;T000980;T001004
26Y_Sh5dvqSLQEgG22mBgj,T000973,STR-ABUT-POUR,Abutment wall A1-5,L00,L00-Z15,concrete,structures,21.6,m3,30,33,,,T000947
26Y_Sh5dvqSLQEgG22mBgj,T000974,CIV-STRUCT-BACKFILL,Abutment wall A1-5,L00,L00-Z15,earthworks,structures,72.0,m3,33,34,,,T000973
2CuhNODTRddeyDcQJfKOoL,T000975,CIV-KERB-LAY,Bridge kerb outer CH072,L00,L00-Z15,finishing,pavement,6.0,m,95,96,,,T000939;T000942;T000980;T001004
2M3kxisROmlM1PukO0dgCl,T000976,STR-BEARING-SET,Elastomeric bearing S2-5,L00,L00-Z15,erection,structures,1.0,ea,31,32,,,T000907;T000933
2OFwBR26gVGQ8QRTgI0ZIG,T000977,CIV-EARTH-FILL,Fill CH060-5,L00,L00-Z15,earthworks,earthworks,30.6,m3,10,11,,,T000492;T000511;T000513;T000523;T000527;T000531;T000533;T000537;T000591;T000598;T000614;T000647;T000652;T000658;T000669;T000673;T000680;T000686;T000691;T000709;T000717;T000728;T000740;T000743;T000757;T000767;T000770;T000794;T000821;T000835;T000845;T000850;T000856;T000886;T000889;T000894;T000900;T000902;T001148;T001154;T001178;T001200;T001241;T001250;T001256;T001263;T001294;T001299;T001305;T001307;T001319;T001330;T001335;T001341;T001351;T001366;T001444;T001447;T001463;T001467;T001473;T001482;T001491;T001502;T001517;T001528;T001541;T001553;T001580;T001584;T001589;T001592;T001596;T001609;T001619;T001626
2OFwBR26gVGQ8QRTgI0ZIG,T000978,CIV-COMPACT-TEST,Fill CH060-5,L00,L00-Z15,qa,earthworks,100.0,m2,11,12,,,T000977
2R1PaW8dcf0Egho3MOghzy,T000979,CIV-SUBGRADE-PREP,Sub-base CH060-5,L00,L00-Z15,earthworks,pavement,36.0,m2,93,94,,,T000338;T000928;T000934;T000943;T000974;T000977;T001000;T001368;T001380;T001387;T001393;T001413;T001425;T001431
2R1PaW8dcf0Egho3MOghzy,T000980,CIV-SUBBASE-LAY,Sub-base CH060-5,L00,L00-Z15,earthworks,pavement,36.0,m2,94,95,,,T000979
2TUDMnr87WE49ul3MfDvmH,T000981,GEN-SETOUT,Bored pile A1-3,L00,L00-Z15,qa,mobilise,1.0,ea,2,3,,,
2TUDMnr87WE49ul3MfDvmH,T000982,CIV-PILE-DRIVE,Bored pile A1-3,L00,L00-Z15,piling,structures,1.0,ea,14,15,,,T000917;T000981
2_3SMUlkh0o9TH$O5RctBh,T000983,STR-BEAM-LIFT,Precast girder G1-4,L00,L00-Z15,erection,structures,1.0,ea,50,51,,,T000907;T000908;T000927;T000984;T001005;T001017
2cFUomnyjdeARLZItu_WFt,T000984,STR-BEARING-SET,Elastomeric bearing S2-4,L00,L00-Z15,erection,structures,1.0,ea,49,50,,,T000907;T001017
2dKdyubJGIbnWT3RcI1Xkp,T000985,CIV-ASPHALT-WEAR,Deck surfacing CH072-4,L00,L00-Z15,paving,pavement,36.0,m2,93,94,,,T000917;T000926
2dKdyubJGIbnWT3RcI1Xkp,T000986,CIV-MARKING-APPLY,Deck surfacing CH072-4,L00,L00-Z15,finishing,finishing,12.6,m,99,100,,,T000985
2dKdyubJGIbnWT3RcI1Xkp,T000987,GEN-HANDOVER-DOC,Deck surfacing CH072-4,L00,L00-Z15,qa,handover,1.0,ea,108,109,,,T000915;T000922;T000949;T000964;T000967;T000986;T000990;T000993;T001010;T001015
2lrKrMMJNkEK3$QdplXf33,T000988,CIV-KERB-LAY,Bridge kerb outer CH078,L00,L00-Z15,finishing,pavement,6.0,m,95,96,,,T000939;T000942;T000980;T001004
2mpmtRMyHOnkrJaGH192I_,T000989,CIV-ASPHALT-WEAR,Wearing course CH066-4,L00,L00-Z15,paving,pavement,36.0,m2,97,98,,,T000917;T000953
2mpmtRMyHOnkrJaGH192I_,T000990,CIV-MARKING-APPLY,Wearing course CH066-4,L00,L00-Z15,finishing,finishing,12.6,m,99,100,,,T000989
2mpmtRMyHOnkrJaGH192I_,T000991,GEN-HANDOVER-DOC,Wearing course CH066-4,L00,L00-Z15,qa,handover,1.0,ea,108,109,,,T000915;T000922;T000949;T000964;T000967;T000986;T000990;T000993;T001010;T001015
2rjbbL4cX7yL6b3a_AG9ZW,T000992,CIV-ASPHALT-WEAR,Wearing course CH066-5,L00,L00-Z15,paving,pavement,36.0,m2,98,99,,,T000904;T000917
2rjbbL4cX7yL6b3a_AG9ZW,T000993,CIV-MARKING-APPLY,Wearing course CH066-5,L00,L00-Z15,finishing,finishing,12.6,m,99,100,,,T000992
2rjbbL4cX7yL6b3a_AG9ZW,T000994,GEN-HANDOVER-DOC,Wearing course CH066-5,L00,L00-Z15,qa,handover,1.0,ea,108,109,,,T000915;T000922;T000949;T000964;T000967;T000986;T000990;T000993;T001010;T001015
2wt2pb0n21SfsJXSfwPjJO,T000995,STR-DECK-REBAR,Deck slab CH078-5,L00,L00-Z15,concrete,structures,1.8,t,67,68,,,T000951
2wt2pb0n21SfsJXSfwPjJO,T000996,STR-DECK-POUR,Deck slab CH078-5,L00,L00-Z15,concrete,structures,9.0,m3,77,79,,,T000995
2wt2pb0n21SfsJXSfwPjJO,T000997,STR-DECK-WATERPROOF,Deck slab CH078-5,L00,L00-Z15,concrete,structures,36.0,m2,90,92,,,T000996
33RN3gCbq3wWjijVZv6fwX,T000998,CIV-KERB-LAY,Bridge kerb outer CH084,L00,L00-Z15,finishing,pavement,6.0,m,95,96,,,T000939;T000942;T000980;T001004
3B$NwNMO_Na2dKMoO8I9sV,T000999,CIV-KERB-LAY,Kerb outer CH066,L00,L00-Z15,finishing,pavement,6.0,m,96,97,,,T000903;T000939;T000942;T000980;T001003;T001004
3CERtvTqhwprCeseWlJy8B,T001000,CIV-EARTH-FILL,Fill CH066-4,L00,L00-Z15,earthworks,earthworks,43.2,m3,10,11,,,T000492;T000511;T000513;T000523;T000527;T000531;T000533;T000537;T000591;T000598;T000614;T000647;T000652;T000658;T000669;T000673;T000680;T000686;T000691;T000709;T000717;T000728;T000740;T000743;T000757;T000767;T000770;T000794;T000821;T000835;T000845;T000850;T000856;T000886;T000889;T000894;T000900;T000902;T001148;T001154;T001178;T001200;T001241;T001250;T001256;T001263;T001294;T001299;T001305;T001307;T001319;T001330;T001335;T001341;T001351;T001366;T001444;T001447;T001463;T001467;T001473;T001482;T001491;T001502;T001517;T001528;T001541;T001553;T001580;T001584;T001589;T001592;T001596;T001609;T001619;T001626
3CERtvTqhwprCeseWlJy8B,T001001,CIV-COMPACT-TEST,Fill CH066-4,L00,L00-Z15,qa,earthworks,100.0,m2,11,12,,,T001000
3DhQedwJDGSknvPpO8ZsLd,T001002,CIV-GUARDRAIL-INSTALL,Safety barrier CH084,L00,L00-Z15,finishing,finishing,6.0,m,99,100,,,T000903;T000912;T000919;T000952;T000972;T000975;T000988;T000998;T000999
3HAHrwsNwsvnjSNs0$UYqk,T001003,CIV-SUBGRADE-PREP,Sub-base CH066-5,L00,L00-Z15,earthworks,pavement,36.0,m2,93,94,,,T000338;T000928;T000934;T000943;T000974;T000977;T001000;T001368;T001380;T001387;T001393;T001413;T001425;T001431
3HAHrwsNwsvnjSNs0$UYqk,T001004,CIV-SUBBASE-LAY,Sub-base CH066-5,L00,L00-Z15,earthworks,pavement,36.0,m2,94,95,,,T001003
3Hrp1bFtbYflLIbQlWyxQg,T001005,STR-BEARING-SET,Elastomeric bearing S1-4,L00,L00-Z15,erection,structures,1.0,ea,48,49,,,T000907;T000927
3LiJelm_LzMzm18hSdQSJZ,T001006,STR-DECK-REBAR,Deck slab CH072-5,L00,L00-Z15,concrete,structures,1.8,t,68,69,,,T000951
3LiJelm_LzMzm18hSdQSJZ,T001007,STR-DECK-POUR,Deck slab CH072-5,L00,L00-Z15,concrete,structures,9.0,m3,77,79,,,T001006
3LiJelm_LzMzm18hSdQSJZ,T001008,STR-DECK-WATERPROOF,Deck slab CH072-5,L00,L00-Z15,concrete,structures,36.0,m2,90,92,,,T001007
3NEde4YqB$UlvcRcMEl4PB,T001009,CIV-ASPHALT-WEAR,Wearing course CH060-5,L00,L00-Z15,paving,pavement,36.0,m2,98,99,,,T000913;T000917
3NEde4YqB$UlvcRcMEl4PB,T001010,CIV-MARKING-APPLY,Wearing course CH060-5,L00,L00-Z15,finishing,finishing,12.6,m,99,100,,,T001009
3NEde4YqB$UlvcRcMEl4PB,T001011,GEN-HANDOVER-DOC,Wearing course CH060-5,L00,L00-Z15,qa,handover,1.0,ea,109,110,,,T000915;T000922;T000949;T000964;T000967;T000986;T000990;T000993;T001010;T001015
3ZfzSBXbAjVQ99$7R1RxnO,T001012,CIV-GUARDRAIL-INSTALL,Safety barrier CH078,L00,L00-Z15,finishing,finishing,6.0,m,99,100,,,T000903;T000912;T000919;T000952;T000972;T000975;T000988;T000998;T000999
3cw$FlD3S61HDftSLBOl06,T001013,CIV-GUARDRAIL-INSTALL,Safety barrier CH066,L00,L00-Z15,finishing,finishing,6.0,m,99,100,,,T000903;T000912;T000919;T000952;T000972;T000975;T000988;T000998;T000999
3eXjG$$$NTbO0F3xFQrq5g,T001014,CIV-ASPHALT-WEAR,Wearing course CH060-4,L00,L00-Z15,paving,pavement,36.0,m2,97,98,,,T000917;T000920
3eXjG$$$NTbO0F3xFQrq5g,T001015,CIV-MARKING-APPLY,Wearing course CH060-4,L00,L00-Z15,finishing,finishing,12.6,m,99,100,,,T001014
3eXjG$$$NTbO0F3xFQrq5g,T001016,GEN-HANDOVER-DOC,Wearing course CH060-4,L00,L00-Z15,qa,handover,1.0,ea,109,110,,,T000915;T000922;T000949;T000964;T000967;T000986;T000990;T000993;T001010;T001015
3rTGVqHXaheFAqrI$PNw1L,T001017,STR-PIER-POUR,Pier column P1-4,L00,L00-Z15,concrete,structures,13.1,m3,46,49,,,T000907;T000958;T001730
3wChX8ks3GCTwEFbGidvtA,T001018,STR-DECK-REBAR,Deck slab CH084-4,L00,L00-Z15,concrete,structures,1.8,t,78,79,,,T000905;T000983
3wChX8ks3GCTwEFbGidvtA,T001019,STR-DECK-POUR,Deck slab CH084-4,L00,L00-Z15,concrete,structures,9.0,m3,87,89,,,T001018
3wChX8ks3GCTwEFbGidvtA,T001020,STR-DECK-WATERPROOF,Deck slab CH084-4,L00,L00-Z15,concrete,structures,36.0,m2,91,93,,,T001019
0$4YZncA7Zn$2mnu5SQmNt,T001021,GEN-SETOUT,Bored pile P3-4,L00,L00-Z16,qa,mobilise,1.0,ea,2,3,,,
0$4YZncA7Zn$2mnu5SQmNt,T001022,CIV-PILE-DRIVE,Bored pile P3-4,L00,L00-Z16,piling,structures,1.0,ea,13,14,,,T001021;T001046
0$PG4yzDET4nNA8UtluIu5,T001023,STR-DECK-REBAR,Deck slab CH096-4,L00,L00-Z16,concrete,structures,1.8,t,79,80,,,T000905;T001065
0$PG4yzDET4nNA8UtluIu5,T001024,STR-DECK-POUR,Deck slab CH096-4,L00,L00-Z16,concrete,structures,9.0,m3,87,89,,,T001023
0$PG4yzDET4nNA8UtluIu5,T001025,STR-DECK-WATERPROOF,Deck slab CH096-4,L00,L00-Z16,concrete,structures,36.0,m2,92,94,,,T001024
07G$88HJDKUBkjhAqh8$p7,T001026,STR-DECK-REBAR,Deck slab CH108-5,L00,L00-Z16,concrete,structures,1.8,t,68,69,,,T001035
07G$88HJDKUBkjhAqh8$p7,T001027,STR-DECK-POUR,Deck slab CH108-5,L00,L00-Z16,concrete,structures,9.0,m3,79,81,,,T001026
07G$88HJDKUBkjhAqh8$p7,T001028,STR-DECK-WATERPROOF,Deck slab CH108-5,L00,L00-Z16,concrete,structures,36.0,m2,90,92,,,T001027
07HPANBB0tTQ6AnfOyP$Ny,T001029,STR-DECK-REBAR,Deck slab CH102-5,L00,L00-Z16,concrete,structures,1.8,t,69,70,,,T001035
07HPANBB0tTQ6AnfOyP$Ny,T001030,STR-DECK-POUR,Deck slab CH102-5,L00,L00-Z16,concrete,structures,9.0,m3,79,81,,,T001029
07HPANBB0tTQ6AnfOyP$Ny,T001031,STR-DECK-WATERPROOF,Deck slab CH102-5,L00,L00-Z16,concrete,structures,36.0,m2,90,92,,,T001030
0IxDEU2wNY3yvjXFAjtRJo,T001032,CIV-GUARDRAIL-INSTALL,Safety barrier CH090,L00,L00-Z16,finishing,finishing,6.0,m,100,101,,,T001048;T001052;T001068;T001097;T001099;T001117;T001121
0L1jy0_VyE52bTLICCcgv_,T001033,CIV-GUARDRAIL-INSTALL,Safety barrier CH114,L00,L00-Z16,finishing,finishing,6.0,m,100,101,,,T001048;T001052;T001068;T001097;T001099;T001117;T001121
0NBNe2L1RlwAVdOGd6maMZ,T001034,STR-BEARING-SET,Elastomeric bearing S3-5,L00,L00-Z16,erection,structures,1.0,ea,34,35,,,T001037;T001088
0bMKpqjRrZekDeoSp$xavK,T001035,STR-BEAM-LIFT,Precast girder G3-5,L00,L00-Z16,erection,structures,1.0,ea,37,38,,,T001034;T001037;T001038;T001088;T001105;T001123
,T001036,GEN-PERMIT-WORK,"Permit to work · L00 group at 16,4",L00,L00-Z16,erection,mobilise,1.0,ea,0,1,,,
,T001037,GEN-LIFT-PLAN,"Prepare and approve lift plan · L00 group at 16,4",L00,L00-Z16,erection,mobilise,1.0,ea,1,2,,,T001036
,T001038,GEN-CRANE-MOBILISE,"Mobilise, assemble and load-test crane · L00 group at 16,4",L00,L00-Z16,erection,mobilise,1.0,ea,4,5,,,T001037
,T001039,GEN-SCAFFOLD-ERECT,"Erect access scaffold · L00 group at 16,4",L00,L00-Z16,erection,structures,1.0,ea,54,55,,,T001035;T001046;T001065
,T001040,GEN-SCAFFOLD-DISMANTLE,"Dismantle access scaffold · L00 group at 16,4",L00,L00-Z16,erection,structures,1.0,ea,55,56,,,T001039
,T001041,GEN-SURVEY-ASBUILT,"As-built survey and record · L00 group at 16,4",L00,L00-Z16,qa,finishing,1.0,ea,100,101,,,T001024;T001027;T001030;T001040;T001043;T001058;T001069;T001073;T001076;T001080;T001082;T001085;T001088;T001090;T001092;T001100;T001110;T001113;T001118;T001125;T001128
0fDj1KryghCNjdKxN2uwtp,T001042,STR-BEARING-SET,Elastomeric bearing S4-4,L00,L00-Z16,erection,structures,1.0,ea,51,52,,,T001037;T001061
0v7izI8j8ZW3_tHoRvdcgT,T001043,CIV-ASPHALT-WEAR,Deck surfacing CH090-4,L00,L00-Z16,paving,pavement,36.0,m2,94,95,,,T001046;T001081
0v7izI8j8ZW3_tHoRvdcgT,T001044,CIV-MARKING-APPLY,Deck surfacing CH090-4,L00,L00-Z16,finishing,finishing,12.6,m,100,101,,,T001043
0v7izI8j8ZW3_tHoRvdcgT,T001045,GEN-HANDOVER-DOC,Deck surfacing CH090-4,L00,L00-Z16,qa,handover,1.0,ea,109,110,,,T001044;T001059;T001070;T001077;T001083;T001086;T001101;T001119;T001126;T001129
,T001046,GEN-SURVEY-SETOUT,Survey set-out of the work area · L00 zone 16,L00,L00-Z16,qa,mobilise,1.0,ea,2,3,,,
,T001047,GEN-SURVEY-ASBUILT,As-built survey and record · L00 zone 16,L00,L00-Z16,qa,finishing,1.0,ea,101,102,,,T001024;T001027;T001030;T001043;T001044;T001058;T001059;T001069;T001070;T001073;T001076;T001077;T001080;T001082;T001083;T001085;T001086;T001088;T001090;T001092;T001100;T001101;T001110;T001113;T001118;T001119;T001125;T001126;T001128;T001129
1$nfwoL_zaV9D0361Z0cum,T001048,CIV-KERB-LAY,Bridge kerb outer CH108,L00,L00-Z16,finishing,pavement,6.0,m,97,98,,,T001104;T001116
1E5nDQPcRckx6TWR3d1RNg,T001049,STR-PARAPET-INSTALL,Bridge parapet outer CH108,L00,L00-Z16,erection,structures,6.0,m,92,93,,,T001027;T001028;T001037
1E5nDQPcRckx6TWR3d1RNg,T001050,GEN-HANDOVER-DOC,Bridge parapet outer CH108,L00,L00-Z16,qa,handover,1.0,ea,109,110,,,T001044;T001049;T001059;T001070;T001077;T001083;T001086;T001101;T001119;T001126;T001129
1E64YU8CZSpooCSY$QLQia,T001051,CIV-GUARDRAIL-INSTALL,Safety barrier CH102,L00,L00-Z16,finishing,finishing,6.0,m,100,101,,,T001048;T001052;T001068;T001097;T001099;T001117;T001121
1HzuKdgzJV7YF25DbDrI0S,T001052,CIV-KERB-LAY,Kerb outer CH114,L00,L00-Z16,finishing,pavement,6.0,m,97,98,,,T001104;T001115;T001116;T001121
1IYAMu5ZPqM0dZiFhxBxBE,T001053,STR-BEARING-SET,Elastomeric bearing S3-4,L00,L00-Z16,erection,structures,1.0,ea,52,53,,,T001037;T001092
1JhwnvE8hVkIU_Op5j7zCB,T001054,STR-PARAPET-INSTALL,Bridge parapet outer CH090,L00,L00-Z16,erection,structures,6.0,m,92,93,,,T001037;T001113;T001114
1JhwnvE8hVkIU_Op5j7zCB,T001055,GEN-HANDOVER-DOC,Bridge parapet outer CH090,L00,L00-Z16,qa,handover,1.0,ea,109,110,,,T001044;T001054;T001059;T001070;T001077;T001083;T001086;T001101;T001119;T001126;T001129
1MI6TE4Nue5T7XW2j5UiD9,T001056,GEN-SETOUT,Bored pile A4-4,L00,L00-Z16,qa,mobilise,1.0,ea,2,3,,,
1MI6TE4Nue5T7XW2j5UiD9,T001057,CIV-PILE-DRIVE,Bored pile A4-4,L00,L00-Z16,piling,structures,1.0,ea,13,14,,,T001046;T001056
1Qe51JhWMixP7omJb8SNOg,T001058,CIV-ASPHALT-WEAR,Deck surfacing CH096-4,L00,L00-Z16,paving,pavement,36.0,m2,94,95,,,T001025;T001046
1Qe51JhWMixP7omJb8SNOg,T001059,CIV-MARKING-APPLY,Deck surfacing CH096-4,L00,L00-Z16,finishing,finishing,12.6,m,100,101,,,T001058
1Qe51JhWMixP7omJb8SNOg,T001060,GEN-HANDOVER-DOC,Deck surfacing CH096-4,L00,L00-Z16,qa,handover,1.0,ea,109,110,,,T001044;T001059;T001070;T001077;T001083;T001086;T001101;T001119;T001126;T001129
1dfs2cZwPCXymbsBSqZzaV,T001061,STR-ABUT-POUR,Abutment wall A2-4,L00,L00-Z16,concrete,structures,21.6,m3,48,51,,,T001108
1dfs2cZwPCXymbsBSqZzaV,T001062,CIV-STRUCT-BACKFILL,Abutment wall A2-4,L00,L00-Z16,earthworks,structures,72.0,m3,51,52,,,T001061
1j9o5t2w9esprbEp2fLwkB,T001063,CIV-EARTH-FILL,Fill CH114-5,L00,L00-Z16,earthworks,earthworks,44.3,m3,10,11,,,T000492;T000511;T000513;T000523;T000527;T000531;T000533;T000537;T000591;T000598;T000614;T000647;T000652;T000658;T000669;T000673;T000680;T000686;T000691;T000709;T000717;T000728;T000740;T000743;T000757;T000767;T000770;T000794;T000821;T000835;T000845;T000850;T000856;T000886;T000889;T000894;T000900;T000902;T001148;T001154;T001178;T001200;T001241;T001250;T001256;T001263;T001294;T001299;T001305;T001307;T001319;T001330;T001335;T001341;T001351;T001366;T001444;T001447;T001463;T001467;T001473;T001482;T001491;T001502;T001517;T001528;T001541;T001553;T001580;T001584;T001589;T001592;T001596;T001609;T001619;T001626
1j9o5t2w9esprbEp2fLwkB,T001064,CIV-COMPACT-TEST,Fill CH114-5,L00,L00-Z16,qa,earthworks,100.0,m2,11,12,,,T001063
1lcbevx3JLjtr2a_UmGmFC,T001065,STR-BEAM-LIFT,Precast girder G3-4,L00,L00-Z16,erection,structures,1.0,ea,53,54,,,T001037;T001038;T001042;T001053;T001061;T001092
1oIyDvcq6PRhKntNu3QnMY,T001066,STR-PARAPET-INSTALL,Bridge parapet outer CH096,L00,L00-Z16,erection,structures,6.0,m,92,93,,,T001037;T001110;T001111
1oIyDvcq6PRhKntNu3QnMY,T001067,GEN-HANDOVER-DOC,Bridge parapet outer CH096,L00,L00-Z16,qa,handover,1.0,ea,109,110,,,T001044;T001059;T001066;T001070;T001077;T001083;T001086;T001101;T001119;T001126;T001129
1pPJqexVG_e4C8A216gBej,T001068,CIV-KERB-LAY,Bridge kerb outer CH096,L00,L00-Z16,finishing,pavement,6.0,m,97,98,,,T001104;T001116
1uV5HCmK2_A00MBaryGQIY,T001069,CIV-ASPHALT-WEAR,Wearing course CH114-5,L00,L00-Z16,paving,pavement,36.0,m2,99,100,,,T001046;T001122
1uV5HCmK2_A00MBaryGQIY,T001070,CIV-MARKING-APPLY,Wearing course CH114-5,L00,L00-Z16,finishing,finishing,12.6,m,100,101,,,T001069
1uV5HCmK2_A00MBaryGQIY,T001071,GEN-HANDOVER-DOC,Wearing course CH114-5,L00,L00-Z16,qa,handover,1.0,ea,109,110,,,T001044;T001059;T001070;T001077;T001083;T001086;T001101;T001119;T001126;T001129
1ymn4YmgksqhGiXO_aYAvA,T001072,STR-DECK-REBAR,Deck slab CH102-4,L00,L00-Z16,concrete,structures,1.8,t,80,81,,,T001065
1ymn4YmgksqhGiXO_aYAvA,T001073,STR-DECK-POUR,Deck slab CH102-4,L00,L00-Z16,concrete,structures,9.0,m3,87,89,,,T001072
1ymn4YmgksqhGiXO_aYAvA,T001074,STR-DECK-WATERPROOF,Deck slab CH102-4,L00,L00-Z16,concrete,structures,36.0,m2,92,94,,,T001073
20CNzdULe8LNgwI1ysg2MX,T001075,CIV-GUARDRAIL-INSTALL,Safety barrier CH108,L00,L00-Z16,finishing,finishing,6.0,m,100,101,,,T001048;T001052;T001068;T001097;T001099;T001117;T001121
27uN0AMPXIOF9ONfTKobqa,T001076,CIV-ASPHALT-WEAR,Deck surfacing CH102-5,L00,L00-Z16,paving,pavement,36.0,m2,94,95,,,T001031;T001046;T001131
27uN0AMPXIOF9ONfTKobqa,T001077,CIV-MARKING-APPLY,Deck surfacing CH102-5,L00,L00-Z16,finishing,finishing,12.6,m,100,101,,,T001076
27uN0AMPXIOF9ONfTKobqa,T001078,GEN-HANDOVER-DOC,Deck surfacing CH102-5,L00,L00-Z16,qa,handover,1.0,ea,109,110,,,T001044;T001059;T001070;T001077;T001083;T001086;T001101;T001119;T001126;T001129
29HfVGCyeDTiSxY6wu$t8L,T001079,STR-DECK-REBAR,Deck slab CH090-4,L00,L00-Z16,concrete,structures,1.8,t,81,82,,,T000905
29HfVGCyeDTiSxY6wu$t8L,T001080,STR-DECK-POUR,Deck slab CH090-4,L00,L00-Z16,concrete,structures,9.0,m3,87,89,,,T001079
29HfVGCyeDTiSxY6wu$t8L,T001081,STR-DECK-WATERPROOF,Deck slab CH090-4,L00,L00-Z16,concrete,structures,36.0,m2,92,94,,,T001080
2E2GDV9Ml8JUB911h9JwgD,T001082,CIV-ASPHALT-WEAR,Deck surfacing CH102-4,L00,L00-Z16,paving,pavement,36.0,m2,94,95,,,T001046;T001074
2E2GDV9Ml8JUB911h9JwgD,T001083,CIV-MARKING-APPLY,Deck surfacing CH102-4,L00,L00-Z16,finishing,finishing,12.6,m,100,101,,,T001082
2E2GDV9Ml8JUB911h9JwgD,T001084,GEN-HANDOVER-DOC,Deck surfacing CH102-4,L00,L00-Z16,qa,handover,1.0,ea,109,110,,,T001044;T001059;T001070;T001077;T001083;T001086;T001101;T001119;T001126;T001129
2KGf2F6fzlIem3tfoMf4af,T001085,CIV-ASPHALT-WEAR,Deck surfacing CH108-4,L00,L00-Z16,paving,pavement,36.0,m2,94,95,,,T001046;T001091
2KGf2F6fzlIem3tfoMf4af,T001086,CIV-MARKING-APPLY,Deck surfacing CH108-4,L00,L00-Z16,finishing,finishing,12.6,m,100,101,,,T001085
2KGf2F6fzlIem3tfoMf4af,T001087,GEN-HANDOVER-DOC,Deck surfacing CH108-4,L00,L00-Z16,qa,handover,1.0,ea,109,110,,,T001044;T001059;T001070;T001077;T001083;T001086;T001101;T001119;T001126;T001129
2KgZw9e4tCeO41VHmSPXyJ,T001088,STR-PIER-POUR,Pier column P2-5,L00,L00-Z16,concrete,structures,13.1,m3,31,34,,,T001022;T001037
2QIb33rAlxIvmKueDZwZPw,T001089,STR-DECK-REBAR,Deck slab CH108-4,L00,L00-Z16,concrete,structures,1.8,t,81,82,,,T001065
2QIb33rAlxIvmKueDZwZPw,T001090,STR-DECK-POUR,Deck slab CH108-4,L00,L00-Z16,concrete,structures,9.0,m3,88,90,,,T001089
2QIb33rAlxIvmKueDZwZPw,T001091,STR-DECK-WATERPROOF,Deck slab CH108-4,L00,L00-Z16,concrete,structures,36.0,m2,92,94,,,T001090
2QasuGwbEFut$XBHZEjAS9,T001092,STR-PIER-POUR,Pier column P2-4,L00,L00-Z16,concrete,structures,13.1,m3,49,52,,,T000351;T001037;T001096
2_d5So70QcRHWbfF0$tMGm,T001093,CIV-EARTH-FILL,Fill CH114-4,L00,L00-Z16,earthworks,earthworks,41.0,m3,10,11,,,T000492;T000511;T000513;T000523;T000527;T000531;T000533;T000537;T000591;T000598;T000614;T000647;T000652;T000658;T000669;T000673;T000680;T000686;T000691;T000709;T000717;T000728;T000740;T000743;T000757;T000767;T000770;T000794;T000821;T000835;T000845;T000850;T000856;T000886;T000889;T000894;T000900;T000902;T001148;T001154;T001178;T001200;T001241;T001250;T001256;T001263;T001294;T001299;T001305;T001307;T001319;T001330;T001335;T001341;T001351;T001366;T001444;T001447;T001463;T001467;T001473;T001482;T001491;T001502;T001517;T001528;T001541;T001553;T001580;T001584;T001589;T001592;T001596;T001609;T001619;T001626
2_d5So70QcRHWbfF0$tMGm,T001094,CIV-COMPACT-TEST,Fill CH114-4,L00,L00-Z16,qa,earthworks,100.0,m2,11,12,,,T001093
2eD6iq_ZAQHTdQFlI4UuwE,T001095,GEN-SETOUT,Bored pile P3-3,L00,L00-Z16,qa,mobilise,1.0,ea,2,3,,,
2eD6iq_ZAQHTdQFlI4UuwE,T001096,CIV-PILE-DRIVE,Bored pile P3-3,L00,L00-Z16,piling,structures,1.0,ea,12,13,,,T001046;T001095
2gcp7BkhAwbPM5nOcnDj_A,T001097,CIV-BASE-LAY,Base course CH114-4,L00,L00-Z16,earthworks,pavement,36.0,m2,96,97,,,T001104
2gcp7BkhAwbPM5nOcnDj_A,T001098,CIV-ASPHALT-BASE,Base course CH114-4,L00,L00-Z16,paving,pavement,36.0,m2,97,98,,,T001097
2oPafHvPbsptmA_3_Dfznd,T001099,CIV-KERB-LAY,Bridge kerb outer CH090,L00,L00-Z16,finishing,pavement,6.0,m,97,98,,,T001104;T001116
307nFS492ynanvU_WiwzJw,T001100,CIV-ASPHALT-WEAR,Deck surfacing CH096-5,L00,L00-Z16,paving,pavement,36.0,m2,94,95,,,T001046;T001066;T001111
307nFS492ynanvU_WiwzJw,T001101,CIV-MARKING-APPLY,Deck surfacing CH096-5,L00,L00-Z16,finishing,finishing,12.6,m,100,101,,,T001100
307nFS492ynanvU_WiwzJw,T001102,GEN-HANDOVER-DOC,Deck surfacing CH096-5,L00,L00-Z16,qa,handover,1.0,ea,110,111,,,T001044;T001059;T001070;T001077;T001083;T001086;T001101;T001119;T001126;T001129
32$J04nYJgo0_ztp8S0nzF,T001103,CIV-SUBGRADE-PREP,Sub-base CH114-4,L00,L00-Z16,earthworks,pavement,36.0,m2,94,95,,,T000338;T001062;T001063;T001093;T001106;T001368;T001380;T001387;T001393;T001413;T001425;T001431
32$J04nYJgo0_ztp8S0nzF,T001104,CIV-SUBBASE-LAY,Sub-base CH114-4,L00,L00-Z16,earthworks,pavement,36.0,m2,95,96,,,T001103
32$olDvS3oTvlzDdgIACLQ,T001105,STR-ABUT-POUR,Abutment wall A2-5,L00,L00-Z16,concrete,structures,21.6,m3,33,36,,,T001057
32$olDvS3oTvlzDdgIACLQ,T001106,CIV-STRUCT-BACKFILL,Abutment wall A2-5,L00,L00-Z16,earthworks,structures,72.0,m3,36,37,,,T001105
32u1x4jzRq7AZe8uNXZX$G,T001107,GEN-SETOUT,Bored pile A4-3,L00,L00-Z16,qa,mobilise,1.0,ea,2,3,,,
32u1x4jzRq7AZe8uNXZX$G,T001108,CIV-PILE-DRIVE,Bored pile A4-3,L00,L00-Z16,piling,structures,1.0,ea,14,15,,,T001046;T001107
33u8VaKIe7E8q2Lfl4IDT0,T001109,STR-DECK-REBAR,Deck slab CH096-5,L00,L00-Z16,concrete,structures,1.8,t,69,70,,,T000929;T001035
33u8VaKIe7E8q2Lfl4IDT0,T001110,STR-DECK-POUR,Deck slab CH096-5,L00,L00-Z16,concrete,structures,9.0,m3,82,84,,,T001109
33u8VaKIe7E8q2Lfl4IDT0,T001111,STR-DECK-WATERPROOF,Deck slab CH096-5,L00,L00-Z16,concrete,structures,36.0,m2,90,92,,,T001110
3Ie06jF98qKOVMN3$FgBCp,T001112,STR-DECK-REBAR,Deck slab CH090-5,L00,L00-Z16,concrete,structures,1.8,t,70,71,,,T000929
3Ie06jF98qKOVMN3$FgBCp,T001113,STR-DECK-POUR,Deck slab CH090-5,L00,L00-Z16,concrete,structures,9.0,m3,82,84,,,T001112
3Ie06jF98qKOVMN3$FgBCp,T001114,STR-DECK-WATERPROOF,Deck slab CH090-5,L00,L00-Z16,concrete,structures,36.0,m2,90,92,,,T001113
3JT94I_2y5VG1M6dCwL8DE,T001115,CIV-SUBGRADE-PREP,Sub-base CH114-5,L00,L00-Z16,earthworks,pavement,36.0,m2,94,95,,,T000338;T001062;T001063;T001093;T001106;T001368;T001380;T001387;T001393;T001413;T001425;T001431
3JT94I_2y5VG1M6dCwL8DE,T001116,CIV-SUBBASE-LAY,Sub-base CH114-5,L00,L00-Z16,earthworks,pavement,36.0,m2,95,96,,,T001115
3JYhP2$oKcZTO_$ttK_7jD,T001117,CIV-KERB-LAY,Bridge kerb outer CH102,L00,L00-Z16,finishing,pavement,6.0,m,97,98,,,T001104;T001116
3OH4O3U_n8d$v24h7h5pFR,T001118,CIV-ASPHALT-WEAR,Wearing course CH114-4,L00,L00-Z16,paving,pavement,36.0,m2,98,99,,,T001046;T001098
3OH4O3U_n8d$v24h7h5pFR,T001119,CIV-MARKING-APPLY,Wearing course CH114-4,L00,L00-Z16,finishing,finishing,12.6,m,100,101,,,T001118
3OH4O3U_n8d$v24h7h5pFR,T001120,GEN-HANDOVER-DOC,Wearing course CH114-4,L00,L00-Z16,qa,handover,1.0,ea,110,111,,,T001044;T001059;T001070;T001077;T001083;T001086;T001101;T001119;T001126;T001129
3S8PshpfFHfR5Mg8FZIrLl,T001121,CIV-BASE-LAY,Base course CH114-5,L00,L00-Z16,earthworks,pavement,36.0,m2,96,97,,,T001116
3S8PshpfFHfR5Mg8FZIrLl,T001122,CIV-ASPHALT-BASE,Base course CH114-5,L00,L00-Z16,paving,pavement,36.0,m2,98,99,,,T001052;T001121
3VWlhzpc5TDrsYp3KLcPHG,T001123,STR-BEARING-SET,Elastomeric bearing S4-5,L00,L00-Z16,erection,structures,1.0,ea,36,37,,,T001037;T001105
3g6uYlC6msObOpMZ$tD6VE,T001124,CIV-GUARDRAIL-INSTALL,Safety barrier CH096,L00,L00-Z16,finishing,finishing,6.0,m,100,101,,,T001048;T001052;T001068;T001097;T001099;T001117;T001121
3oJBQvKEXTU736Sz55STJH,T001125,CIV-ASPHALT-WEAR,Deck surfacing CH108-5,L00,L00-Z16,paving,pavement,36.0,m2,94,95,,,T001028;T001046;T001049
3oJBQvKEXTU736Sz55STJH,T001126,CIV-MARKING-APPLY,Deck surfacing CH108-5,L00,L00-Z16,finishing,finishing,12.6,m,100,101,,,T001125
3oJBQvKEXTU736Sz55STJH,T001127,GEN-HANDOVER-DOC,Deck surfacing CH108-5,L00,L00-Z16,qa,handover,1.0,ea,110,111,,,T001044;T001059;T001070;T001077;T001083;T001086;T001101;T001119;T001126;T001129
3qmyHhNCdjMtW$BNXpPTiA,T001128,CIV-ASPHALT-WEAR,Deck surfacing CH090-5,L00,L00-Z16,paving,pavement,36.0,m2,94,95,,,T001046;T001054;T001114
3qmyHhNCdjMtW$BNXpPTiA,T001129,CIV-MARKING-APPLY,Deck surfacing CH090-5,L00,L00-Z16,finishing,finishing,12.6,m,100,101,,,T001128
3qmyHhNCdjMtW$BNXpPTiA,T001130,GEN-HANDOVER-DOC,Deck surfacing CH090-5,L00,L00-Z16,qa,handover,1.0,ea,110,111,,,T001044;T001059;T001070;T001077;T001083;T001086;T001101;T001119;T001126;T001129
3vJInr3HemJpk1tMJNRC2o,T001131,STR-PARAPET-INSTALL,Bridge parapet outer CH102,L00,L00-Z16,erection,structures,6.0,m,92,93,,,T001030;T001031;T001037
3vJInr3HemJpk1tMJNRC2o,T001132,GEN-HANDOVER-DOC,Bridge parapet outer CH102,L00,L00-Z16,qa,handover,1.0,ea,110,111,,,T001044;T001059;T001070;T001077;T001083;T001086;T001101;T001119;T001126;T001129;T001131
0IZijKU8C1ROaL0CRykNuD,T001133,CIV-BASE-LAY,Base course CH126-5,L00,L00-Z17,earthworks,pavement,36.0,m2,95,96,,,T001165
0IZijKU8C1ROaL0CRykNuD,T001134,CIV-ASPHALT-BASE,Base course CH126-5,L00,L00-Z17,paving,pavement,36.0,m2,98,99,,,T001133;T001251
0JMsgNsJcaiDY$lX90JIeI,T001135,CIV-KERB-LAY,Kerb outer CH120,L00,L00-Z17,finishing,pavement,6.0,m,96,97,,,T001156;T001157;T001165;T001169;T001174;T001176;T001181;T001222;T001223;T001229;T001231;T001239
0QaNLYR0Nr9V$Cg3aFolDf,T001136,CIV-BASE-LAY,Base course CH138-5,L00,L00-Z17,earthworks,pavement,36.0,m2,95,96,,,T001174
0QaNLYR0Nr9V$Cg3aFolDf,T001137,CIV-ASPHALT-BASE,Base course CH138-5,L00,L00-Z17,paving,pavement,36.0,m2,97,98,,,T001136;T001163
0WLTg_EflooSiqDSwJO0D$,T001138,STR-WALL-POUR,Culvert headwall outlet,L00,L00-Z17,concrete,structures,7.0,m3,34,36,,,T001143;T001211;T001256
0WLTg_EflooSiqDSwJO0D$,T001139,CIV-STRUCT-BACKFILL,Culvert headwall outlet,L00,L00-Z17,earthworks,structures,30.0,m3,68,69,,,T001138;T001144
,T001140,GEN-SURVEY-SETOUT,"Survey set-out of the work area · L00 group at 24,5",L00,L00-Z17,qa,mobilise,1.0,ea,0,1,,,
,T001141,GEN-UTIL-LOCATE,"Locate and mark buried utilities · L00 group at 24,5",L00,L00-Z17,utilities,mobilise,1.0,ea,1,2,,,T001140
,T001142,GEN-TW-CHECK,"Temporary works design check and permit to load · L00 group at 24,5",L00,L00-Z17,erection,mobilise,1.0,ea,2,3,,,T001141
,T001143,GEN-SHORING-INSTALL,"Install trench or pit shoring · L00 group at 24,5",L00,L00-Z17,utilities,utilities,1.0,ea,3,4,,,T001140;T001141;T001142;T001161;T001213;T001214
,T001144,GEN-CURING-WATCH,"Concrete curing watch (time driven) · L00 group at 24,5",L00,L00-Z17,concrete,structures,1.0,ea,61,68,,,T001138;T001140;T001161;T001213
,T001145,GEN-SHORING-REMOVE,"Remove trench or pit shoring · L00 group at 24,5",L00,L00-Z17,utilities,structures,1.0,ea,69,70,,,T001139;T001143;T001216
,T001146,GEN-SURVEY-ASBUILT,"As-built survey and record · L00 group at 24,5",L00,L00-Z17,qa,finishing,1.0,ea,100,101,,,T001145;T001158;T001170;T001182;T001185;T001192;T001195;T001206;T001232;T001252;T001257
0XXvRa_PFH9vMuBei8bcKM,T001147,GEN-SITE-CLEAR,Cut CH138-4,L00,L00-Z17,earthworks,mobilise,100.0,m2,0,1,,,
0XXvRa_PFH9vMuBei8bcKM,T001148,CIV-EARTH-CUT,Cut CH138-4,L00,L00-Z17,earthworks,earthworks,88.2,m3,5,6,,,T001140;T001141;T001147;T001153;T001161;T001177;T001199;T001213;T001214;T001217;T001240;T001249;T001255;T001262
0XXvRa_PFH9vMuBei8bcKM,T001149,CIV-COMPACT-TEST,Cut CH138-4,L00,L00-Z17,qa,earthworks,100.0,m2,6,7,,,T001148
0YryE$ivt2KaOyiuTShxGb,T001150,CIV-BASE-LAY,Base course CH144-4,L00,L00-Z17,earthworks,pavement,36.0,m2,95,96,,,T001181
0YryE$ivt2KaOyiuTShxGb,T001151,CIV-ASPHALT-BASE,Base course CH144-4,L00,L00-Z17,paving,pavement,36.0,m2,96,97,,,T001150
0_d0tj06WHiaJBYIPtAbS4,T001152,CIV-GUARDRAIL-INSTALL,Safety barrier CH138,L00,L00-Z17,finishing,finishing,6.0,m,100,101,,,T001133;T001135;T001136;T001150;T001163;T001166;T001188;T001190;T001198;T001202;T001223;T001225;T001237;T001251;T001260
0gYFltpunhN$$lYAsAtNbf,T001153,GEN-SITE-CLEAR,Cut CH132-5,L00,L00-Z17,earthworks,mobilise,100.0,m2,0,1,,,
0gYFltpunhN$$lYAsAtNbf,T001154,CIV-EARTH-CUT,Cut CH132-5,L00,L00-Z17,earthworks,earthworks,85.3,m3,5,6,,,T001140;T001141;T001147;T001153;T001161;T001177;T001199;T001213;T001214;T001217;T001240;T001249;T001255;T001262
0gYFltpunhN$$lYAsAtNbf,T001155,CIV-COMPACT-TEST,Cut CH132-5,L00,L00-Z17,qa,earthworks,100.0,m2,6,7,,,T001154
0oMa9DLZEI$JQ2brGyiru2,T001156,CIV-SUBGRADE-PREP,Sub-base CH120-5,L00,L00-Z17,earthworks,pavement,36.0,m2,93,94,,,T000338;T001139;T001204;T001212;T001235;T001245;T001368;T001380;T001387;T001393;T001413;T001425;T001431
0oMa9DLZEI$JQ2brGyiru2,T001157,CIV-SUBBASE-LAY,Sub-base CH120-5,L00,L00-Z17,earthworks,pavement,36.0,m2,94,95,,,T001156
0qkBoHUEFW$BUFegnUsRID,T001158,CIV-ASPHALT-WEAR,Wearing course CH132-5,L00,L00-Z17,paving,pavement,36.0,m2,98,99,,,T001161;T001191
0qkBoHUEFW$BUFegnUsRID,T001159,CIV-MARKING-APPLY,Wearing course CH132-5,L00,L00-Z17,finishing,finishing,12.6,m,100,101,,,T001158
0qkBoHUEFW$BUFegnUsRID,T001160,GEN-HANDOVER-DOC,Wearing course CH132-5,L00,L00-Z17,qa,handover,1.0,ea,110,111,,,T001159;T001171;T001183;T001186;T001193;T001196;T001207;T001233;T001253;T001258
,T001161,GEN-SURVEY-SETOUT,Survey set-out of the work area · L00 zone 17,L00,L00-Z17,qa,mobilise,1.0,ea,0,1,,,
,T001162,GEN-SURVEY-ASBUILT,As-built survey and record · L00 zone 17,L00,L00-Z17,qa,finishing,1.0,ea,101,102,,,T001158;T001159;T001170;T001171;T001182;T001183;T001185;T001186;T001192;T001193;T001195;T001196;T001206;T001207;T001232;T001233;T001252;T001253;T001257;T001258
0xzepmL6lsOYDD9kg3UaKD,T001163,CIV-KERB-LAY,Kerb outer CH138,L00,L00-Z17,finishing,pavement,6.0,m,96,97,,,T001136;T001157;T001165;T001169;T001173;T001174;T001176;T001181;T001222;T001229;T001231;T001239
0zt5PD47yFW58c1CFQPNi3,T001164,CIV-SUBGRADE-PREP,Sub-base CH126-5,L00,L00-Z17,earthworks,pavement,36.0,m2,93,94,,,T000338;T001139;T001204;T001212;T001235;T001245;T001250;T001368;T001380;T001387;T001393;T001413;T001425;T001431
0zt5PD47yFW58c1CFQPNi3,T001165,CIV-SUBBASE-LAY,Sub-base CH126-5,L00,L00-Z17,earthworks,pavement,36.0,m2,94,95,,,T001164
11Hal_qhKDRJSOErw9EG2z,T001166,CIV-BASE-LAY,Base course CH126-4,L00,L00-Z17,earthworks,pavement,36.0,m2,95,96,,,T001222
11Hal_qhKDRJSOErw9EG2z,T001167,CIV-ASPHALT-BASE,Base course CH126-4,L00,L00-Z17,paving,pavement,36.0,m2,96,97,,,T001166
12f4wsrY2y2emnfC_CQh$h,T001168,CIV-SUBGRADE-PREP,Sub-base CH132-4,L00,L00-Z17,earthworks,pavement,36.0,m2,93,94,,,T000338;T001139;T001200;T001204;T001212;T001235;T001245;T001368;T001380;T001387;T001393;T001413;T001425;T001431
12f4wsrY2y2emnfC_CQh$h,T001169,CIV-SUBBASE-LAY,Sub-base CH132-4,L00,L00-Z17,earthworks,pavement,36.0,m2,94,95,,,T001168
13AwzwY0g5vfGR6af79mBp,T001170,CIV-ASPHALT-WEAR,Wearing course CH138-5,L00,L00-Z17,paving,pavement,36.0,m2,98,99,,,T001137;T001161
13AwzwY0g5vfGR6af79mBp,T001171,CIV-MARKING-APPLY,Wearing course CH138-5,L00,L00-Z17,finishing,finishing,12.6,m,100,101,,,T001170
13AwzwY0g5vfGR6af79mBp,T001172,GEN-HANDOVER-DOC,Wearing course CH138-5,L00,L00-Z17,qa,handover,1.0,ea,110,111,,,T001159;T001171;T001183;T001186;T001193;T001196;T001207;T001233;T001253;T001258
16TN4yXKxtE$5uj_w$EIFi,T001173,CIV-SUBGRADE-PREP,Sub-base CH138-5,L00,L00-Z17,earthworks,pavement,36.0,m2,93,94,,,T000338;T001139;T001178;T001204;T001212;T001235;T001245;T001368;T001380;T001387;T001393;T001413;T001425;T001431
16TN4yXKxtE$5uj_w$EIFi,T001174,CIV-SUBBASE-LAY,Sub-base CH138-5,L00,L00-Z17,earthworks,pavement,36.0,m2,94,95,,,T001173
1B2zdKw3wxHpNlx09ng4bs,T001175,CIV-SUBGRADE-PREP,Sub-base CH120-4,L00,L00-Z17,earthworks,pavement,36.0,m2,93,94,,,T000338;T001139;T001204;T001212;T001235;T001245;T001368;T001380;T001387;T001393;T001413;T001425;T001431
1B2zdKw3wxHpNlx09ng4bs,T001176,CIV-SUBBASE-LAY,Sub-base CH120-4,L00,L00-Z17,earthworks,pavement,36.0,m2,94,95,,,T001175
1FPHU$3klxGB8dozqq9Ge9,T001177,GEN-SITE-CLEAR,Cut CH138-5,L00,L00-Z17,earthworks,mobilise,100.0,m2,0,1,,,
1FPHU$3klxGB8dozqq9Ge9,T001178,CIV-EARTH-CUT,Cut CH138-5,L00,L00-Z17,earthworks,earthworks,81.0,m3,5,6,,,T001140;T001141;T001147;T001153;T001161;T001177;T001199;T001213;T001214;T001217;T001240;T001249;T001255;T001262
1FPHU$3klxGB8dozqq9Ge9,T001179,CIV-COMPACT-TEST,Cut CH138-5,L00,L00-Z17,qa,earthworks,100.0,m2,6,7,,,T001178
1Pbo6g1Dtr$b4_p__T72se,T001180,CIV-SUBGRADE-PREP,Sub-base CH144-4,L00,L00-Z17,earthworks,pavement,36.0,m2,93,94,,,T000338;T001139;T001204;T001212;T001235;T001245;T001263;T001368;T001380;T001387;T001393;T001413;T001425;T001431
1Pbo6g1Dtr$b4_p__T72se,T001181,CIV-SUBBASE-LAY,Sub-base CH144-4,L00,L00-Z17,earthworks,pavement,36.0,m2,94,95,,,T001180
1SfjYsZ68liv_Fybvl8OwB,T001182,CIV-ASPHALT-WEAR,Wearing course CH120-4,L00,L00-Z17,paving,pavement,36.0,m2,97,98,,,T001161;T001226
1SfjYsZ68liv_Fybvl8OwB,T001183,CIV-MARKING-APPLY,Wearing course CH120-4,L00,L00-Z17,finishing,finishing,12.6,m,100,101,,,T001182
1SfjYsZ68liv_Fybvl8OwB,T001184,GEN-HANDOVER-DOC,Wearing course CH120-4,L00,L00-Z17,qa,handover,1.0,ea,110,111,,,T001159;T001171;T001183;T001186;T001193;T001196;T001207;T001233;T001253;T001258
1XEe5G$ZktaXXetLe_Ju6O,T001185,CIV-ASPHALT-WEAR,Wearing course CH138-4,L00,L00-Z17,paving,pavement,36.0,m2,97,98,,,T001161;T001203
1XEe5G$ZktaXXetLe_Ju6O,T001186,CIV-MARKING-APPLY,Wearing course CH138-4,L00,L00-Z17,finishing,finishing,12.6,m,100,101,,,T001185
1XEe5G$ZktaXXetLe_Ju6O,T001187,GEN-HANDOVER-DOC,Wearing course CH138-4,L00,L00-Z17,qa,handover,1.0,ea,110,111,,,T001159;T001171;T001183;T001186;T001193;T001196;T001207;T001233;T001253;T001258
1cktP$9RaX6cpSBChY8ysQ,T001188,CIV-BASE-LAY,Base course CH132-4,L00,L00-Z17,earthworks,pavement,36.0,m2,95,96,,,T001169
1cktP$9RaX6cpSBChY8ysQ,T001189,CIV-ASPHALT-BASE,Base course CH132-4,L00,L00-Z17,paving,pavement,36.0,m2,96,97,,,T001188
1dx_ts4PKYH3XZM5_27Aec,T001190,CIV-BASE-LAY,Base course CH132-5,L00,L00-Z17,earthworks,pavement,36.0,m2,95,96,,,T001239
1dx_ts4PKYH3XZM5_27Aec,T001191,CIV-ASPHALT-BASE,Base course CH132-5,L00,L00-Z17,paving,pavement,36.0,m2,97,98,,,T001190;T001198
1jawLKaNMJKUE5eGuXlNQ4,T001192,CIV-ASPHALT-WEAR,Wearing course CH120-5,L00,L00-Z17,paving,pavement,36.0,m2,98,99,,,T001161;T001224
1jawLKaNMJKUE5eGuXlNQ4,T001193,CIV-MARKING-APPLY,Wearing course CH120-5,L00,L00-Z17,finishing,finishing,12.6,m,100,101,,,T001192
1jawLKaNMJKUE5eGuXlNQ4,T001194,GEN-HANDOVER-DOC,Wearing course CH120-5,L00,L00-Z17,qa,handover,1.0,ea,110,111,,,T001159;T001171;T001183;T001186;T001193;T001196;T001207;T001233;T001253;T001258
1jmsRTqEeFxEH$ka5Af$En,T001195,CIV-ASPHALT-WEAR,Wearing course CH126-5,L00,L00-Z17,paving,pavement,36.0,m2,99,100,,,T001134;T001161
1jmsRTqEeFxEH$ka5Af$En,T001196,CIV-MARKING-APPLY,Wearing course CH126-5,L00,L00-Z17,finishing,finishing,12.6,m,100,101,,,T001195
1jmsRTqEeFxEH$ka5Af$En,T001197,GEN-HANDOVER-DOC,Wearing course CH126-5,L00,L00-Z17,qa,handover,1.0,ea,110,111,,,T001159;T001171;T001183;T001186;T001193;T001196;T001207;T001233;T001253;T001258
1kIAV91rJNyHcyqhu1aEJ7,T001198,CIV-KERB-LAY,Kerb outer CH132,L00,L00-Z17,finishing,pavement,6.0,m,96,97,,,T001157;T001165;T001169;T001174;T001176;T001181;T001190;T001222;T001229;T001231;T001238;T001239
1xzNH8w4bP5P5edoyW4Oaj,T001199,GEN-SITE-CLEAR,Cut CH132-4,L00,L00-Z17,earthworks,mobilise,100.0,m2,0,1,,,
1xzNH8w4bP5P5edoyW4Oaj,T001200,CIV-EARTH-CUT,Cut CH132-4,L00,L00-Z17,earthworks,earthworks,82.1,m3,5,6,,,T001140;T001141;T001147;T001153;T001161;T001177;T001199;T001213;T001214;T001217;T001240;T001249;T001255;T001262
1xzNH8w4bP5P5edoyW4Oaj,T001201,CIV-COMPACT-TEST,Cut CH132-4,L00,L00-Z17,qa,earthworks,100.0,m2,6,7,,,T001200
1yj50WmcolG5MXL$hxGBet,T001202,CIV-BASE-LAY,Base course CH138-4,L00,L00-Z17,earthworks,pavement,36.0,m2,95,96,,,T001229
1yj50WmcolG5MXL$hxGBet,T001203,CIV-ASPHALT-BASE,Base course CH138-4,L00,L00-Z17,paving,pavement,36.0,m2,96,97,,,T001202
29Bnx5vOfyJ7vDhAM5VuuK,T001204,CIV-EARTH-FILL,Fill CH120-4,L00,L00-Z17,earthworks,earthworks,30.6,m3,10,11,,,T000492;T000511;T000513;T000523;T000527;T000531;T000533;T000537;T000591;T000598;T000614;T000647;T000652;T000658;T000669;T000673;T000680;T000686;T000691;T000709;T000717;T000728;T000740;T000743;T000757;T000767;T000770;T000794;T000821;T000835;T000845;T000850;T000856;T000886;T000889;T000894;T000900;T000902;T001148;T001154;T001178;T001200;T001241;T001250;T001256;T001263;T001294;T001299;T001305;T001307;T001319;T001330;T001335;T001341;T001351;T001366;T001444;T001447;T001463;T001467;T001473;T001482;T001491;T001502;T001517;T001528;T001541;T001553;T001580;T001584;T001589;T001592;T001596;T001609;T001619;T001626
29Bnx5vOfyJ7vDhAM5VuuK,T001205,CIV-COMPACT-TEST,Fill CH120-4,L00,L00-Z17,qa,earthworks,100.0,m2,11,12,,,T001204
29cctePrpWwN2N$RxYt7Pk,T001206,CIV-ASPHALT-WEAR,Wearing course CH132-4,L00,L00-Z17,paving,pavement,36.0,m2,97,98,,,T001161;T001189
29cctePrpWwN2N$RxYt7Pk,T001207,CIV-MARKING-APPLY,Wearing course CH132-4,L00,L00-Z17,finishing,finishing,12.6,m,100,101,,,T001206
29cctePrpWwN2N$RxYt7Pk,T001208,GEN-HANDOVER-DOC,Wearing course CH132-4,L00,L00-Z17,qa,handover,1.0,ea,111,112,,,T001159;T001171;T001183;T001186;T001193;T001196;T001207;T001233;T001253;T001258
2BlwyKllIfiqMplxibI$qk,T001209,GEN-SETOUT,Culvert segment C4,L00,L00-Z17,qa,mobilise,1.0,ea,0,1,,,
2BlwyKllIfiqMplxibI$qk,T001210,CIV-TRENCH-DIG,Culvert segment C4,L00,L00-Z17,earthworks,drainage,6.0,m,12,13,,,T000492;T000511;T000513;T000523;T000527;T000531;T000533;T000537;T000591;T000598;T000614;T000647;T000652;T000658;T000669;T000673;T000680;T000686;T000691;T000709;T000717;T000728;T000740;T000743;T000757;T000767;T000770;T000794;T000821;T000835;T000845;T000850;T000856;T000886;T000889;T000894;T000900;T000902;T001140;T001141;T001143;T001148;T001148;T001154;T001154;T001161;T001178;T001178;T001200;T001200;T001204;T001209;T001213;T001214;T001216;T001217;T001235;T001241;T001241;T001250;T001250;T001256;T001256;T001263;T001263;T001294;T001299;T001305;T001307;T001319;T001330;T001335;T001341;T001351;T001366;T001444;T001447;T001463;T001467;T001473;T001482;T001491;T001502;T001517;T001528;T001541;T001553;T001580;T001584;T001589;T001592;T001596;T001609;T001619;T001626
2BlwyKllIfiqMplxibI$qk,T001211,CIV-CULVERT-SET,Culvert segment C4,L00,L00-Z17,erection,structures,6.0,m,13,14,,,T001210;T001215;T001243
2BlwyKllIfiqMplxibI$qk,T001212,CIV-STRUCT-BACKFILL,Culvert segment C4,L00,L00-Z17,earthworks,structures,150.0,m3,14,15,,,T001211;T001244
,T001213,GEN-SURVEY-SETOUT,"Survey set-out of the work area · L00 group at 24,4",L00,L00-Z17,qa,mobilise,1.0,ea,0,1,,,
,T001214,GEN-UTIL-LOCATE,"Locate and mark buried utilities · L00 group at 24,4",L00,L00-Z17,utilities,mobilise,1.0,ea,1,2,,,T001213
,T001215,GEN-LIFT-PLAN,"Prepare and approve lift plan · L00 group at 24,4",L00,L00-Z17,erection,mobilise,1.0,ea,2,3,,,T001214
,T001216,GEN-SHORING-INSTALL,"Install trench or pit shoring · L00 group at 24,4",L00,L00-Z17,utilities,utilities,1.0,ea,3,4,,,T001140;T001141;T001142;T001161;T001213;T001214;T001215
,T001217,GEN-DEWATER-INSTALL,"Install wellpoints or sump pumps · L00 group at 24,4",L00,L00-Z17,utilities,earthworks,1.0,ea,4,5,,,T001140;T001161;T001213;T001216
,T001218,GEN-DEWATER-RUN,"Run dewatering (time driven) · L00 group at 24,4",L00,L00-Z17,utilities,drainage,1.0,ea,14,20,,,T001210;T001217;T001243
,T001219,GEN-SHORING-REMOVE,"Remove trench or pit shoring · L00 group at 24,4",L00,L00-Z17,utilities,structures,1.0,ea,20,21,,,T001143;T001212;T001216;T001245
,T001220,GEN-SURVEY-ASBUILT,"As-built survey and record · L00 group at 24,4",L00,L00-Z17,qa,finishing,1.0,ea,101,102,,,T001158;T001170;T001182;T001185;T001192;T001195;T001206;T001219;T001232;T001252;T001257
2K6Ykrj6bb9ONCLfecYkCj,T001221,CIV-SUBGRADE-PREP,Sub-base CH126-4,L00,L00-Z17,earthworks,pavement,36.0,m2,93,94,,,T000338;T001139;T001204;T001212;T001235;T001241;T001245;T001368;T001380;T001387;T001393;T001413;T001425;T001431
2K6Ykrj6bb9ONCLfecYkCj,T001222,CIV-SUBBASE-LAY,Sub-base CH126-4,L00,L00-Z17,earthworks,pavement,36.0,m2,94,95,,,T001221
2O82Tgqhf_uwcGdLXTzla6,T001223,CIV-BASE-LAY,Base course CH120-5,L00,L00-Z17,earthworks,pavement,36.0,m2,95,96,,,T001157
2O82Tgqhf_uwcGdLXTzla6,T001224,CIV-ASPHALT-BASE,Base course CH120-5,L00,L00-Z17,paving,pavement,36.0,m2,97,98,,,T001135;T001223
2QAg7k6Enkx5kkM8QHgUEz,T001225,CIV-BASE-LAY,Base course CH120-4,L00,L00-Z17,earthworks,pavement,36.0,m2,95,96,,,T001176
2QAg7k6Enkx5kkM8QHgUEz,T001226,CIV-ASPHALT-BASE,Base course CH120-4,L00,L00-Z17,paving,pavement,36.0,m2,96,97,,,T001225
2W_Wkw1jcgzEY2IqSIj$3V,T001227,CIV-GUARDRAIL-INSTALL,Safety barrier CH120,L00,L00-Z17,finishing,finishing,6.0,m,100,101,,,T001133;T001135;T001136;T001150;T001163;T001166;T001188;T001190;T001198;T001202;T001223;T001225;T001237;T001251;T001260
2XUvVlwA1yHfoRnsW9C76g,T001228,CIV-SUBGRADE-PREP,Sub-base CH138-4,L00,L00-Z17,earthworks,pavement,36.0,m2,93,94,,,T000338;T001139;T001148;T001204;T001212;T001235;T001245;T001368;T001380;T001387;T001393;T001413;T001425;T001431
2XUvVlwA1yHfoRnsW9C76g,T001229,CIV-SUBBASE-LAY,Sub-base CH138-4,L00,L00-Z17,earthworks,pavement,36.0,m2,94,95,,,T001228
2XjKM48htETFS_Xhj5YJD6,T001230,CIV-SUBGRADE-PREP,Sub-base CH144-5,L00,L00-Z17,earthworks,pavement,36.0,m2,93,94,,,T000338;T001139;T001204;T001212;T001235;T001245;T001256;T001368;T001380;T001387;T001393;T001413;T001425;T001431
2XjKM48htETFS_Xhj5YJD6,T001231,CIV-SUBBASE-LAY,Sub-base CH144-5,L00,L00-Z17,earthworks,pavement,36.0,m2,94,95,,,T001230
2dkHuhMc3FSGITdGQGAsE9,T001232,CIV-ASPHALT-WEAR,Wearing course CH126-4,L00,L00-Z17,paving,pavement,36.0,m2,97,98,,,T001161;T001167
2dkHuhMc3FSGITdGQGAsE9,T001233,CIV-MARKING-APPLY,Wearing course CH126-4,L00,L00-Z17,finishing,finishing,12.6,m,100,101,,,T001232
2dkHuhMc3FSGITdGQGAsE9,T001234,GEN-HANDOVER-DOC,Wearing course CH126-4,L00,L00-Z17,qa,handover,1.0,ea,111,112,,,T001159;T001171;T001183;T001186;T001193;T001196;T001207;T001233;T001253;T001258
2nqh6g8gCnaWJgAIidoGAd,T001235,CIV-EARTH-FILL,Fill CH120-5,L00,L00-Z17,earthworks,earthworks,39.2,m3,10,11,,,T000492;T000511;T000513;T000523;T000527;T000531;T000533;T000537;T000591;T000598;T000614;T000647;T000652;T000658;T000669;T000673;T000680;T000686;T000691;T000709;T000717;T000728;T000740;T000743;T000757;T000767;T000770;T000794;T000821;T000835;T000845;T000850;T000856;T000886;T000889;T000894;T000900;T000902;T001148;T001154;T001178;T001200;T001241;T001250;T001256;T001263;T001294;T001299;T001305;T001307;T001319;T001330;T001335;T001341;T001351;T001366;T001444;T001447;T001463;T001467;T001473;T001482;T001491;T001502;T001517;T001528;T001541;T001553;T001580;T001584;T001589;T001592;T001596;T001609;T001619;T001626
2nqh6g8gCnaWJgAIidoGAd,T001236,CIV-COMPACT-TEST,Fill CH120-5,L00,L00-Z17,qa,earthworks,100.0,m2,11,12,,,T001235
2ojGCgqCJ3mz4bKJxABTRI,T001237,CIV-KERB-LAY,Kerb outer CH144,L00,L00-Z17,finishing,pavement,6.0,m,97,98,,,T001157;T001165;T001169;T001174;T001176;T001181;T001222;T001229;T001230;T001231;T001239;T001260
3IUJctqe8QqYaKWUpUEJO3,T001238,CIV-SUBGRADE-PREP,Sub-base CH132-5,L00,L00-Z17,earthworks,pavement,36.0,m2,93,94,,,T000338;T001139;T001154;T001204;T001212;T001235;T001245;T001368;T001380;T001387;T001393;T001413;T001425;T001431
3IUJctqe8QqYaKWUpUEJO3,T001239,CIV-SUBBASE-LAY,Sub-base CH132-5,L00,L00-Z17,earthworks,pavement,36.0,m2,94,95,,,T001238
3KPHW6zlDFaAKYvItBSvi3,T001240,GEN-SITE-CLEAR,Cut CH126-4,L00,L00-Z17,earthworks,mobilise,100.0,m2,0,1,,,
3KPHW6zlDFaAKYvItBSvi3,T001241,CIV-EARTH-CUT,Cut CH126-4,L00,L00-Z17,earthworks,earthworks,63.0,m3,5,6,,,T001140;T001141;T001147;T001153;T001161;T001177;T001199;T001213;T001214;T001217;T001240;T001249;T001255;T001262
3M158ZazPY3YOUv05t_T6a,T001242,GEN-SETOUT,Culvert segment C3,L00,L00-Z17,qa,mobilise,1.0,ea,0,1,,,
3M158ZazPY3YOUv05t_T6a,T001243,CIV-TRENCH-DIG,Culvert segment C3,L00,L00-Z17,earthworks,drainage,6.0,m,12,13,,,T000492;T000511;T000513;T000523;T000527;T000531;T000533;T000537;T000591;T000598;T000614;T000647;T000652;T000658;T000669;T000673;T000680;T000686;T000691;T000709;T000717;T000728;T000740;T000743;T000757;T000767;T000770;T000794;T000821;T000835;T000845;T000850;T000856;T000886;T000889;T000894;T000900;T000902;T001140;T001141;T001143;T001148;T001148;T001154;T001154;T001161;T001178;T001178;T001200;T001200;T001204;T001213;T001214;T001216;T001217;T001235;T001241;T001241;T001242;T001250;T001250;T001256;T001256;T001263;T001263;T001294;T001299;T001305;T001307;T001319;T001330;T001335;T001341;T001351;T001366;T001444;T001447;T001463;T001467;T001473;T001482;T001491;T001502;T001517;T001528;T001541;T001553;T001580;T001584;T001589;T001592;T001596;T001609;T001619;T001626
3M158ZazPY3YOUv05t_T6a,T001244,CIV-CULVERT-SET,Culvert segment C3,L00,L00-Z17,erection,structures,6.0,m,13,14,,,T001210;T001215;T001243
3M158ZazPY3YOUv05t_T6a,T001245,CIV-STRUCT-BACKFILL,Culvert segment C3,L00,L00-Z17,earthworks,structures,150.0,m3,14,15,,,T001211;T001244
3iaE1$IxJbKc_a8b1w5RaF,T001246,CIV-GUARDRAIL-INSTALL,Safety barrier CH132,L00,L00-Z17,finishing,finishing,6.0,m,100,101,,,T001133;T001135;T001136;T001150;T001163;T001166;T001188;T001190;T001198;T001202;T001223;T001225;T001237;T001251;T001260
3jVnspCXcdMtfHPWHrPcdA,T001247,CIV-GUARDRAIL-INSTALL,Safety barrier CH144,L00,L00-Z17,finishing,finishing,6.0,m,100,101,,,T001133;T001135;T001136;T001150;T001163;T001166;T001188;T001190;T001198;T001202;T001223;T001225;T001237;T001251;T001260
3kQBOmDZvMXigorZdO5hFt,T001248,CIV-GUARDRAIL-INSTALL,Safety barrier CH126,L00,L00-Z17,finishing,finishing,6.0,m,100,101,,,T001133;T001135;T001136;T001150;T001163;T001166;T001188;T001190;T001198;T001202;T001223;T001225;T001237;T001251;T001260
3lUnAlS3eCgIH4ayHyv0A2,T001249,GEN-SITE-CLEAR,Cut CH126-5,L00,L00-Z17,earthworks,mobilise,100.0,m2,0,1,,,
3lUnAlS3eCgIH4ayHyv0A2,T001250,CIV-EARTH-CUT,Cut CH126-5,L00,L00-Z17,earthworks,earthworks,58.0,m3,5,6,,,T001140;T001141;T001147;T001153;T001161;T001177;T001199;T001213;T001214;T001217;T001240;T001249;T001255;T001262
3r$$TnArSBUk0Q2kyHE7ik,T001251,CIV-KERB-LAY,Kerb outer CH126,L00,L00-Z17,finishing,pavement,6.0,m,97,98,,,T001133;T001157;T001164;T001165;T001169;T001174;T001176;T001181;T001222;T001229;T001231;T001239
3r0VyhaLAYlrkVJrTHsqqw,T001252,CIV-ASPHALT-WEAR,Wearing course CH144-5,L00,L00-Z17,paving,pavement,36.0,m2,99,100,,,T001161;T001261
3r0VyhaLAYlrkVJrTHsqqw,T001253,CIV-MARKING-APPLY,Wearing course CH144-5,L00,L00-Z17,finishing,finishing,12.6,m,100,101,,,T001252
3r0VyhaLAYlrkVJrTHsqqw,T001254,GEN-HANDOVER-DOC,Wearing course CH144-5,L00,L00-Z17,qa,handover,1.0,ea,111,112,,,T001159;T001171;T001183;T001186;T001193;T001196;T001207;T001233;T001253;T001258
3rVKfeOK$x$d$2BowURj66,T001255,GEN-SITE-CLEAR,Cut CH144-5,L00,L00-Z17,earthworks,mobilise,100.0,m2,0,1,,,
3rVKfeOK$x$d$2BowURj66,T001256,CIV-EARTH-CUT,Cut CH144-5,L00,L00-Z17,earthworks,earthworks,35.6,m3,5,6,,,T001140;T001141;T001147;T001153;T001161;T001177;T001199;T001213;T001214;T001217;T001240;T001249;T001255;T001262
3rkyKQaBzGMPK_Cr$cUQ62,T001257,CIV-ASPHALT-WEAR,Wearing course CH144-4,L00,L00-Z17,paving,pavement,36.0,m2,97,98,,,T001151;T001161
3rkyKQaBzGMPK_Cr$cUQ62,T001258,CIV-MARKING-APPLY,Wearing course CH144-4,L00,L00-Z17,finishing,finishing,12.6,m,100,101,,,T001257
3rkyKQaBzGMPK_Cr$cUQ62,T001259,GEN-HANDOVER-DOC,Wearing course CH144-4,L00,L00-Z17,qa,handover,1.0,ea,111,112,,,T001159;T001171;T001183;T001186;T001193;T001196;T001207;T001233;T001253;T001258
3wEDD5DLFQkKbu$CJkgHFP,T001260,CIV-BASE-LAY,Base course CH144-5,L00,L00-Z17,earthworks,pavement,36.0,m2,95,96,,,T001231
3wEDD5DLFQkKbu$CJkgHFP,T001261,CIV-ASPHALT-BASE,Base course CH144-5,L00,L00-Z17,paving,pavement,36.0,m2,98,99,,,T001237;T001260
3zxQhIeeipGlDeUxFYvVIC,T001262,GEN-SITE-CLEAR,Cut CH144-4,L00,L00-Z17,earthworks,mobilise,100.0,m2,0,1,,,
3zxQhIeeipGlDeUxFYvVIC,T001263,CIV-EARTH-CUT,Cut CH144-4,L00,L00-Z17,earthworks,earthworks,42.1,m3,5,6,,,T001140;T001141;T001147;T001153;T001161;T001177;T001199;T001213;T001214;T001217;T001240;T001249;T001255;T001262
0CLaINWBJdqL7fN37cnCeI,T001264,CIV-SUBGRADE-PREP,Sub-base CH150-5,L00,L00-Z18,earthworks,pavement,36.0,m2,93,94,,,T000338;T001335;T001368;T001380;T001387;T001393;T001413;T001425;T001431
0CLaINWBJdqL7fN37cnCeI,T001265,CIV-SUBBASE-LAY,Sub-base CH150-5,L00,L00-Z18,earthworks,pavement,36.0,m2,94,95,,,T001264
0DB2qD$Cu4brRSwmEPyFix,T001266,CIV-KERB-LAY,Kerb outer CH174,L00,L00-Z18,finishing,pavement,6.0,m,97,98,,,T001265;T001276;T001292;T001297;T001301;T001317;T001328;T001349;T001358;T001359;T001361;T001362
0F6QI$HSJcd0_PE80JFCVQ,T001267,CIV-GUARDRAIL-INSTALL,Safety barrier CH162,L00,L00-Z18,finishing,finishing,6.0,m,100,101,,,T001266;T001273;T001283;T001284;T001289;T001302;T001312;T001323;T001326;T001332;T001352;T001353;T001355;T001359;T001363
0FnKOtWi_l7nsVVz4k3IXw,T001268,CIV-ASPHALT-WEAR,Wearing course CH168-5,L00,L00-Z18,paving,pavement,36.0,m2,99,100,,,T001271;T001364
0FnKOtWi_l7nsVVz4k3IXw,T001269,CIV-MARKING-APPLY,Wearing course CH168-5,L00,L00-Z18,finishing,finishing,12.6,m,100,101,,,T001268
0FnKOtWi_l7nsVVz4k3IXw,T001270,GEN-HANDOVER-DOC,Wearing course CH168-5,L00,L00-Z18,qa,handover,1.0,ea,111,112,,,T001269;T001278;T001281;T001287;T001309;T001314;T001321;T001337;T001343;T001346
,T001271,GEN-SURVEY-SETOUT,Survey set-out of the work area · L00 zone 18,L00,L00-Z18,qa,mobilise,1.0,ea,1,2,,,
,T001272,GEN-SURVEY-ASBUILT,As-built survey and record · L00 zone 18,L00,L00-Z18,qa,finishing,1.0,ea,101,102,,,T001268;T001269;T001277;T001278;T001280;T001281;T001286;T001287;T001308;T001309;T001313;T001314;T001320;T001321;T001336;T001337;T001342;T001343;T001345;T001346
0H_BgS8hmmtTSXEbBEBhOE,T001273,CIV-BASE-LAY,Base course CH174-4,L00,L00-Z18,earthworks,pavement,36.0,m2,95,96,,,T001292
0H_BgS8hmmtTSXEbBEBhOE,T001274,CIV-ASPHALT-BASE,Base course CH174-4,L00,L00-Z18,paving,pavement,36.0,m2,96,97,,,T001273
0LfqoKEGrz8nQGQdtyKdPw,T001275,CIV-SUBGRADE-PREP,Sub-base CH162-5,L00,L00-Z18,earthworks,pavement,36.0,m2,93,94,,,T000338;T001294;T001368;T001380;T001387;T001393;T001413;T001425;T001431
0LfqoKEGrz8nQGQdtyKdPw,T001276,CIV-SUBBASE-LAY,Sub-base CH162-5,L00,L00-Z18,earthworks,pavement,36.0,m2,94,95,,,T001275
0MQUAsxdLPVsMVcavPYzAk,T001277,CIV-ASPHALT-WEAR,Wearing course CH168-4,L00,L00-Z18,paving,pavement,36.0,m2,97,98,,,T001271;T001285
0MQUAsxdLPVsMVcavPYzAk,T001278,CIV-MARKING-APPLY,Wearing course CH168-4,L00,L00-Z18,finishing,finishing,12.6,m,100,101,,,T001277
0MQUAsxdLPVsMVcavPYzAk,T001279,GEN-HANDOVER-DOC,Wearing course CH168-4,L00,L00-Z18,qa,handover,1.0,ea,111,112,,,T001269;T001278;T001281;T001287;T001309;T001314;T001321;T001337;T001343;T001346
0N2ZQVuAfp5_2htNr3emWB,T001280,CIV-ASPHALT-WEAR,Wearing course CH150-4,L00,L00-Z18,paving,pavement,36.0,m2,97,98,,,T001271;T001303
0N2ZQVuAfp5_2htNr3emWB,T001281,CIV-MARKING-APPLY,Wearing course CH150-4,L00,L00-Z18,finishing,finishing,12.6,m,100,101,,,T001280
0N2ZQVuAfp5_2htNr3emWB,T001282,GEN-HANDOVER-DOC,Wearing course CH150-4,L00,L00-Z18,qa,handover,1.0,ea,111,112,,,T001269;T001278;T001281;T001287;T001309;T001314;T001321;T001337;T001343;T001346
0SnxBixxxDANDotPpg8eh_,T001283,CIV-KERB-LAY,Kerb outer CH156,L00,L00-Z18,finishing,pavement,6.0,m,97,98,,,T001265;T001276;T001292;T001297;T001301;T001316;T001317;T001328;T001349;T001355;T001358;T001362
0TghVQ6VSmfNu08_8O6IQG,T001284,CIV-BASE-LAY,Base course CH168-4,L00,L00-Z18,earthworks,pavement,36.0,m2,95,96,,,T001349
0TghVQ6VSmfNu08_8O6IQG,T001285,CIV-ASPHALT-BASE,Base course CH168-4,L00,L00-Z18,paving,pavement,36.0,m2,96,97,,,T001284
0YCVGcqvAQIlLVsv50xbL0,T001286,CIV-ASPHALT-WEAR,Wearing course CH150-5,L00,L00-Z18,paving,pavement,36.0,m2,99,100,,,T001271;T001354
0YCVGcqvAQIlLVsv50xbL0,T001287,CIV-MARKING-APPLY,Wearing course CH150-5,L00,L00-Z18,finishing,finishing,12.6,m,100,101,,,T001286
0YCVGcqvAQIlLVsv50xbL0,T001288,GEN-HANDOVER-DOC,Wearing course CH150-5,L00,L00-Z18,qa,handover,1.0,ea,111,112,,,T001269;T001278;T001281;T001287;T001309;T001314;T001321;T001337;T001343;T001346
0ct8D76bmpCqT1wnxsCh3w,T001289,CIV-BASE-LAY,Base course CH156-4,L00,L00-Z18,earthworks,pavement,36.0,m2,95,96,,,T001297
0ct8D76bmpCqT1wnxsCh3w,T001290,CIV-ASPHALT-BASE,Base course CH156-4,L00,L00-Z18,paving,pavement,36.0,m2,96,97,,,T001289
0cxLvEzUVRLBDt3KfnZSWy,T001291,CIV-SUBGRADE-PREP,Sub-base CH174-4,L00,L00-Z18,earthworks,pavement,36.0,m2,93,94,,,T000338;T001319;T001368;T001380;T001387;T001393;T001413;T001425;T001431
0cxLvEzUVRLBDt3KfnZSWy,T001292,CIV-SUBBASE-LAY,Sub-base CH174-4,L00,L00-Z18,earthworks,pavement,36.0,m2,94,95,,,T001291
0si878y4aqNHrlmvmmAHiF,T001293,GEN-SITE-CLEAR,Cut CH162-5,L00,L00-Z18,earthworks,mobilise,100.0,m2,0,1,,,
0si878y4aqNHrlmvmmAHiF,T001294,CIV-EARTH-CUT,Cut CH162-5,L00,L00-Z18,earthworks,earthworks,67.7,m3,2,3,,,T001271;T001293;T001298;T001304;T001306;T001318;T001329;T001334;T001340;T001350;T001365
0y3uo7FcpzNUXuFtI2NIUL,T001295,CIV-GUARDRAIL-INSTALL,Safety barrier CH168,L00,L00-Z18,finishing,finishing,6.0,m,100,101,,,T001266;T001273;T001283;T001284;T001289;T001302;T001312;T001323;T001326;T001332;T001352;T001353;T001355;T001359;T001363
1DyUh6gU9uCvFA74me8G7u,T001296,CIV-SUBGRADE-PREP,Sub-base CH156-4,L00,L00-Z18,earthworks,pavement,36.0,m2,93,94,,,T000338;T001366;T001368;T001380;T001387;T001393;T001413;T001425;T001431
1DyUh6gU9uCvFA74me8G7u,T001297,CIV-SUBBASE-LAY,Sub-base CH156-4,L00,L00-Z18,earthworks,pavement,36.0,m2,94,95,,,T001296
1LfuEQ_Bv7wGrw7xd2oW0R,T001298,GEN-SITE-CLEAR,Cut CH162-4,L00,L00-Z18,earthworks,mobilise,100.0,m2,0,1,,,
1LfuEQ_Bv7wGrw7xd2oW0R,T001299,CIV-EARTH-CUT,Cut CH162-4,L00,L00-Z18,earthworks,earthworks,67.3,m3,2,3,,,T001271;T001293;T001298;T001304;T001306;T001318;T001329;T001334;T001340;T001350;T001365
1QyTxxhAeOsrQuv3lHGd1$,T001300,CIV-SUBGRADE-PREP,Sub-base CH162-4,L00,L00-Z18,earthworks,pavement,36.0,m2,93,94,,,T000338;T001299;T001368;T001380;T001387;T001393;T001413;T001425;T001431
1QyTxxhAeOsrQuv3lHGd1$,T001301,CIV-SUBBASE-LAY,Sub-base CH162-4,L00,L00-Z18,earthworks,pavement,36.0,m2,94,95,,,T001300
1fBqnToh5uZBL3dFAO6Oy2,T001302,CIV-BASE-LAY,Base course CH150-4,L00,L00-Z18,earthworks,pavement,36.0,m2,95,96,,,T001328
1fBqnToh5uZBL3dFAO6Oy2,T001303,CIV-ASPHALT-BASE,Base course CH150-4,L00,L00-Z18,paving,pavement,36.0,m2,96,97,,,T001302
1nVWQgAvlBO6Ym59ORzQgc,T001304,GEN-SITE-CLEAR,Cut CH168-5,L00,L00-Z18,earthworks,mobilise,100.0,m2,0,1,,,
1nVWQgAvlBO6Ym59ORzQgc,T001305,CIV-EARTH-CUT,Cut CH168-5,L00,L00-Z18,earthworks,earthworks,66.6,m3,2,3,,,T001271;T001293;T001298;T001304;T001306;T001318;T001329;T001334;T001340;T001350;T001365
1s$6imerqJcmNyUScIx7qr,T001306,GEN-SITE-CLEAR,Cut CH168-4,L00,L00-Z18,earthworks,mobilise,100.0,m2,0,1,,,
1s$6imerqJcmNyUScIx7qr,T001307,CIV-EARTH-CUT,Cut CH168-4,L00,L00-Z18,earthworks,earthworks,36.0,m3,2,3,,,T001271;T001293;T001298;T001304;T001306;T001318;T001329;T001334;T001340;T001350;T001365
1twnNCo5UKZb8R$qFl9Dfq,T001308,CIV-ASPHALT-WEAR,Wearing course CH162-5,L00,L00-Z18,paving,pavement,36.0,m2,99,100,,,T001271;T001324
1twnNCo5UKZb8R$qFl9Dfq,T001309,CIV-MARKING-APPLY,Wearing course CH162-5,L00,L00-Z18,finishing,finishing,12.6,m,100,101,,,T001308
1twnNCo5UKZb8R$qFl9Dfq,T001310,GEN-HANDOVER-DOC,Wearing course CH162-5,L00,L00-Z18,qa,handover,1.0,ea,111,112,,,T001269;T001278;T001281;T001287;T001309;T001314;T001321;T001337;T001343;T001346
1yzbbC$lZonDxrsI3awFn1,T001311,CIV-GUARDRAIL-INSTALL,Safety barrier CH174,L00,L00-Z18,finishing,finishing,6.0,m,100,101,,,T001266;T001273;T001283;T001284;T001289;T001302;T001312;T001323;T001326;T001332;T001352;T001353;T001355;T001359;T001363
20vGvC4ROrLmRiQO1lk2cd,T001312,CIV-KERB-LAY,Kerb outer CH168,L00,L00-Z18,finishing,pavement,6.0,m,97,98,,,T001265;T001276;T001292;T001297;T001301;T001317;T001328;T001349;T001357;T001358;T001362;T001363
2Gem0d7OnsekGSDo1weIbS,T001313,CIV-ASPHALT-WEAR,Wearing course CH174-4,L00,L00-Z18,paving,pavement,36.0,m2,97,98,,,T001271;T001274
2Gem0d7OnsekGSDo1weIbS,T001314,CIV-MARKING-APPLY,Wearing course CH174-4,L00,L00-Z18,finishing,finishing,12.6,m,100,101,,,T001313
2Gem0d7OnsekGSDo1weIbS,T001315,GEN-HANDOVER-DOC,Wearing course CH174-4,L00,L00-Z18,qa,handover,1.0,ea,111,112,,,T001269;T001278;T001281;T001287;T001309;T001314;T001321;T001337;T001343;T001346
2IIydhbl1I7U6siPPP8hOy,T001316,CIV-SUBGRADE-PREP,Sub-base CH156-5,L00,L00-Z18,earthworks,pavement,36.0,m2,93,94,,,T000338;T001330;T001368;T001380;T001387;T001393;T001413;T001425;T001431
2IIydhbl1I7U6siPPP8hOy,T001317,CIV-SUBBASE-LAY,Sub-base CH156-5,L00,L00-Z18,earthworks,pavement,36.0,m2,94,95,,,T001316
2LH_N74960qHT8J1Rwl7z_,T001318,GEN-SITE-CLEAR,Cut CH174-4,L00,L00-Z18,earthworks,mobilise,100.0,m2,0,1,,,
2LH_N74960qHT8J1Rwl7z_,T001319,CIV-EARTH-CUT,Cut CH174-4,L00,L00-Z18,earthworks,earthworks,42.8,m3,2,3,,,T001271;T001293;T001298;T001304;T001306;T001318;T001329;T001334;T001340;T001350;T001365
2ODD18OGWjrzuNVH57Gdtj,T001320,CIV-ASPHALT-WEAR,Wearing course CH156-4,L00,L00-Z18,paving,pavement,36.0,m2,97,98,,,T001271;T001290
2ODD18OGWjrzuNVH57Gdtj,T001321,CIV-MARKING-APPLY,Wearing course CH156-4,L00,L00-Z18,finishing,finishing,12.6,m,100,101,,,T001320
2ODD18OGWjrzuNVH57Gdtj,T001322,GEN-HANDOVER-DOC,Wearing course CH156-4,L00,L00-Z18,qa,handover,1.0,ea,111,112,,,T001269;T001278;T001281;T001287;T001309;T001314;T001321;T001337;T001343;T001346
2P0Iv8pVg_wx5BawicoMrV,T001323,CIV-BASE-LAY,Base course CH162-5,L00,L00-Z18,earthworks,pavement,36.0,m2,95,96,,,T001276
2P0Iv8pVg_wx5BawicoMrV,T001324,CIV-ASPHALT-BASE,Base course CH162-5,L00,L00-Z18,paving,pavement,36.0,m2,98,99,,,T001323;T001326
2VlGb6oGp0xw6A7YDgCbzg,T001325,CIV-GUARDRAIL-INSTALL,Safety barrier CH156,L00,L00-Z18,finishing,finishing,6.0,m,100,101,,,T001266;T001273;T001283;T001284;T001289;T001302;T001312;T001323;T001326;T001332;T001352;T001353;T001355;T001359;T001363
2WMAI8ZpAcvrRXN6BshcLP,T001326,CIV-KERB-LAY,Kerb outer CH162,L00,L00-Z18,finishing,pavement,6.0,m,97,98,,,T001265;T001275;T001276;T001292;T001297;T001301;T001317;T001323;T001328;T001349;T001358;T001362
2aRN_0Fi85rzdvhmyGHwvv,T001327,CIV-SUBGRADE-PREP,Sub-base CH150-4,L00,L00-Z18,earthworks,pavement,36.0,m2,93,94,,,T000338;T001351;T001368;T001380;T001387;T001393;T001413;T001425;T001431
2aRN_0Fi85rzdvhmyGHwvv,T001328,CIV-SUBBASE-LAY,Sub-base CH150-4,L00,L00-Z18,earthworks,pavement,36.0,m2,94,95,,,T001327
2aw$HxYOEgKwWN1hbOMpsf,T001329,GEN-SITE-CLEAR,Cut CH156-5,L00,L00-Z18,earthworks,mobilise,100.0,m2,0,1,,,
2aw$HxYOEgKwWN1hbOMpsf,T001330,CIV-EARTH-CUT,Cut CH156-5,L00,L00-Z18,earthworks,earthworks,89.3,m3,2,3,,,T001271;T001293;T001298;T001304;T001306;T001318;T001329;T001334;T001340;T001350;T001365
2aw$HxYOEgKwWN1hbOMpsf,T001331,CIV-COMPACT-TEST,Cut CH156-5,L00,L00-Z18,qa,earthworks,100.0,m2,3,4,,,T001330
2hSrspcf24HJgomQo8nOyD,T001332,CIV-BASE-LAY,Base course CH162-4,L00,L00-Z18,earthworks,pavement,36.0,m2,95,96,,,T001301
2hSrspcf24HJgomQo8nOyD,T001333,CIV-ASPHALT-BASE,Base course CH162-4,L00,L00-Z18,paving,pavement,36.0,m2,96,97,,,T001332
2rJqQqy7HQfzmeMwhjXzOV,T001334,GEN-SITE-CLEAR,Cut CH150-5,L00,L00-Z18,earthworks,mobilise,100.0,m2,0,1,,,
2rJqQqy7HQfzmeMwhjXzOV,T001335,CIV-EARTH-CUT,Cut CH150-5,L00,L00-Z18,earthworks,earthworks,33.5,m3,2,3,,,T001271;T001293;T001298;T001304;T001306;T001318;T001329;T001334;T001340;T001350;T001365
2vcBLDM4_3NP8naQTb8w7l,T001336,CIV-ASPHALT-WEAR,Wearing course CH162-4,L00,L00-Z18,paving,pavement,36.0,m2,97,98,,,T001271;T001333
2vcBLDM4_3NP8naQTb8w7l,T001337,CIV-MARKING-APPLY,Wearing course CH162-4,L00,L00-Z18,finishing,finishing,12.6,m,100,101,,,T001336
2vcBLDM4_3NP8naQTb8w7l,T001338,GEN-HANDOVER-DOC,Wearing course CH162-4,L00,L00-Z18,qa,handover,1.0,ea,112,113,,,T001269;T001278;T001281;T001287;T001309;T001314;T001321;T001337;T001343;T001346
2xNmtCHuejxjsxrqx33rBH,T001339,CIV-GUARDRAIL-INSTALL,Safety barrier CH150,L00,L00-Z18,finishing,finishing,6.0,m,100,101,,,T001266;T001273;T001283;T001284;T001289;T001302;T001312;T001323;T001326;T001332;T001352;T001353;T001355;T001359;T001363
312Za2tMDCJUOWjYoAlpwV,T001340,GEN-SITE-CLEAR,Cut CH174-5,L00,L00-Z18,earthworks,mobilise,100.0,m2,0,1,,,
312Za2tMDCJUOWjYoAlpwV,T001341,CIV-EARTH-CUT,Cut CH174-5,L00,L00-Z18,earthworks,earthworks,33.5,m3,3,4,,,T001271;T001293;T001298;T001304;T001306;T001318;T001329;T001334;T001340;T001350;T001365
3KHuzbIQRP1kDImsL7CjyM,T001342,CIV-ASPHALT-WEAR,Wearing course CH174-5,L00,L00-Z18,paving,pavement,36.0,m2,99,100,,,T001271;T001360
3KHuzbIQRP1kDImsL7CjyM,T001343,CIV-MARKING-APPLY,Wearing course CH174-5,L00,L00-Z18,finishing,finishing,12.6,m,100,101,,,T001342
3KHuzbIQRP1kDImsL7CjyM,T001344,GEN-HANDOVER-DOC,Wearing course CH174-5,L00,L00-Z18,qa,handover,1.0,ea,112,113,,,T001269;T001278;T001281;T001287;T001309;T001314;T001321;T001337;T001343;T001346
3N0k19j3EIbuOk53PPaMSX,T001345,CIV-ASPHALT-WEAR,Wearing course CH156-5,L00,L00-Z18,paving,pavement,36.0,m2,99,100,,,T001271;T001356
3N0k19j3EIbuOk53PPaMSX,T001346,CIV-MARKING-APPLY,Wearing course CH156-5,L00,L00-Z18,finishing,finishing,12.6,m,100,101,,,T001345
3N0k19j3EIbuOk53PPaMSX,T001347,GEN-HANDOVER-DOC,Wearing course CH156-5,L00,L00-Z18,qa,handover,1.0,ea,112,113,,,T001269;T001278;T001281;T001287;T001309;T001314;T001321;T001337;T001343;T001346
3VA7Hl$bPJmQ4UugHZe5ra,T001348,CIV-SUBGRADE-PREP,Sub-base CH168-4,L00,L00-Z18,earthworks,pavement,36.0,m2,93,94,,,T000338;T001307;T001368;T001380;T001387;T001393;T001413;T001425;T001431
3VA7Hl$bPJmQ4UugHZe5ra,T001349,CIV-SUBBASE-LAY,Sub-base CH168-4,L00,L00-Z18,earthworks,pavement,36.0,m2,94,95,,,T001348
3cy2lgErd3yXT6zLmIV4EO,T001350,GEN-SITE-CLEAR,Cut CH150-4,L00,L00-Z18,earthworks,mobilise,100.0,m2,0,1,,,
3cy2lgErd3yXT6zLmIV4EO,T001351,CIV-EARTH-CUT,Cut CH150-4,L00,L00-Z18,earthworks,earthworks,63.4,m3,3,4,,,T001271;T001293;T001298;T001304;T001306;T001318;T001329;T001334;T001340;T001350;T001365
3eLbK8ZkjB9MwXyWuHF_5k,T001352,CIV-KERB-LAY,Kerb outer CH150,L00,L00-Z18,finishing,pavement,6.0,m,97,98,,,T001264;T001265;T001276;T001292;T001297;T001301;T001317;T001328;T001349;T001353;T001358;T001362
3fXmF6PUU$nEY7exq8z3qT,T001353,CIV-BASE-LAY,Base course CH150-5,L00,L00-Z18,earthworks,pavement,36.0,m2,95,96,,,T001265
3fXmF6PUU$nEY7exq8z3qT,T001354,CIV-ASPHALT-BASE,Base course CH150-5,L00,L00-Z18,paving,pavement,36.0,m2,98,99,,,T001352;T001353
3ggcrgKDw5$S0STxRUzgmQ,T001355,CIV-BASE-LAY,Base course CH156-5,L00,L00-Z18,earthworks,pavement,36.0,m2,95,96,,,T001317
3ggcrgKDw5$S0STxRUzgmQ,T001356,CIV-ASPHALT-BASE,Base course CH156-5,L00,L00-Z18,paving,pavement,36.0,m2,98,99,,,T001283;T001355
3mLyustJz2msAcJMWmxdwa,T001357,CIV-SUBGRADE-PREP,Sub-base CH168-5,L00,L00-Z18,earthworks,pavement,36.0,m2,93,94,,,T000338;T001305;T001368;T001380;T001387;T001393;T001413;T001425;T001431
3mLyustJz2msAcJMWmxdwa,T001358,CIV-SUBBASE-LAY,Sub-base CH168-5,L00,L00-Z18,earthworks,pavement,36.0,m2,94,95,,,T001357
3ocK2ohsyioo9aaOoCGf6c,T001359,CIV-BASE-LAY,Base course CH174-5,L00,L00-Z18,earthworks,pavement,36.0,m2,95,96,,,T001362
3ocK2ohsyioo9aaOoCGf6c,T001360,CIV-ASPHALT-BASE,Base course CH174-5,L00,L00-Z18,paving,pavement,36.0,m2,98,99,,,T001266;T001359
3wIaI4edFZzR$bm7gJQS6M,T001361,CIV-SUBGRADE-PREP,Sub-base CH174-5,L00,L00-Z18,earthworks,pavement,36.0,m2,93,94,,,T000338;T001341;T001368;T001380;T001387;T001393;T001413;T001425;T001431
3wIaI4edFZzR$bm7gJQS6M,T001362,CIV-SUBBASE-LAY,Sub-base CH174-5,L00,L00-Z18,earthworks,pavement,36.0,m2,94,95,,,T001361
3z9gHyPJO01l_proln_d9q,T001363,CIV-BASE-LAY,Base course CH168-5,L00,L00-Z18,earthworks,pavement,36.0,m2,95,96,,,T001358
3z9gHyPJO01l_proln_d9q,T001364,CIV-ASPHALT-BASE,Base course CH168-5,L00,L00-Z18,paving,pavement,36.0,m2,98,99,,,T001312;T001363
3zPafa7BT4MrM4o$Nb41cD,T001365,GEN-SITE-CLEAR,Cut CH156-4,L00,L00-Z18,earthworks,mobilise,100.0,m2,0,1,,,
3zPafa7BT4MrM4o$Nb41cD,T001366,CIV-EARTH-CUT,Cut CH156-4,L00,L00-Z18,earthworks,earthworks,72.4,m3,3,4,,,T001271;T001293;T001298;T001304;T001306;T001318;T001329;T001334;T001340;T001350;T001365
3zPafa7BT4MrM4o$Nb41cD,T001367,CIV-COMPACT-TEST,Cut CH156-4,L00,L00-Z18,qa,earthworks,100.0,m2,4,5,,,T001366
2gsEJ9Pz_V0nMm5cNSh$Tu,T001368,CIV-TM-STAGE2,Sign 5,L00,L00-Z2,traffic,traffic_stage_2,100.0,m,91,92,,,T000371;T000374;T000392;T000395;T000433;T000444;T000452;T000463;T000925;T000931;T000955;T000996;T001007;T001019;T001024;T001027;T001030;T001073;T001080;T001090;T001110;T001113;T001370;T001634;T001653;T001676;T001691;T001696;T001747
,T001369,GEN-PERMIT-WORK,Permit to work · L00 zone 2,L00,L00-Z2,erection,mobilise,1.0,ea,0,1,,,
,T001370,GEN-SURVEY-SETOUT,Survey set-out of the work area · L00 zone 2,L00,L00-Z2,qa,mobilise,1.0,ea,3,4,,,T001369
,T001371,GEN-PRECOMM-CHECK,Pre-commissioning checks · L00 zone 2,L00,L00-Z2,qa,finishing,1.0,ea,92,93,,,T001368;T001380
,T001372,GEN-PRECOMM-CHECK,Pre-commissioning checks · L00 zone 2,L00,L00-Z2,qa,finishing,1.0,ea,93,94,,,T001371
,T001373,GEN-SURVEY-ASBUILT,As-built survey and record · L00 zone 2,L00,L00-Z2,qa,finishing,1.0,ea,94,95,,,T001372
3RqC1G3u8NxZn6WF_MvbK5,T001374,CIV-SIGN-INSTALL,Sign 4,L00,L00-Z2,finishing,finishing,1.0,ea,92,93,,,T001368;T001376;T001380
3RqC1G3u8NxZn6WF_MvbK5,T001375,GEN-HANDOVER-DOC,Sign 4,L00,L00-Z2,qa,handover,1.0,ea,112,113,,,T001374
,T001376,GEN-SURVEY-SETOUT,Survey set-out of the work area · L00 zone 2,L00,L00-Z2,qa,mobilise,1.0,ea,3,4,,,
,T001377,GEN-PRECOMM-CHECK,Pre-commissioning checks · L00 zone 2,L00,L00-Z2,qa,finishing,1.0,ea,93,94,,,T001374
,T001378,GEN-SURVEY-ASBUILT,As-built survey and record · L00 zone 2,L00,L00-Z2,qa,finishing,1.0,ea,94,95,,,T001377
,T001379,GEN-PUNCH-CLEAR,Clear defects and demobilise · L00 zone 2,L00,L00-Z2,finishing,handover,1.0,ea,103,104,,,T001374;T001378
3i_3m4_ByWBAVCwmhUy4fd,T001380,CIV-TM-STAGE2,Sign 3,L00,L00-Z2,traffic,traffic_stage_2,100.0,m,91,92,,,T000371;T000374;T000392;T000395;T000433;T000444;T000452;T000463;T000925;T000931;T000955;T000996;T001007;T001019;T001024;T001027;T001030;T001073;T001080;T001090;T001110;T001113;T001370;T001634;T001653;T001676;T001691;T001696;T001747
0CLHG3u$kt2lDry4Zts88B,T001381,CIV-SIGN-INSTALL,Sign 6,L00,L00-Z3,finishing,finishing,1.0,ea,92,93,,,T001383;T001387
0CLHG3u$kt2lDry4Zts88B,T001382,GEN-HANDOVER-DOC,Sign 6,L00,L00-Z3,qa,handover,1.0,ea,112,113,,,T001381
,T001383,GEN-SURVEY-SETOUT,Survey set-out of the work area · L00 zone 3,L00,L00-Z3,qa,mobilise,1.0,ea,4,5,,,
,T001384,GEN-PRECOMM-CHECK,Pre-commissioning checks · L00 zone 3,L00,L00-Z3,qa,finishing,1.0,ea,93,94,,,T001381
,T001385,GEN-SURVEY-ASBUILT,As-built survey and record · L00 zone 3,L00,L00-Z3,qa,finishing,1.0,ea,94,95,,,T001384
,T001386,GEN-PUNCH-CLEAR,Clear defects and demobilise · L00 zone 3,L00,L00-Z3,finishing,handover,1.0,ea,103,104,,,T001381;T001385
2jypVHF3KBNPvlXz8NqE5T,T001387,CIV-TM-STAGE2,Sign 7,L00,L00-Z3,traffic,traffic_stage_2,100.0,m,91,92,,,T000371;T000374;T000392;T000395;T000433;T000444;T000452;T000463;T000925;T000931;T000955;T000996;T001007;T001019;T001024;T001027;T001030;T001073;T001080;T001090;T001110;T001113;T001389;T001634;T001653;T001676;T001691;T001696;T001747
,T001388,GEN-PERMIT-WORK,Permit to work · L00 zone 3,L00,L00-Z3,erection,mobilise,1.0,ea,0,1,,,
,T001389,GEN-SURVEY-SETOUT,Survey set-out of the work area · L00 zone 3,L00,L00-Z3,qa,mobilise,1.0,ea,4,5,,,T001388
,T001390,GEN-PRECOMM-CHECK,Pre-commissioning checks · L00 zone 3,L00,L00-Z3,qa,finishing,1.0,ea,92,93,,,T001387
,T001391,GEN-PRECOMM-CHECK,Pre-commissioning checks · L00 zone 3,L00,L00-Z3,qa,finishing,1.0,ea,93,94,,,T001390
,T001392,GEN-SURVEY-ASBUILT,As-built survey and record · L00 zone 3,L00,L00-Z3,qa,finishing,1.0,ea,94,95,,,T001391
1CMn9IGI8z9LVqkSXq7t5f,T001393,CIV-TM-STAGE2,Sign 9,L00,L00-Z4,traffic,traffic_stage_2,100.0,m,91,92,,,T000371;T000374;T000392;T000395;T000433;T000444;T000452;T000463;T000925;T000931;T000955;T000996;T001007;T001019;T001024;T001027;T001030;T001073;T001080;T001090;T001110;T001113;T001395;T001634;T001653;T001676;T001691;T001696;T001747
,T001394,GEN-PERMIT-WORK,Permit to work · L00 zone 4,L00,L00-Z4,erection,mobilise,1.0,ea,0,1,,,
,T001395,GEN-SURVEY-SETOUT,Survey set-out of the work area · L00 zone 4,L00,L00-Z4,qa,mobilise,1.0,ea,4,5,,,T001394
,T001396,GEN-PRECOMM-CHECK,Pre-commissioning checks · L00 zone 4,L00,L00-Z4,qa,finishing,1.0,ea,92,93,,,T001393
,T001397,GEN-PRECOMM-CHECK,Pre-commissioning checks · L00 zone 4,L00,L00-Z4,qa,finishing,1.0,ea,93,94,,,T001396
,T001398,GEN-SURVEY-ASBUILT,As-built survey and record · L00 zone 4,L00,L00-Z4,qa,finishing,1.0,ea,95,96,,,T001397
1IcHo1l71EY1cHeVzROyzz,T001399,CIV-SIGN-INSTALL,Sign 8,L00,L00-Z4,finishing,finishing,1.0,ea,92,93,,,T001393;T001401
1IcHo1l71EY1cHeVzROyzz,T001400,GEN-HANDOVER-DOC,Sign 8,L00,L00-Z4,qa,handover,1.0,ea,112,113,,,T001399;T001405
,T001401,GEN-SURVEY-SETOUT,Survey set-out of the work area · L00 zone 4,L00,L00-Z4,qa,mobilise,1.0,ea,4,5,,,
,T001402,GEN-PRECOMM-CHECK,Pre-commissioning checks · L00 zone 4,L00,L00-Z4,qa,finishing,1.0,ea,93,94,,,T001399;T001405
,T001403,GEN-SURVEY-ASBUILT,As-built survey and record · L00 zone 4,L00,L00-Z4,qa,finishing,1.0,ea,95,96,,,T001402
,T001404,GEN-PUNCH-CLEAR,Clear defects and demobilise · L00 zone 4,L00,L00-Z4,finishing,handover,1.0,ea,103,104,,,T001399;T001403;T001405
33OlovSGzqKUa$9t3r8AI5,T001405,CIV-SIGN-INSTALL,Sign 10,L00,L00-Z4,finishing,finishing,1.0,ea,92,93,,,T001393;T001401
33OlovSGzqKUa$9t3r8AI5,T001406,GEN-HANDOVER-DOC,Sign 10,L00,L00-Z4,qa,handover,1.0,ea,112,113,,,T001399;T001405
2TefUOidOgqZXsOHbOkfQx,T001407,CIV-SIGN-INSTALL,Sign 12,L00,L00-Z5,finishing,finishing,1.0,ea,92,93,,,T001409;T001413
2TefUOidOgqZXsOHbOkfQx,T001408,GEN-HANDOVER-DOC,Sign 12,L00,L00-Z5,qa,handover,1.0,ea,112,113,,,T001407
,T001409,GEN-SURVEY-SETOUT,Survey set-out of the work area · L00 zone 5,L00,L00-Z5,qa,mobilise,1.0,ea,4,5,,,
,T001410,GEN-PRECOMM-CHECK,Pre-commissioning checks · L00 zone 5,L00,L00-Z5,qa,finishing,1.0,ea,93,94,,,T001407
,T001411,GEN-SURVEY-ASBUILT,As-built survey and record · L00 zone 5,L00,L00-Z5,qa,finishing,1.0,ea,95,96,,,T001410
,T001412,GEN-PUNCH-CLEAR,Clear defects and demobilise · L00 zone 5,L00,L00-Z5,finishing,handover,1.0,ea,103,104,,,T001407;T001411
2ZoZxhcfdy_nHyhB_h8WYY,T001413,CIV-TM-STAGE2,Sign 11,L00,L00-Z5,traffic,traffic_stage_2,100.0,m,91,92,,,T000371;T000374;T000392;T000395;T000433;T000444;T000452;T000463;T000925;T000931;T000955;T000996;T001007;T001019;T001024;T001027;T001030;T001073;T001080;T001090;T001110;T001113;T001415;T001634;T001653;T001676;T001691;T001696;T001747
,T001414,GEN-PERMIT-WORK,Permit to work · L00 zone 5,L00,L00-Z5,erection,mobilise,1.0,ea,0,1,,,
,T001415,GEN-SURVEY-SETOUT,Survey set-out of the work area · L00 zone 5,L00,L00-Z5,qa,mobilise,1.0,ea,4,5,,,T001414
,T001416,GEN-PRECOMM-CHECK,Pre-commissioning checks · L00 zone 5,L00,L00-Z5,qa,finishing,1.0,ea,92,93,,,T001413
,T001417,GEN-PRECOMM-CHECK,Pre-commissioning checks · L00 zone 5,L00,L00-Z5,qa,finishing,1.0,ea,93,94,,,T001416
,T001418,GEN-SURVEY-ASBUILT,As-built survey and record · L00 zone 5,L00,L00-Z5,qa,finishing,1.0,ea,95,96,,,T001417
08OW$wZrPY6s_DytneFHNF,T001419,CIV-SIGN-INSTALL,Sign 14,L00,L00-Z6,finishing,finishing,1.0,ea,93,94,,,T001421;T001425;T001431
08OW$wZrPY6s_DytneFHNF,T001420,GEN-HANDOVER-DOC,Sign 14,L00,L00-Z6,qa,handover,1.0,ea,112,113,,,T001419
,T001421,GEN-SURVEY-SETOUT,Survey set-out of the work area · L00 zone 6,L00,L00-Z6,qa,mobilise,1.0,ea,4,5,,,
,T001422,GEN-PRECOMM-CHECK,Pre-commissioning checks · L00 zone 6,L00,L00-Z6,qa,finishing,1.0,ea,94,95,,,T001419
,T001423,GEN-SURVEY-ASBUILT,As-built survey and record · L00 zone 6,L00,L00-Z6,qa,finishing,1.0,ea,95,96,,,T001422
,T001424,GEN-PUNCH-CLEAR,Clear defects and demobilise · L00 zone 6,L00,L00-Z6,finishing,handover,1.0,ea,103,104,,,T001419;T001423
1FbVQhN$lVozYwhIW9WFmo,T001425,CIV-TM-STAGE2,Sign 13,L00,L00-Z6,traffic,traffic_stage_2,100.0,m,92,93,,,T000371;T000374;T000392;T000395;T000433;T000444;T000452;T000463;T000925;T000931;T000955;T000996;T001007;T001019;T001024;T001027;T001030;T001073;T001080;T001090;T001110;T001113;T001427;T001634;T001653;T001676;T001691;T001696;T001747
,T001426,GEN-PERMIT-WORK,Permit to work · L00 zone 6,L00,L00-Z6,erection,mobilise,1.0,ea,0,1,,,
,T001427,GEN-SURVEY-SETOUT,Survey set-out of the work area · L00 zone 6,L00,L00-Z6,qa,mobilise,1.0,ea,5,6,,,T001426
,T001428,GEN-PRECOMM-CHECK,Pre-commissioning checks · L00 zone 6,L00,L00-Z6,qa,finishing,1.0,ea,93,94,,,T001425;T001431
,T001429,GEN-PRECOMM-CHECK,Pre-commissioning checks · L00 zone 6,L00,L00-Z6,qa,finishing,1.0,ea,94,95,,,T001428
,T001430,GEN-SURVEY-ASBUILT,As-built survey and record · L00 zone 6,L00,L00-Z6,qa,finishing,1.0,ea,95,96,,,T001429
2658ZDYGCsQ571EhZatUTS,T001431,CIV-TM-STAGE2,Sign 15,L00,L00-Z6,traffic,traffic_stage_2,100.0,m,92,93,,,T000371;T000374;T000392;T000395;T000433;T000444;T000452;T000463;T000925;T000931;T000955;T000996;T001007;T001019;T001024;T001027;T001030;T001073;T001080;T001090;T001110;T001113;T001427;T001634;T001653;T001676;T001691;T001696;T001747
09Z4Me2QIo9cKUngnHAi6C,T001432,CIV-BASE-LAY,Base course CH000-2,L00,L00-Z7,earthworks,pavement,36.0,m2,95,96,,,T001476
09Z4Me2QIo9cKUngnHAi6C,T001433,CIV-ASPHALT-BASE,Base course CH000-2,L00,L00-Z7,paving,pavement,36.0,m2,98,99,,,T001432;T001440
0Bwj8oRsR$YfahG_h65Cw2,T001434,CIV-ASPHALT-WEAR,Wearing course CH006-3,L00,L00-Z7,paving,pavement,36.0,m2,97,98,,,T001437;T001493
0Bwj8oRsR$YfahG_h65Cw2,T001435,CIV-MARKING-APPLY,Wearing course CH006-3,L00,L00-Z7,finishing,finishing,12.6,m,100,101,,,T001434
0Bwj8oRsR$YfahG_h65Cw2,T001436,GEN-HANDOVER-DOC,Wearing course CH006-3,L00,L00-Z7,qa,handover,1.0,ea,112,113,,,T001435;T001450;T001455;T001458;T001470;T001499;T001505;T001510;T001521;T001524
,T001437,GEN-SURVEY-SETOUT,Survey set-out of the work area · L00 zone 7,L00,L00-Z7,qa,mobilise,1.0,ea,1,2,,,
,T001438,GEN-SURVEY-ASBUILT,As-built survey and record · L00 zone 7,L00,L00-Z7,qa,finishing,1.0,ea,101,102,,,T001434;T001435;T001449;T001450;T001454;T001455;T001457;T001458;T001469;T001470;T001498;T001499;T001504;T001505;T001509;T001510;T001520;T001521;T001523;T001524
0CmSmDFMd_CiaYC6LenNip,T001439,CIV-KERB-LAY,Kerb inner CH018,L00,L00-Z7,finishing,pavement,6.0,m,97,98,,,T001442;T001464;T001465;T001476;T001480;T001484;T001486;T001495;T001496;T001515;T001519;T001530
0FhtJpV4FUo_cMmBxmZul1,T001440,CIV-KERB-LAY,Kerb inner CH000,L00,L00-Z7,finishing,pavement,6.0,m,97,98,,,T001432;T001442;T001465;T001475;T001476;T001480;T001484;T001486;T001495;T001515;T001519;T001530
0HeFUdENlInrHnsN_ML_aH,T001441,CIV-SUBGRADE-PREP,Sub-base CH006-2,L00,L00-Z7,earthworks,pavement,36.0,m2,93,94,,,T000338;T001368;T001380;T001387;T001393;T001413;T001425;T001431;T001444
0HeFUdENlInrHnsN_ML_aH,T001442,CIV-SUBBASE-LAY,Sub-base CH006-2,L00,L00-Z7,earthworks,pavement,36.0,m2,94,95,,,T001441
0JKs8nmxW1EYhEbtKw0XMD,T001443,GEN-SITE-CLEAR,Cut CH006-2,L00,L00-Z7,earthworks,mobilise,100.0,m2,0,1,,,
0JKs8nmxW1EYhEbtKw0XMD,T001444,CIV-EARTH-CUT,Cut CH006-2,L00,L00-Z7,earthworks,earthworks,78.5,m3,3,4,,,T001437;T001443;T001446;T001462;T001466;T001472;T001481;T001490;T001501;T001516;T001527
0JKs8nmxW1EYhEbtKw0XMD,T001445,CIV-COMPACT-TEST,Cut CH006-2,L00,L00-Z7,qa,earthworks,100.0,m2,5,6,,,T001444
0ZVSHDBs43BRT3PrSvZ0Ks,T001446,GEN-SITE-CLEAR,Cut CH000-2,L00,L00-Z7,earthworks,mobilise,100.0,m2,0,1,,,
0ZVSHDBs43BRT3PrSvZ0Ks,T001447,CIV-EARTH-CUT,Cut CH000-2,L00,L00-Z7,earthworks,earthworks,71.6,m3,3,4,,,T001437;T001443;T001446;T001462;T001466;T001472;T001481;T001490;T001501;T001516;T001527
0ZVSHDBs43BRT3PrSvZ0Ks,T001448,CIV-COMPACT-TEST,Cut CH000-2,L00,L00-Z7,qa,earthworks,100.0,m2,5,6,,,T001447
0hZfZXcOJU7peH3$bXrpn4,T001449,CIV-ASPHALT-WEAR,Wearing course CH024-2,L00,L00-Z7,paving,pavement,36.0,m2,99,100,,,T001437;T001461
0hZfZXcOJU7peH3$bXrpn4,T001450,CIV-MARKING-APPLY,Wearing course CH024-2,L00,L00-Z7,finishing,finishing,12.6,m,100,101,,,T001449
0hZfZXcOJU7peH3$bXrpn4,T001451,GEN-HANDOVER-DOC,Wearing course CH024-2,L00,L00-Z7,qa,handover,1.0,ea,112,113,,,T001435;T001450;T001455;T001458;T001470;T001499;T001505;T001510;T001521;T001524
0jBfn1bqnAVLmLHYcY$I8L,T001452,CIV-BASE-LAY,Base course CH000-3,L00,L00-Z7,earthworks,pavement,36.0,m2,95,96,,,T001484
0jBfn1bqnAVLmLHYcY$I8L,T001453,CIV-ASPHALT-BASE,Base course CH000-3,L00,L00-Z7,paving,pavement,36.0,m2,96,97,,,T001452
0k0sBbzPC3QLbAyEdoy_XB,T001454,CIV-ASPHALT-WEAR,Wearing course CH018-3,L00,L00-Z7,paving,pavement,36.0,m2,97,98,,,T001437;T001513
0k0sBbzPC3QLbAyEdoy_XB,T001455,CIV-MARKING-APPLY,Wearing course CH018-3,L00,L00-Z7,finishing,finishing,12.6,m,100,101,,,T001454
0k0sBbzPC3QLbAyEdoy_XB,T001456,GEN-HANDOVER-DOC,Wearing course CH018-3,L00,L00-Z7,qa,handover,1.0,ea,113,114,,,T001435;T001450;T001455;T001458;T001470;T001499;T001505;T001510;T001521;T001524
0rSfVreY9lF6MS5p8xadfB,T001457,CIV-ASPHALT-WEAR,Wearing course CH012-2,L00,L00-Z7,paving,pavement,36.0,m2,99,100,,,T001437;T001532
0rSfVreY9lF6MS5p8xadfB,T001458,CIV-MARKING-APPLY,Wearing course CH012-2,L00,L00-Z7,finishing,finishing,12.6,m,100,101,,,T001457
0rSfVreY9lF6MS5p8xadfB,T001459,GEN-HANDOVER-DOC,Wearing course CH012-2,L00,L00-Z7,qa,handover,1.0,ea,113,114,,,T001435;T001450;T001455;T001458;T001470;T001499;T001505;T001510;T001521;T001524
11SWdZsmiwWRxcoD0lacDz,T001460,CIV-BASE-LAY,Base course CH024-2,L00,L00-Z7,earthworks,pavement,36.0,m2,95,96,,,T001486
11SWdZsmiwWRxcoD0lacDz,T001461,CIV-ASPHALT-BASE,Base course CH024-2,L00,L00-Z7,paving,pavement,36.0,m2,98,99,,,T001460;T001487
14lItG5dk5jQVDjqJUKMq3,T001462,GEN-SITE-CLEAR,Cut CH018-3,L00,L00-Z7,earthworks,mobilise,100.0,m2,0,1,,,
14lItG5dk5jQVDjqJUKMq3,T001463,CIV-EARTH-CUT,Cut CH018-3,L00,L00-Z7,earthworks,earthworks,39.2,m3,3,4,,,T001437;T001443;T001446;T001462;T001466;T001472;T001481;T001490;T001501;T001516;T001527
1GhMf72IIEk9loChcfHKt_,T001464,CIV-SUBGRADE-PREP,Sub-base CH018-2,L00,L00-Z7,earthworks,pavement,36.0,m2,93,94,,,T000338;T001368;T001380;T001387;T001393;T001413;T001425;T001431;T001473
1GhMf72IIEk9loChcfHKt_,T001465,CIV-SUBBASE-LAY,Sub-base CH018-2,L00,L00-Z7,earthworks,pavement,36.0,m2,94,95,,,T001464
1RhDBmCjiX5wFmAbkO85Tb,T001466,GEN-SITE-CLEAR,Cut CH000-3,L00,L00-Z7,earthworks,mobilise,100.0,m2,1,2,,,
1RhDBmCjiX5wFmAbkO85Tb,T001467,CIV-EARTH-CUT,Cut CH000-3,L00,L00-Z7,earthworks,earthworks,53.3,m3,3,4,,,T001437;T001443;T001446;T001462;T001466;T001472;T001481;T001490;T001501;T001516;T001527
1RjZGs9WXmKpwAWsIQ9YOl,T001468,CIV-KERB-LAY,Kerb inner CH012,L00,L00-Z7,finishing,pavement,6.0,m,97,98,,,T001442;T001465;T001476;T001480;T001484;T001486;T001494;T001495;T001515;T001519;T001530;T001531
1UbXeofevYT9PHDJDLvxeq,T001469,CIV-ASPHALT-WEAR,Wearing course CH012-3,L00,L00-Z7,paving,pavement,36.0,m2,97,98,,,T001437;T001489
1UbXeofevYT9PHDJDLvxeq,T001470,CIV-MARKING-APPLY,Wearing course CH012-3,L00,L00-Z7,finishing,finishing,12.6,m,100,101,,,T001469
1UbXeofevYT9PHDJDLvxeq,T001471,GEN-HANDOVER-DOC,Wearing course CH012-3,L00,L00-Z7,qa,handover,1.0,ea,113,114,,,T001435;T001450;T001455;T001458;T001470;T001499;T001505;T001510;T001521;T001524
1YaQhQX_W6BsZ50gGXKus1,T001472,GEN-SITE-CLEAR,Cut CH018-2,L00,L00-Z7,earthworks,mobilise,100.0,m2,1,2,,,
1YaQhQX_W6BsZ50gGXKus1,T001473,CIV-EARTH-CUT,Cut CH018-2,L00,L00-Z7,earthworks,earthworks,86.8,m3,3,4,,,T001437;T001443;T001446;T001462;T001466;T001472;T001481;T001490;T001501;T001516;T001527
1YaQhQX_W6BsZ50gGXKus1,T001474,CIV-COMPACT-TEST,Cut CH018-2,L00,L00-Z7,qa,earthworks,100.0,m2,5,6,,,T001473
1cA4Bpmmy71LA$tgC5TRyY,T001475,CIV-SUBGRADE-PREP,Sub-base CH000-2,L00,L00-Z7,earthworks,pavement,36.0,m2,93,94,,,T000338;T001368;T001380;T001387;T001393;T001413;T001425;T001431;T001447
1cA4Bpmmy71LA$tgC5TRyY,T001476,CIV-SUBBASE-LAY,Sub-base CH000-2,L00,L00-Z7,earthworks,pavement,36.0,m2,94,95,,,T001475
1ev6j1_HOn$q_ru_LA3Sb4,T001477,CIV-BASE-LAY,Base course CH006-2,L00,L00-Z7,earthworks,pavement,36.0,m2,95,96,,,T001442
1ev6j1_HOn$q_ru_LA3Sb4,T001478,CIV-ASPHALT-BASE,Base course CH006-2,L00,L00-Z7,paving,pavement,36.0,m2,98,99,,,T001477;T001526
1hSyjcLNbCyGXNgBSjSdrg,T001479,CIV-SUBGRADE-PREP,Sub-base CH024-3,L00,L00-Z7,earthworks,pavement,36.0,m2,93,94,,,T000338;T001368;T001380;T001387;T001393;T001413;T001425;T001431;T001528
1hSyjcLNbCyGXNgBSjSdrg,T001480,CIV-SUBBASE-LAY,Sub-base CH024-3,L00,L00-Z7,earthworks,pavement,36.0,m2,94,95,,,T001479
1kt8geFcdqfpbGOrmMcp0c,T001481,GEN-SITE-CLEAR,Cut CH024-2,L00,L00-Z7,earthworks,mobilise,100.0,m2,1,2,,,
1kt8geFcdqfpbGOrmMcp0c,T001482,CIV-EARTH-CUT,Cut CH024-2,L00,L00-Z7,earthworks,earthworks,64.1,m3,3,4,,,T001437;T001443;T001446;T001462;T001466;T001472;T001481;T001490;T001501;T001516;T001527
1mJnekDB0dukYDGBNtvqD3,T001483,CIV-SUBGRADE-PREP,Sub-base CH000-3,L00,L00-Z7,earthworks,pavement,36.0,m2,93,94,,,T000338;T001368;T001380;T001387;T001393;T001413;T001425;T001431;T001467
1mJnekDB0dukYDGBNtvqD3,T001484,CIV-SUBBASE-LAY,Sub-base CH000-3,L00,L00-Z7,earthworks,pavement,36.0,m2,94,95,,,T001483
1yiiKXBa3n6KRSSQYq21yG,T001485,CIV-SUBGRADE-PREP,Sub-base CH024-2,L00,L00-Z7,earthworks,pavement,36.0,m2,93,94,,,T000338;T001368;T001380;T001387;T001393;T001413;T001425;T001431;T001482
1yiiKXBa3n6KRSSQYq21yG,T001486,CIV-SUBBASE-LAY,Sub-base CH024-2,L00,L00-Z7,earthworks,pavement,36.0,m2,94,95,,,T001485
2BdqeBA9UBL7Aa$1sHz$Fp,T001487,CIV-KERB-LAY,Kerb inner CH024,L00,L00-Z7,finishing,pavement,6.0,m,97,98,,,T001442;T001460;T001465;T001476;T001480;T001484;T001485;T001486;T001495;T001515;T001519;T001530
2DQUr_7IZB5TqlwACHo97t,T001488,CIV-BASE-LAY,Base course CH012-3,L00,L00-Z7,earthworks,pavement,36.0,m2,95,96,,,T001515
2DQUr_7IZB5TqlwACHo97t,T001489,CIV-ASPHALT-BASE,Base course CH012-3,L00,L00-Z7,paving,pavement,36.0,m2,96,97,,,T001488
2DVOOvHsNZxV9uC61BULq_,T001490,GEN-SITE-CLEAR,Cut CH012-2,L00,L00-Z7,earthworks,mobilise,100.0,m2,1,2,,,
2DVOOvHsNZxV9uC61BULq_,T001491,CIV-EARTH-CUT,Cut CH012-2,L00,L00-Z7,earthworks,earthworks,36.0,m3,3,4,,,T001437;T001443;T001446;T001462;T001466;T001472;T001481;T001490;T001501;T001516;T001527
2GGVIfVo_IYrmv9BpZlw_f,T001492,CIV-BASE-LAY,Base course CH006-3,L00,L00-Z7,earthworks,pavement,36.0,m2,95,96,,,T001519
2GGVIfVo_IYrmv9BpZlw_f,T001493,CIV-ASPHALT-BASE,Base course CH006-3,L00,L00-Z7,paving,pavement,36.0,m2,96,97,,,T001492
2MF1H1K$iXLlGYF3gsY8X9,T001494,CIV-SUBGRADE-PREP,Sub-base CH012-2,L00,L00-Z7,earthworks,pavement,36.0,m2,93,94,,,T000338;T001368;T001380;T001387;T001393;T001413;T001425;T001431;T001491
2MF1H1K$iXLlGYF3gsY8X9,T001495,CIV-SUBBASE-LAY,Sub-base CH012-2,L00,L00-Z7,earthworks,pavement,36.0,m2,94,95,,,T001494
2MjSMmdbGM0o4NeSD$Ig9U,T001496,CIV-BASE-LAY,Base course CH018-2,L00,L00-Z7,earthworks,pavement,36.0,m2,95,96,,,T001465
2MjSMmdbGM0o4NeSD$Ig9U,T001497,CIV-ASPHALT-BASE,Base course CH018-2,L00,L00-Z7,paving,pavement,36.0,m2,98,99,,,T001439;T001496
2NA_gMe70vZQLK_BGtspsz,T001498,CIV-ASPHALT-WEAR,Wearing course CH024-3,L00,L00-Z7,paving,pavement,36.0,m2,97,98,,,T001437;T001508
2NA_gMe70vZQLK_BGtspsz,T001499,CIV-MARKING-APPLY,Wearing course CH024-3,L00,L00-Z7,finishing,finishing,12.6,m,100,101,,,T001498
2NA_gMe70vZQLK_BGtspsz,T001500,GEN-HANDOVER-DOC,Wearing course CH024-3,L00,L00-Z7,qa,handover,1.0,ea,113,114,,,T001435;T001450;T001455;T001458;T001470;T001499;T001505;T001510;T001521;T001524
2PJlK0f_2EkdU7UAA_8GGy,T001501,GEN-SITE-CLEAR,Cut CH006-3,L00,L00-Z7,earthworks,mobilise,100.0,m2,1,2,,,
2PJlK0f_2EkdU7UAA_8GGy,T001502,CIV-EARTH-CUT,Cut CH006-3,L00,L00-Z7,earthworks,earthworks,85.7,m3,3,4,,,T001437;T001443;T001446;T001462;T001466;T001472;T001481;T001490;T001501;T001516;T001527
2PJlK0f_2EkdU7UAA_8GGy,T001503,CIV-COMPACT-TEST,Cut CH006-3,L00,L00-Z7,qa,earthworks,100.0,m2,5,6,,,T001502
2SaLw$EEYk5uRsDVc4vXiB,T001504,CIV-ASPHALT-WEAR,Wearing course CH006-2,L00,L00-Z7,paving,pavement,36.0,m2,99,100,,,T001437;T001478
2SaLw$EEYk5uRsDVc4vXiB,T001505,CIV-MARKING-APPLY,Wearing course CH006-2,L00,L00-Z7,finishing,finishing,12.6,m,100,101,,,T001504
2SaLw$EEYk5uRsDVc4vXiB,T001506,GEN-HANDOVER-DOC,Wearing course CH006-2,L00,L00-Z7,qa,handover,1.0,ea,113,114,,,T001435;T001450;T001455;T001458;T001470;T001499;T001505;T001510;T001521;T001524
2XbxFy69yOFmcq6JHPhqwI,T001507,CIV-BASE-LAY,Base course CH024-3,L00,L00-Z7,earthworks,pavement,36.0,m2,95,96,,,T001480
2XbxFy69yOFmcq6JHPhqwI,T001508,CIV-ASPHALT-BASE,Base course CH024-3,L00,L00-Z7,paving,pavement,36.0,m2,96,97,,,T001507
2eLBgv1XQV8iWD06nurLq$,T001509,CIV-ASPHALT-WEAR,Wearing course CH018-2,L00,L00-Z7,paving,pavement,36.0,m2,99,100,,,T001437;T001497
2eLBgv1XQV8iWD06nurLq$,T001510,CIV-MARKING-APPLY,Wearing course CH018-2,L00,L00-Z7,finishing,finishing,12.6,m,100,101,,,T001509
2eLBgv1XQV8iWD06nurLq$,T001511,GEN-HANDOVER-DOC,Wearing course CH018-2,L00,L00-Z7,qa,handover,1.0,ea,113,114,,,T001435;T001450;T001455;T001458;T001470;T001499;T001505;T001510;T001521;T001524
2z3tLtK6CgQOqXacUC6o_J,T001512,CIV-BASE-LAY,Base course CH018-3,L00,L00-Z7,earthworks,pavement,36.0,m2,95,96,,,T001530
2z3tLtK6CgQOqXacUC6o_J,T001513,CIV-ASPHALT-BASE,Base course CH018-3,L00,L00-Z7,paving,pavement,36.0,m2,96,97,,,T001512
31lPbcVxl$PVJ0q3Ti1g0m,T001514,CIV-SUBGRADE-PREP,Sub-base CH012-3,L00,L00-Z7,earthworks,pavement,36.0,m2,93,94,,,T000338;T001368;T001380;T001387;T001393;T001413;T001425;T001431;T001517
31lPbcVxl$PVJ0q3Ti1g0m,T001515,CIV-SUBBASE-LAY,Sub-base CH012-3,L00,L00-Z7,earthworks,pavement,36.0,m2,94,95,,,T001514
37Lm0nXwas_JObR77e76zK,T001516,GEN-SITE-CLEAR,Cut CH012-3,L00,L00-Z7,earthworks,mobilise,100.0,m2,1,2,,,
37Lm0nXwas_JObR77e76zK,T001517,CIV-EARTH-CUT,Cut CH012-3,L00,L00-Z7,earthworks,earthworks,61.9,m3,3,4,,,T001437;T001443;T001446;T001462;T001466;T001472;T001481;T001490;T001501;T001516;T001527
3FUQisLHQQ7iZLfbbYCHq7,T001518,CIV-SUBGRADE-PREP,Sub-base CH006-3,L00,L00-Z7,earthworks,pavement,36.0,m2,93,94,,,T000338;T001368;T001380;T001387;T001393;T001413;T001425;T001431;T001502
3FUQisLHQQ7iZLfbbYCHq7,T001519,CIV-SUBBASE-LAY,Sub-base CH006-3,L00,L00-Z7,earthworks,pavement,36.0,m2,94,95,,,T001518
3T9hof3Yv_TjmtNmAbV9AY,T001520,CIV-ASPHALT-WEAR,Wearing course CH000-2,L00,L00-Z7,paving,pavement,36.0,m2,99,100,,,T001433;T001437
3T9hof3Yv_TjmtNmAbV9AY,T001521,CIV-MARKING-APPLY,Wearing course CH000-2,L00,L00-Z7,finishing,finishing,12.6,m,100,101,,,T001520
3T9hof3Yv_TjmtNmAbV9AY,T001522,GEN-HANDOVER-DOC,Wearing course CH000-2,L00,L00-Z7,qa,handover,1.0,ea,113,114,,,T001435;T001450;T001455;T001458;T001470;T001499;T001505;T001510;T001521;T001524
3Zrcz9kWV$PwDHc0ogmgug,T001523,CIV-ASPHALT-WEAR,Wearing course CH000-3,L00,L00-Z7,paving,pavement,36.0,m2,97,98,,,T001437;T001453
3Zrcz9kWV$PwDHc0ogmgug,T001524,CIV-MARKING-APPLY,Wearing course CH000-3,L00,L00-Z7,finishing,finishing,12.6,m,100,101,,,T001523
3Zrcz9kWV$PwDHc0ogmgug,T001525,GEN-HANDOVER-DOC,Wearing course CH000-3,L00,L00-Z7,qa,handover,1.0,ea,113,114,,,T001435;T001450;T001455;T001458;T001470;T001499;T001505;T001510;T001521;T001524
3_8FQFNN0veF5GQKBW4AFc,T001526,CIV-KERB-LAY,Kerb inner CH006,L00,L00-Z7,finishing,pavement,6.0,m,97,98,,,T001441;T001442;T001465;T001476;T001477;T001480;T001484;T001486;T001495;T001515;T001519;T001530
3fxuuRyLAagBUdSPI35Vy9,T001527,GEN-SITE-CLEAR,Cut CH024-3,L00,L00-Z7,earthworks,mobilise,100.0,m2,1,2,,,
3fxuuRyLAagBUdSPI35Vy9,T001528,CIV-EARTH-CUT,Cut CH024-3,L00,L00-Z7,earthworks,earthworks,50.0,m3,3,4,,,T001437;T001443;T001446;T001462;T001466;T001472;T001481;T001490;T001501;T001516;T001527
3imCzSKv94b2eXD9hLmK9B,T001529,CIV-SUBGRADE-PREP,Sub-base CH018-3,L00,L00-Z7,earthworks,pavement,36.0,m2,93,94,,,T000338;T001368;T001380;T001387;T001393;T001413;T001425;T001431;T001463
3imCzSKv94b2eXD9hLmK9B,T001530,CIV-SUBBASE-LAY,Sub-base CH018-3,L00,L00-Z7,earthworks,pavement,36.0,m2,94,95,,,T001529
3wk7$LlKWDET051V5yknJM,T001531,CIV-BASE-LAY,Base course CH012-2,L00,L00-Z7,earthworks,pavement,36.0,m2,95,96,,,T001495
3wk7$LlKWDET051V5yknJM,T001532,CIV-ASPHALT-BASE,Base course CH012-2,L00,L00-Z7,paving,pavement,36.0,m2,98,99,,,T001468;T001531
06tzMMGDnfnrVZohbvHHqc,T001533,CIV-ASPHALT-WEAR,Wearing course CH030-3,L00,L00-Z8,paving,pavement,36.0,m2,97,98,,,T001536;T001566
06tzMMGDnfnrVZohbvHHqc,T001534,CIV-MARKING-APPLY,Wearing course CH030-3,L00,L00-Z8,finishing,finishing,12.6,m,100,101,,,T001533
06tzMMGDnfnrVZohbvHHqc,T001535,GEN-HANDOVER-DOC,Wearing course CH030-3,L00,L00-Z8,qa,handover,1.0,ea,113,114,,,T001534;T001545;T001550;T001555;T001572;T001577;T001604;T001611;T001614;T001631
,T001536,GEN-SURVEY-SETOUT,Survey set-out of the work area · L00 zone 8,L00,L00-Z8,qa,mobilise,1.0,ea,1,2,,,
,T001537,GEN-SURVEY-ASBUILT,As-built survey and record · L00 zone 8,L00,L00-Z8,qa,finishing,1.0,ea,101,102,,,T001533;T001534;T001544;T001545;T001549;T001550;T001554;T001555;T001571;T001572;T001576;T001577;T001603;T001604;T001610;T001611;T001613;T001614;T001630;T001631
09jDbcBaumo3yKSHobIcl1,T001538,CIV-BASE-LAY,Base course CH036-2,L00,L00-Z8,earthworks,pavement,36.0,m2,95,96,,,T001624
09jDbcBaumo3yKSHobIcl1,T001539,CIV-ASPHALT-BASE,Base course CH036-2,L00,L00-Z8,paving,pavement,36.0,m2,98,99,,,T001538;T001627
0CQRXAKUM9K0qvyb4Taaw9,T001540,GEN-SITE-CLEAR,Cut CH042-3,L00,L00-Z8,earthworks,mobilise,100.0,m2,1,2,,,
0CQRXAKUM9K0qvyb4Taaw9,T001541,CIV-EARTH-CUT,Cut CH042-3,L00,L00-Z8,earthworks,earthworks,51.1,m3,3,4,,,T001536;T001540;T001552;T001579;T001583;T001588;T001591;T001595;T001608;T001618;T001625
0G7KDrzuNmj3Gz_Equ58Xe,T001542,CIV-SUBGRADE-PREP,Sub-base CH030-2,L00,L00-Z8,earthworks,pavement,36.0,m2,93,94,,,T000338;T001368;T001380;T001387;T001393;T001413;T001425;T001431;T001626
0G7KDrzuNmj3Gz_Equ58Xe,T001543,CIV-SUBBASE-LAY,Sub-base CH030-2,L00,L00-Z8,earthworks,pavement,36.0,m2,94,95,,,T001542
0NDaYGu1TBJ1$Rhrd$lx4g,T001544,CIV-ASPHALT-WEAR,Wearing course CH048-3,L00,L00-Z8,paving,pavement,36.0,m2,97,98,,,T001536;T001562
0NDaYGu1TBJ1$Rhrd$lx4g,T001545,CIV-MARKING-APPLY,Wearing course CH048-3,L00,L00-Z8,finishing,finishing,12.6,m,100,101,,,T001544
0NDaYGu1TBJ1$Rhrd$lx4g,T001546,GEN-HANDOVER-DOC,Wearing course CH048-3,L00,L00-Z8,qa,handover,1.0,ea,113,114,,,T001534;T001545;T001550;T001555;T001572;T001577;T001604;T001611;T001614;T001631
0ShCtVzinJ61Ky$L9_fUgZ,T001547,CIV-BASE-LAY,Base course CH030-2,L00,L00-Z8,earthworks,pavement,36.0,m2,95,96,,,T001543
0ShCtVzinJ61Ky$L9_fUgZ,T001548,CIV-ASPHALT-BASE,Base course CH030-2,L00,L00-Z8,paving,pavement,36.0,m2,98,99,,,T001547;T001600
0SmpUAwuvB$veF$2Dpq40B,T001549,CIV-ASPHALT-WEAR,Wearing course CH030-2,L00,L00-Z8,paving,pavement,36.0,m2,99,100,,,T001536;T001548
0SmpUAwuvB$veF$2Dpq40B,T001550,CIV-MARKING-APPLY,Wearing course CH030-2,L00,L00-Z8,finishing,finishing,12.6,m,100,101,,,T001549
0SmpUAwuvB$veF$2Dpq40B,T001551,GEN-HANDOVER-DOC,Wearing course CH030-2,L00,L00-Z8,qa,handover,1.0,ea,113,114,,,T001534;T001545;T001550;T001555;T001572;T001577;T001604;T001611;T001614;T001631
0WzE8p_96JJcAVFrSmvucs,T001552,GEN-SITE-CLEAR,Cut CH042-2,L00,L00-Z8,earthworks,mobilise,100.0,m2,1,2,,,
0WzE8p_96JJcAVFrSmvucs,T001553,CIV-EARTH-CUT,Cut CH042-2,L00,L00-Z8,earthworks,earthworks,53.3,m3,3,4,,,T001536;T001540;T001552;T001579;T001583;T001588;T001591;T001595;T001608;T001618;T001625
0X8mSTeqj1XVaBph9MyejR,T001554,CIV-ASPHALT-WEAR,Wearing course CH042-3,L00,L00-Z8,paving,pavement,36.0,m2,97,98,,,T001536;T001629
0X8mSTeqj1XVaBph9MyejR,T001555,CIV-MARKING-APPLY,Wearing course CH042-3,L00,L00-Z8,finishing,finishing,12.6,m,100,101,,,T001554
0X8mSTeqj1XVaBph9MyejR,T001556,GEN-HANDOVER-DOC,Wearing course CH042-3,L00,L00-Z8,qa,handover,1.0,ea,114,115,,,T001534;T001545;T001550;T001555;T001572;T001577;T001604;T001611;T001614;T001631
0jwsDLNphKujeflqtfURmW,T001557,CIV-BASE-LAY,Base course CH054-2,L00,L00-Z8,earthworks,pavement,36.0,m2,95,96,,,T001564
0jwsDLNphKujeflqtfURmW,T001558,CIV-ASPHALT-BASE,Base course CH054-2,L00,L00-Z8,paving,pavement,36.0,m2,98,99,,,T001557;T001582
0oADXJAndTVauGGL34jfyx,T001559,CIV-BASE-LAY,Base course CH048-2,L00,L00-Z8,earthworks,pavement,36.0,m2,95,96,,,T001607
0oADXJAndTVauGGL34jfyx,T001560,CIV-ASPHALT-BASE,Base course CH048-2,L00,L00-Z8,paving,pavement,36.0,m2,98,99,,,T001559;T001599
0sUYaYqO8NHbEwvY_Of2J6,T001561,CIV-BASE-LAY,Base course CH048-3,L00,L00-Z8,earthworks,pavement,36.0,m2,95,96,,,T001617
0sUYaYqO8NHbEwvY_Of2J6,T001562,CIV-ASPHALT-BASE,Base course CH048-3,L00,L00-Z8,paving,pavement,36.0,m2,96,97,,,T001561
0x7krl7Y59c9RCCTnOOVMr,T001563,CIV-SUBGRADE-PREP,Sub-base CH054-2,L00,L00-Z8,earthworks,pavement,36.0,m2,93,94,,,T000338;T001368;T001380;T001387;T001393;T001413;T001425;T001431;T001589
0x7krl7Y59c9RCCTnOOVMr,T001564,CIV-SUBBASE-LAY,Sub-base CH054-2,L00,L00-Z8,earthworks,pavement,36.0,m2,94,95,,,T001563
1$HqDWPOFoRwOhDr5FvwH$,T001565,CIV-BASE-LAY,Base course CH030-3,L00,L00-Z8,earthworks,pavement,36.0,m2,95,96,,,T001598
1$HqDWPOFoRwOhDr5FvwH$,T001566,CIV-ASPHALT-BASE,Base course CH030-3,L00,L00-Z8,paving,pavement,36.0,m2,96,97,,,T001565
100F0mQeqkDJsWXskZoQqz,T001567,CIV-SUBGRADE-PREP,Sub-base CH042-2,L00,L00-Z8,earthworks,pavement,36.0,m2,93,94,,,T000338;T001368;T001380;T001387;T001393;T001413;T001425;T001431;T001553
100F0mQeqkDJsWXskZoQqz,T001568,CIV-SUBBASE-LAY,Sub-base CH042-2,L00,L00-Z8,earthworks,pavement,36.0,m2,94,95,,,T001567
14kU0KBZpjopP18BaiiZSO,T001569,CIV-SUBGRADE-PREP,Sub-base CH042-3,L00,L00-Z8,earthworks,pavement,36.0,m2,93,94,,,T000338;T001368;T001380;T001387;T001393;T001413;T001425;T001431;T001541
14kU0KBZpjopP18BaiiZSO,T001570,CIV-SUBBASE-LAY,Sub-base CH042-3,L00,L00-Z8,earthworks,pavement,36.0,m2,94,95,,,T001569
1F50oAdQiRqIKNSWOEN6x9,T001571,CIV-ASPHALT-WEAR,Wearing course CH036-2,L00,L00-Z8,paving,pavement,36.0,m2,99,100,,,T001536;T001539
1F50oAdQiRqIKNSWOEN6x9,T001572,CIV-MARKING-APPLY,Wearing course CH036-2,L00,L00-Z8,finishing,finishing,12.6,m,100,101,,,T001571
1F50oAdQiRqIKNSWOEN6x9,T001573,GEN-HANDOVER-DOC,Wearing course CH036-2,L00,L00-Z8,qa,handover,1.0,ea,114,115,,,T001534;T001545;T001550;T001555;T001572;T001577;T001604;T001611;T001614;T001631
1HXkVTWcBpR9fzM_Cc4mA7,T001574,CIV-SUBGRADE-PREP,Sub-base CH054-3,L00,L00-Z8,earthworks,pavement,36.0,m2,93,94,,,T000338;T001368;T001380;T001387;T001393;T001413;T001425;T001431;T001592
1HXkVTWcBpR9fzM_Cc4mA7,T001575,CIV-SUBBASE-LAY,Sub-base CH054-3,L00,L00-Z8,earthworks,pavement,36.0,m2,94,95,,,T001574
1X9923pR4XyJkoSbHxBok1,T001576,CIV-ASPHALT-WEAR,Wearing course CH036-3,L00,L00-Z8,paving,pavement,36.0,m2,97,98,,,T001536;T001622
1X9923pR4XyJkoSbHxBok1,T001577,CIV-MARKING-APPLY,Wearing course CH036-3,L00,L00-Z8,finishing,finishing,12.6,m,100,101,,,T001576
1X9923pR4XyJkoSbHxBok1,T001578,GEN-HANDOVER-DOC,Wearing course CH036-3,L00,L00-Z8,qa,handover,1.0,ea,114,115,,,T001534;T001545;T001550;T001555;T001572;T001577;T001604;T001611;T001614;T001631
1YGau_F3UKd1qBSExFJ$bY,T001579,GEN-SITE-CLEAR,Cut CH048-3,L00,L00-Z8,earthworks,mobilise,100.0,m2,1,2,,,
1YGau_F3UKd1qBSExFJ$bY,T001580,CIV-EARTH-CUT,Cut CH048-3,L00,L00-Z8,earthworks,earthworks,78.8,m3,3,4,,,T001536;T001540;T001552;T001579;T001583;T001588;T001591;T001595;T001608;T001618;T001625
1YGau_F3UKd1qBSExFJ$bY,T001581,CIV-COMPACT-TEST,Cut CH048-3,L00,L00-Z8,qa,earthworks,100.0,m2,5,6,,,T001580
1ZQnBDGF5OOvC9hcyPJ5GO,T001582,CIV-KERB-LAY,Kerb inner CH054,L00,L00-Z8,finishing,pavement,6.0,m,97,98,,,T001543;T001557;T001563;T001564;T001568;T001570;T001575;T001594;T001598;T001607;T001617;T001624
1gq$ap4wBeWfEp0xq6Ok$u,T001583,GEN-SITE-CLEAR,Cut CH048-2,L00,L00-Z8,earthworks,mobilise,100.0,m2,1,2,,,
1gq$ap4wBeWfEp0xq6Ok$u,T001584,CIV-EARTH-CUT,Cut CH048-2,L00,L00-Z8,earthworks,earthworks,73.4,m3,3,4,,,T001536;T001540;T001552;T001579;T001583;T001588;T001591;T001595;T001608;T001618;T001625
1gq$ap4wBeWfEp0xq6Ok$u,T001585,CIV-COMPACT-TEST,Cut CH048-2,L00,L00-Z8,qa,earthworks,100.0,m2,5,6,,,T001584
1lzWdioHFTvKCRph6Kn0BI,T001586,CIV-BASE-LAY,Base course CH042-2,L00,L00-Z8,earthworks,pavement,36.0,m2,95,96,,,T001568
1lzWdioHFTvKCRph6Kn0BI,T001587,CIV-ASPHALT-BASE,Base course CH042-2,L00,L00-Z8,paving,pavement,36.0,m2,98,99,,,T001586;T001590
1qJ9yXhoAgme_48UaTBtCC,T001588,GEN-SITE-CLEAR,Cut CH054-2,L00,L00-Z8,earthworks,mobilise,100.0,m2,1,2,,,
1qJ9yXhoAgme_48UaTBtCC,T001589,CIV-EARTH-CUT,Cut CH054-2,L00,L00-Z8,earthworks,earthworks,33.5,m3,3,4,,,T001536;T001540;T001552;T001579;T001583;T001588;T001591;T001595;T001608;T001618;T001625
21U6hs1tzba_AsVJNVZEXV,T001590,CIV-KERB-LAY,Kerb inner CH042,L00,L00-Z8,finishing,pavement,6.0,m,97,98,,,T001543;T001564;T001567;T001568;T001570;T001575;T001586;T001594;T001598;T001607;T001617;T001624
235f7bjltIVqNLMAmU$ITx,T001591,GEN-SITE-CLEAR,Cut CH054-3,L00,L00-Z8,earthworks,mobilise,100.0,m2,1,2,,,
235f7bjltIVqNLMAmU$ITx,T001592,CIV-EARTH-CUT,Cut CH054-3,L00,L00-Z8,earthworks,earthworks,59.4,m3,3,4,,,T001536;T001540;T001552;T001579;T001583;T001588;T001591;T001595;T001608;T001618;T001625
28WCP_gjGUCa8Oe_vgdJke,T001593,CIV-SUBGRADE-PREP,Sub-base CH036-3,L00,L00-Z8,earthworks,pavement,36.0,m2,93,94,,,T000338;T001368;T001380;T001387;T001393;T001413;T001425;T001431;T001596
28WCP_gjGUCa8Oe_vgdJke,T001594,CIV-SUBBASE-LAY,Sub-base CH036-3,L00,L00-Z8,earthworks,pavement,36.0,m2,94,95,,,T001593
2N_RjXhZZ1OAUq_Uy_v2Bb,T001595,GEN-SITE-CLEAR,Cut CH036-3,L00,L00-Z8,earthworks,mobilise,100.0,m2,1,2,,,
2N_RjXhZZ1OAUq_Uy_v2Bb,T001596,CIV-EARTH-CUT,Cut CH036-3,L00,L00-Z8,earthworks,earthworks,34.2,m3,3,4,,,T001536;T001540;T001552;T001579;T001583;T001588;T001591;T001595;T001608;T001618;T001625
2Qwhk6SwgykvECS0hjblD5,T001597,CIV-SUBGRADE-PREP,Sub-base CH030-3,L00,L00-Z8,earthworks,pavement,36.0,m2,93,94,,,T000338;T001368;T001380;T001387;T001393;T001413;T001425;T001431;T001609
2Qwhk6SwgykvECS0hjblD5,T001598,CIV-SUBBASE-LAY,Sub-base CH030-3,L00,L00-Z8,earthworks,pavement,36.0,m2,94,95,,,T001597
2TShsz7s6cEYkZirVe6N50,T001599,CIV-KERB-LAY,Kerb inner CH048,L00,L00-Z8,finishing,pavement,6.0,m,97,98,,,T001543;T001559;T001564;T001568;T001570;T001575;T001594;T001598;T001606;T001607;T001617;T001624
2VFbczbXR0oRd4x_7j0wgc,T001600,CIV-KERB-LAY,Kerb inner CH030,L00,L00-Z8,finishing,pavement,6.0,m,97,98,,,T001542;T001543;T001547;T001564;T001568;T001570;T001575;T001594;T001598;T001607;T001617;T001624
2itrFT1m6d5eJfSJ6ovBSt,T001601,CIV-BASE-LAY,Base course CH054-3,L00,L00-Z8,earthworks,pavement,36.0,m2,95,96,,,T001575
2itrFT1m6d5eJfSJ6ovBSt,T001602,CIV-ASPHALT-BASE,Base course CH054-3,L00,L00-Z8,paving,pavement,36.0,m2,96,97,,,T001601
2oIGhAy6pXAptGHzP_oPVV,T001603,CIV-ASPHALT-WEAR,Wearing course CH054-3,L00,L00-Z8,paving,pavement,36.0,m2,97,98,,,T001536;T001602
2oIGhAy6pXAptGHzP_oPVV,T001604,CIV-MARKING-APPLY,Wearing course CH054-3,L00,L00-Z8,finishing,finishing,12.6,m,100,101,,,T001603
2oIGhAy6pXAptGHzP_oPVV,T001605,GEN-HANDOVER-DOC,Wearing course CH054-3,L00,L00-Z8,qa,handover,1.0,ea,114,115,,,T001534;T001545;T001550;T001555;T001572;T001577;T001604;T001611;T001614;T001631
2oYukvqLN2GUWAQLoDC8y6,T001606,CIV-SUBGRADE-PREP,Sub-base CH048-2,L00,L00-Z8,earthworks,pavement,36.0,m2,93,94,,,T000338;T001368;T001380;T001387;T001393;T001413;T001425;T001431;T001584
2oYukvqLN2GUWAQLoDC8y6,T001607,CIV-SUBBASE-LAY,Sub-base CH048-2,L00,L00-Z8,earthworks,pavement,36.0,m2,94,95,,,T001606
2pLxG3o3AsHxN6XmfRwfhm,T001608,GEN-SITE-CLEAR,Cut CH030-3,L00,L00-Z8,earthworks,mobilise,100.0,m2,1,2,,,
2pLxG3o3AsHxN6XmfRwfhm,T001609,CIV-EARTH-CUT,Cut CH030-3,L00,L00-Z8,earthworks,earthworks,34.2,m3,3,4,,,T001536;T001540;T001552;T001579;T001583;T001588;T001591;T001595;T001608;T001618;T001625
2uHMwtdizTBudkqXJc10Hi,T001610,CIV-ASPHALT-WEAR,Wearing course CH048-2,L00,L00-Z8,paving,pavement,36.0,m2,99,100,,,T001536;T001560
2uHMwtdizTBudkqXJc10Hi,T001611,CIV-MARKING-APPLY,Wearing course CH048-2,L00,L00-Z8,finishing,finishing,12.6,m,100,101,,,T001610
2uHMwtdizTBudkqXJc10Hi,T001612,GEN-HANDOVER-DOC,Wearing course CH048-2,L00,L00-Z8,qa,handover,1.0,ea,114,115,,,T001534;T001545;T001550;T001555;T001572;T001577;T001604;T001611;T001614;T001631
2vvo04a2Hc0cSRe2ZJC4wj,T001613,CIV-ASPHALT-WEAR,Wearing course CH054-2,L00,L00-Z8,paving,pavement,36.0,m2,99,100,,,T001536;T001558
2vvo04a2Hc0cSRe2ZJC4wj,T001614,CIV-MARKING-APPLY,Wearing course CH054-2,L00,L00-Z8,finishing,finishing,12.6,m,100,101,,,T001613
2vvo04a2Hc0cSRe2ZJC4wj,T001615,GEN-HANDOVER-DOC,Wearing course CH054-2,L00,L00-Z8,qa,handover,1.0,ea,114,115,,,T001534;T001545;T001550;T001555;T001572;T001577;T001604;T001611;T001614;T001631
2y1_zc1tbT0lOqtoVKnmSX,T001616,CIV-SUBGRADE-PREP,Sub-base CH048-3,L00,L00-Z8,earthworks,pavement,36.0,m2,93,94,,,T000338;T001368;T001380;T001387;T001393;T001413;T001425;T001431;T001580
2y1_zc1tbT0lOqtoVKnmSX,T001617,CIV-SUBBASE-LAY,Sub-base CH048-3,L00,L00-Z8,earthworks,pavement,36.0,m2,94,95,,,T001616
3DtkwJtMYzxtYfVBZvVxmh,T001618,GEN-SITE-CLEAR,Cut CH036-2,L00,L00-Z8,earthworks,mobilise,100.0,m2,1,2,,,
3DtkwJtMYzxtYfVBZvVxmh,T001619,CIV-EARTH-CUT,Cut CH036-2,L00,L00-Z8,earthworks,earthworks,84.2,m3,3,4,,,T001536;T001540;T001552;T001579;T001583;T001588;T001591;T001595;T001608;T001618;T001625
3DtkwJtMYzxtYfVBZvVxmh,T001620,CIV-COMPACT-TEST,Cut CH036-2,L00,L00-Z8,qa,earthworks,100.0,m2,5,6,,,T001619
3L0eVStZkHgzxvjd_DMAZH,T001621,CIV-BASE-LAY,Base course CH036-3,L00,L00-Z8,earthworks,pavement,36.0,m2,95,96,,,T001594
3L0eVStZkHgzxvjd_DMAZH,T001622,CIV-ASPHALT-BASE,Base course CH036-3,L00,L00-Z8,paving,pavement,36.0,m2,96,97,,,T001621
3g4B96MW9TXqnvpte2nF08,T001623,CIV-SUBGRADE-PREP,Sub-base CH036-2,L00,L00-Z8,earthworks,pavement,36.0,m2,93,94,,,T000338;T001368;T001380;T001387;T001393;T001413;T001425;T001431;T001619
3g4B96MW9TXqnvpte2nF08,T001624,CIV-SUBBASE-LAY,Sub-base CH036-2,L00,L00-Z8,earthworks,pavement,36.0,m2,94,95,,,T001623
3gxr7Qrn2mz0jcnrS_SYt_,T001625,GEN-SITE-CLEAR,Cut CH030-2,L00,L00-Z8,earthworks,mobilise,100.0,m2,1,2,,,
3gxr7Qrn2mz0jcnrS_SYt_,T001626,CIV-EARTH-CUT,Cut CH030-2,L00,L00-Z8,earthworks,earthworks,36.4,m3,3,4,,,T001536;T001540;T001552;T001579;T001583;T001588;T001591;T001595;T001608;T001618;T001625
3lcksNYDuuKHjt0jPEOa5H,T001627,CIV-KERB-LAY,Kerb inner CH036,L00,L00-Z8,finishing,pavement,6.0,m,97,98,,,T001538;T001543;T001564;T001568;T001570;T001575;T001594;T001598;T001607;T001617;T001623;T001624
3p0XMqD9bhEWWumzVhww3z,T001628,CIV-BASE-LAY,Base course CH042-3,L00,L00-Z8,earthworks,pavement,36.0,m2,95,96,,,T001570
3p0XMqD9bhEWWumzVhww3z,T001629,CIV-ASPHALT-BASE,Base course CH042-3,L00,L00-Z8,paving,pavement,36.0,m2,96,97,,,T001628
3tB8XSlA4npa7M$u1PaO4T,T001630,CIV-ASPHALT-WEAR,Wearing course CH042-2,L00,L00-Z8,paving,pavement,36.0,m2,99,100,,,T001536;T001587
3tB8XSlA4npa7M$u1PaO4T,T001631,CIV-MARKING-APPLY,Wearing course CH042-2,L00,L00-Z8,finishing,finishing,12.6,m,100,101,,,T001630
3tB8XSlA4npa7M$u1PaO4T,T001632,GEN-HANDOVER-DOC,Wearing course CH042-2,L00,L00-Z8,qa,handover,1.0,ea,114,115,,,T001534;T001545;T001550;T001555;T001572;T001577;T001604;T001611;T001614;T001631
09VKfzy5n_VZm7C7hZluaE,T001633,STR-DECK-REBAR,Deck slab CH078-3,L00,L00-Z9,concrete,structures,1.8,t,82,83,,,T001694
09VKfzy5n_VZm7C7hZluaE,T001634,STR-DECK-POUR,Deck slab CH078-3,L00,L00-Z9,concrete,structures,9.0,m3,88,90,,,T001633
09VKfzy5n_VZm7C7hZluaE,T001635,STR-DECK-WATERPROOF,Deck slab CH078-3,L00,L00-Z9,concrete,structures,36.0,m2,92,94,,,T001634
0BdIiwoLw0IPMcdANUQtBV,T001636,STR-BEAM-LIFT,Precast girder G1-2,L00,L00-Z9,erection,structures,1.0,ea,40,41,,,T001638;T001639;T001700;T001704;T001742;T001749
,T001637,GEN-PERMIT-WORK,"Permit to work · L00 group at 12,2",L00,L00-Z9,erection,mobilise,1.0,ea,0,1,,,
,T001638,GEN-LIFT-PLAN,"Prepare and approve lift plan · L00 group at 12,2",L00,L00-Z9,erection,mobilise,1.0,ea,1,2,,,T001637
,T001639,GEN-CRANE-MOBILISE,"Mobilise, assemble and load-test crane · L00 group at 12,2",L00,L00-Z9,erection,mobilise,1.0,ea,4,5,,,T001638
,T001640,GEN-SCAFFOLD-ERECT,"Erect access scaffold · L00 group at 12,2",L00,L00-Z9,erection,structures,1.0,ea,57,58,,,T001636;T001659;T001694;T001731;T001752;T001753
,T001641,GEN-SCAFFOLD-DISMANTLE,"Dismantle access scaffold · L00 group at 12,2",L00,L00-Z9,erection,structures,1.0,ea,62,63,,,T001640;T001733
,T001642,GEN-SURVEY-ASBUILT,"As-built survey and record · L00 group at 12,2",L00,L00-Z9,qa,finishing,1.0,ea,101,102,,,T001634;T001641;T001653;T001656;T001667;T001672;T001676;T001678;T001687;T001691;T001696;T001700;T001708;T001711;T001716;T001723;T001726;T001737;T001747
0BkU$tr7DZZWgrWjA1C_V$,T001643,CIV-KERB-LAY,Bridge kerb inner CH084,L00,L00-Z9,finishing,pavement,6.0,m,97,98,,,T001649;T001682;T001720;T001741
0EvkAnKmm5LgJKIM6rddva,T001644,CIV-BASE-LAY,Base course CH060-3,L00,L00-Z9,earthworks,pavement,36.0,m2,97,98,,,T001649
0EvkAnKmm5LgJKIM6rddva,T001645,CIV-ASPHALT-BASE,Base course CH060-3,L00,L00-Z9,paving,pavement,36.0,m2,98,99,,,T001644
0HuFm3uQm6vupPQmFBMFKQ,T001646,STR-PARAPET-INSTALL,Bridge parapet inner CH078,L00,L00-Z9,erection,structures,6.0,m,93,94,,,T001638;T001676;T001677
0HuFm3uQm6vupPQmFBMFKQ,T001647,GEN-HANDOVER-DOC,Bridge parapet inner CH078,L00,L00-Z9,qa,handover,1.0,ea,114,115,,,T001646;T001657;T001668;T001673;T001679;T001688;T001712;T001717;T001724;T001727;T001738
0IxvBENHoqfv3MwPwBWfKF,T001648,CIV-SUBGRADE-PREP,Sub-base CH060-3,L00,L00-Z9,earthworks,pavement,36.0,m2,95,96,,,T000338;T001368;T001380;T001387;T001393;T001413;T001425;T001431;T001661;T001663;T001670;T001706;T001714;T001743
0IxvBENHoqfv3MwPwBWfKF,T001649,CIV-SUBBASE-LAY,Sub-base CH060-3,L00,L00-Z9,earthworks,pavement,36.0,m2,96,97,,,T001648
0SbWnj8Ka9Udp7EyX34hrX,T001650,GEN-SETOUT,Bored pile P2-2,L00,L00-Z9,qa,mobilise,1.0,ea,2,3,,,
0SbWnj8Ka9Udp7EyX34hrX,T001651,CIV-PILE-DRIVE,Bored pile P2-2,L00,L00-Z9,piling,structures,1.0,ea,12,13,,,T001650;T001659;T001731
0VSWNcgxYGfslI4n6PN1I4,T001652,STR-DECK-REBAR,Deck slab CH084-3,L00,L00-Z9,concrete,structures,1.8,t,83,84,,,T001694;T001753
0VSWNcgxYGfslI4n6PN1I4,T001653,STR-DECK-POUR,Deck slab CH084-3,L00,L00-Z9,concrete,structures,9.0,m3,89,91,,,T001652
0VSWNcgxYGfslI4n6PN1I4,T001654,STR-DECK-WATERPROOF,Deck slab CH084-3,L00,L00-Z9,concrete,structures,36.0,m2,92,94,,,T001653
0_jerOQBkzWEw20mrpCjkd,T001655,CIV-KERB-LAY,Bridge kerb inner CH078,L00,L00-Z9,finishing,pavement,6.0,m,97,98,,,T001649;T001682;T001720;T001741
0bo5kpusFDIXELkqhIVzQX,T001656,CIV-ASPHALT-WEAR,Deck surfacing CH072-3,L00,L00-Z9,paving,pavement,36.0,m2,95,96,,,T001659;T001748
0bo5kpusFDIXELkqhIVzQX,T001657,CIV-MARKING-APPLY,Deck surfacing CH072-3,L00,L00-Z9,finishing,finishing,12.6,m,101,102,,,T001656
0bo5kpusFDIXELkqhIVzQX,T001658,GEN-HANDOVER-DOC,Deck surfacing CH072-3,L00,L00-Z9,qa,handover,1.0,ea,114,115,,,T001657;T001668;T001673;T001679;T001688;T001712;T001717;T001724;T001727;T001738
,T001659,GEN-SURVEY-SETOUT,Survey set-out of the work area · L00 zone 9,L00,L00-Z9,qa,mobilise,1.0,ea,2,3,,,
,T001660,GEN-SURVEY-ASBUILT,As-built survey and record · L00 zone 9,L00,L00-Z9,qa,finishing,1.0,ea,102,103,,,T001634;T001653;T001656;T001657;T001667;T001668;T001672;T001673;T001676;T001678;T001679;T001687;T001688;T001691;T001696;T001700;T001708;T001711;T001712;T001716;T001717;T001723;T001724;T001726;T001727;T001737;T001738;T001747
0cw37zpsD_u9AfI8GZfmbw,T001661,CIV-EARTH-FILL,Fill CH066-3,L00,L00-Z9,earthworks,earthworks,56.2,m3,10,11,,,T000492;T000511;T000513;T000523;T000527;T000531;T000533;T000537;T000591;T000598;T000614;T000647;T000652;T000658;T000669;T000673;T000680;T000686;T000691;T000709;T000717;T000728;T000740;T000743;T000757;T000767;T000770;T000794;T000821;T000835;T000845;T000850;T000856;T000886;T000889;T000894;T000900;T000902;T001148;T001154;T001178;T001200;T001241;T001250;T001256;T001263;T001294;T001299;T001305;T001307;T001319;T001330;T001335;T001341;T001351;T001366;T001444;T001447;T001463;T001467;T001473;T001482;T001491;T001502;T001517;T001528;T001541;T001553;T001580;T001584;T001589;T001592;T001596;T001609;T001619;T001626
0cw37zpsD_u9AfI8GZfmbw,T001662,CIV-COMPACT-TEST,Fill CH066-3,L00,L00-Z9,qa,earthworks,100.0,m2,11,12,,,T001661
0wlXmlDTy3fS8xcqEH54c$,T001663,CIV-EARTH-FILL,Fill CH060-3,L00,L00-Z9,earthworks,earthworks,36.4,m3,10,11,,,T000492;T000511;T000513;T000523;T000527;T000531;T000533;T000537;T000591;T000598;T000614;T000647;T000652;T000658;T000669;T000673;T000680;T000686;T000691;T000709;T000717;T000728;T000740;T000743;T000757;T000767;T000770;T000794;T000821;T000835;T000845;T000850;T000856;T000886;T000889;T000894;T000900;T000902;T001148;T001154;T001178;T001200;T001241;T001250;T001256;T001263;T001294;T001299;T001305;T001307;T001319;T001330;T001335;T001341;T001351;T001366;T001444;T001447;T001463;T001467;T001473;T001482;T001491;T001502;T001517;T001528;T001541;T001553;T001580;T001584;T001589;T001592;T001596;T001609;T001619;T001626
0wlXmlDTy3fS8xcqEH54c$,T001664,CIV-COMPACT-TEST,Fill CH060-3,L00,L00-Z9,qa,earthworks,100.0,m2,11,12,,,T001663
1$OQyjjH8usm9AGcCF$T6g,T001665,GEN-SETOUT,Bored pile P2-1,L00,L00-Z9,qa,mobilise,1.0,ea,2,3,,,
1$OQyjjH8usm9AGcCF$T6g,T001666,CIV-PILE-DRIVE,Bored pile P2-1,L00,L00-Z9,piling,structures,1.0,ea,13,14,,,T001659;T001665;T001731
10dyyWGfkCz$PGSGISACpa,T001667,CIV-ASPHALT-WEAR,Deck surfacing CH084-2,L00,L00-Z9,paving,pavement,36.0,m2,95,96,,,T001659;T001697;T001701
10dyyWGfkCz$PGSGISACpa,T001668,CIV-MARKING-APPLY,Deck surfacing CH084-2,L00,L00-Z9,finishing,finishing,12.6,m,101,102,,,T001667
10dyyWGfkCz$PGSGISACpa,T001669,GEN-HANDOVER-DOC,Deck surfacing CH084-2,L00,L00-Z9,qa,handover,1.0,ea,114,115,,,T001657;T001668;T001673;T001679;T001688;T001712;T001717;T001724;T001727;T001738
1E3G1jUf2MX6GrE8yvkDvS,T001670,CIV-EARTH-FILL,Fill CH066-2,L00,L00-Z9,earthworks,earthworks,44.3,m3,10,11,,,T000492;T000511;T000513;T000523;T000527;T000531;T000533;T000537;T000591;T000598;T000614;T000647;T000652;T000658;T000669;T000673;T000680;T000686;T000691;T000709;T000717;T000728;T000740;T000743;T000757;T000767;T000770;T000794;T000821;T000835;T000845;T000850;T000856;T000886;T000889;T000894;T000900;T000902;T001148;T001154;T001178;T001200;T001241;T001250;T001256;T001263;T001294;T001299;T001305;T001307;T001319;T001330;T001335;T001341;T001351;T001366;T001444;T001447;T001463;T001467;T001473;T001482;T001491;T001502;T001517;T001528;T001541;T001553;T001580;T001584;T001589;T001592;T001596;T001609;T001619;T001626
1E3G1jUf2MX6GrE8yvkDvS,T001671,CIV-COMPACT-TEST,Fill CH066-2,L00,L00-Z9,qa,earthworks,100.0,m2,11,12,,,T001670
1FGP0W1w$$0$URywquA0VZ,T001672,CIV-ASPHALT-WEAR,Wearing course CH060-3,L00,L00-Z9,paving,pavement,36.0,m2,99,100,,,T001645;T001659
1FGP0W1w$$0$URywquA0VZ,T001673,CIV-MARKING-APPLY,Wearing course CH060-3,L00,L00-Z9,finishing,finishing,12.6,m,101,102,,,T001672
1FGP0W1w$$0$URywquA0VZ,T001674,GEN-HANDOVER-DOC,Wearing course CH060-3,L00,L00-Z9,qa,handover,1.0,ea,114,115,,,T001657;T001668;T001673;T001679;T001688;T001712;T001717;T001724;T001727;T001738
1KfyrYTXyclIdgjevdsor0,T001675,STR-DECK-REBAR,Deck slab CH078-2,L00,L00-Z9,concrete,structures,1.8,t,70,71,,,T001636
1KfyrYTXyclIdgjevdsor0,T001676,STR-DECK-POUR,Deck slab CH078-2,L00,L00-Z9,concrete,structures,9.0,m3,83,85,,,T001675
1KfyrYTXyclIdgjevdsor0,T001677,STR-DECK-WATERPROOF,Deck slab CH078-2,L00,L00-Z9,concrete,structures,36.0,m2,91,93,,,T001676
1Kof1zziOpvRwXuFZhhNWh,T001678,CIV-ASPHALT-WEAR,Deck surfacing CH084-3,L00,L00-Z9,paving,pavement,36.0,m2,95,96,,,T001654;T001659
1Kof1zziOpvRwXuFZhhNWh,T001679,CIV-MARKING-APPLY,Deck surfacing CH084-3,L00,L00-Z9,finishing,finishing,12.6,m,101,102,,,T001678
1Kof1zziOpvRwXuFZhhNWh,T001680,GEN-HANDOVER-DOC,Deck surfacing CH084-3,L00,L00-Z9,qa,handover,1.0,ea,115,116,,,T001657;T001668;T001673;T001679;T001688;T001712;T001717;T001724;T001727;T001738
1ODGN3YTTT3jAzHylNn_yH,T001681,CIV-SUBGRADE-PREP,Sub-base CH060-2,L00,L00-Z9,earthworks,pavement,36.0,m2,95,96,,,T000338;T001368;T001380;T001387;T001393;T001413;T001425;T001431;T001661;T001663;T001670;T001706;T001714;T001743
1ODGN3YTTT3jAzHylNn_yH,T001682,CIV-SUBBASE-LAY,Sub-base CH060-2,L00,L00-Z9,earthworks,pavement,36.0,m2,96,97,,,T001681
1OS4q1YqSPQ8Mu_fwVsp5m,T001683,CIV-BASE-LAY,Base course CH060-2,L00,L00-Z9,earthworks,pavement,36.0,m2,97,98,,,T001682
1OS4q1YqSPQ8Mu_fwVsp5m,T001684,CIV-ASPHALT-BASE,Base course CH060-2,L00,L00-Z9,paving,pavement,36.0,m2,99,100,,,T001683;T001751
1TwM5YZBO8Gc7QTVzxC6e9,T001685,STR-PARAPET-INSTALL,Bridge parapet inner CH072,L00,L00-Z9,erection,structures,6.0,m,93,94,,,T001638;T001691;T001692
1TwM5YZBO8Gc7QTVzxC6e9,T001686,GEN-HANDOVER-DOC,Bridge parapet inner CH072,L00,L00-Z9,qa,handover,1.0,ea,115,116,,,T001657;T001668;T001673;T001679;T001685;T001688;T001712;T001717;T001724;T001727;T001738
1ieYIaVL9dhu6G3y6Dn6Bs,T001687,CIV-ASPHALT-WEAR,Wearing course CH066-2,L00,L00-Z9,paving,pavement,36.0,m2,100,101,,,T001659;T001722
1ieYIaVL9dhu6G3y6Dn6Bs,T001688,CIV-MARKING-APPLY,Wearing course CH066-2,L00,L00-Z9,finishing,finishing,12.6,m,101,102,,,T001687
1ieYIaVL9dhu6G3y6Dn6Bs,T001689,GEN-HANDOVER-DOC,Wearing course CH066-2,L00,L00-Z9,qa,handover,1.0,ea,115,116,,,T001657;T001668;T001673;T001679;T001688;T001712;T001717;T001724;T001727;T001738
1pa0gxMCnrrqO3SHAq2fVL,T001690,STR-DECK-REBAR,Deck slab CH072-2,L00,L00-Z9,concrete,structures,1.8,t,71,72,,,T001636
1pa0gxMCnrrqO3SHAq2fVL,T001691,STR-DECK-POUR,Deck slab CH072-2,L00,L00-Z9,concrete,structures,9.0,m3,84,86,,,T001690
1pa0gxMCnrrqO3SHAq2fVL,T001692,STR-DECK-WATERPROOF,Deck slab CH072-2,L00,L00-Z9,concrete,structures,36.0,m2,91,93,,,T001691
1zEuAyPCR_c1tEuOw0WqY$,T001693,CIV-KERB-LAY,Bridge kerb inner CH072,L00,L00-Z9,finishing,pavement,6.0,m,97,98,,,T001649;T001682;T001720;T001741
20zKiCyoRymxVCnGeHpfas,T001694,STR-BEAM-LIFT,Precast girder G1-3,L00,L00-Z9,erection,structures,1.0,ea,56,57,,,T001638;T001639;T001705;T001707;T001708;T001750
23y4Iq5mLKC1iSBr8Eyxru,T001695,STR-DECK-REBAR,Deck slab CH084-2,L00,L00-Z9,concrete,structures,1.8,t,71,72,,,T001636;T001752
23y4Iq5mLKC1iSBr8Eyxru,T001696,STR-DECK-POUR,Deck slab CH084-2,L00,L00-Z9,concrete,structures,9.0,m3,84,86,,,T001695
23y4Iq5mLKC1iSBr8Eyxru,T001697,STR-DECK-WATERPROOF,Deck slab CH084-2,L00,L00-Z9,concrete,structures,36.0,m2,91,93,,,T001696
24u5jHxwZ1KjQin8MJjhwH,T001698,GEN-SETOUT,Bored pile A1-1,L00,L00-Z9,qa,mobilise,1.0,ea,2,3,,,
24u5jHxwZ1KjQin8MJjhwH,T001699,CIV-PILE-DRIVE,Bored pile A1-1,L00,L00-Z9,piling,structures,1.0,ea,13,14,,,T001659;T001698;T001731
25bJ3DReiRm4JmA9SrF6yu,T001700,STR-PIER-POUR,Pier column P1-2,L00,L00-Z9,concrete,structures,13.1,m3,36,39,,,T001638;T001666
2DyTucFwJ9hY5mWExsL_bS,T001701,STR-PARAPET-INSTALL,Bridge parapet inner CH084,L00,L00-Z9,erection,structures,6.0,m,93,94,,,T001638;T001696;T001697
2DyTucFwJ9hY5mWExsL_bS,T001702,GEN-HANDOVER-DOC,Bridge parapet inner CH084,L00,L00-Z9,qa,handover,1.0,ea,115,116,,,T001657;T001668;T001673;T001679;T001688;T001701;T001712;T001717;T001724;T001727;T001738
2SZMW2DmWQuSfYQoJvTtlI,T001703,CIV-KERB-LAY,Kerb inner CH066,L00,L00-Z9,finishing,pavement,6.0,m,98,99,,,T001649;T001682;T001719;T001720;T001721;T001741
2Si1OZasdlpWP9JDRZMXDG,T001704,STR-BEARING-SET,Elastomeric bearing S2-2,L00,L00-Z9,erection,structures,1.0,ea,39,40,,,T001638;T001700
2Tb__ojzbCSEarvfVsEMxe,T001705,STR-ABUT-POUR,Abutment wall A1-3,L00,L00-Z9,concrete,structures,21.6,m3,51,54,,,T001710
2Tb__ojzbCSEarvfVsEMxe,T001706,CIV-STRUCT-BACKFILL,Abutment wall A1-3,L00,L00-Z9,earthworks,structures,72.0,m3,54,55,,,T001705
2UfxzADs9mG1KFLPuE4s$L,T001707,STR-BEARING-SET,Elastomeric bearing S1-3,L00,L00-Z9,erection,structures,1.0,ea,54,55,,,T001638;T001705
2YObVgVkTweEUuqkAj9kzT,T001708,STR-PIER-POUR,Pier column P1-3,L00,L00-Z9,concrete,structures,13.1,m3,52,55,,,T001638;T001651;T001730
2co8zmyNXGfip853KTCD$y,T001709,GEN-SETOUT,Bored pile A1-2,L00,L00-Z9,qa,mobilise,1.0,ea,3,4,,,
2co8zmyNXGfip853KTCD$y,T001710,CIV-PILE-DRIVE,Bored pile A1-2,L00,L00-Z9,piling,structures,1.0,ea,14,15,,,T001659;T001709;T001731
2o4Dvw5Vo5n6ObuocaxLsb,T001711,CIV-ASPHALT-WEAR,Wearing course CH060-2,L00,L00-Z9,paving,pavement,36.0,m2,100,101,,,T001659;T001684
2o4Dvw5Vo5n6ObuocaxLsb,T001712,CIV-MARKING-APPLY,Wearing course CH060-2,L00,L00-Z9,finishing,finishing,12.6,m,101,102,,,T001711
2o4Dvw5Vo5n6ObuocaxLsb,T001713,GEN-HANDOVER-DOC,Wearing course CH060-2,L00,L00-Z9,qa,handover,1.0,ea,115,116,,,T001657;T001668;T001673;T001679;T001688;T001712;T001717;T001724;T001727;T001738
2rMPGkYLWzbhEx9ISokBo1,T001714,CIV-EARTH-FILL,Fill CH060-2,L00,L00-Z9,earthworks,earthworks,55.1,m3,10,11,,,T000492;T000511;T000513;T000523;T000527;T000531;T000533;T000537;T000591;T000598;T000614;T000647;T000652;T000658;T000669;T000673;T000680;T000686;T000691;T000709;T000717;T000728;T000740;T000743;T000757;T000767;T000770;T000794;T000821;T000835;T000845;T000850;T000856;T000886;T000889;T000894;T000900;T000902;T001148;T001154;T001178;T001200;T001241;T001250;T001256;T001263;T001294;T001299;T001305;T001307;T001319;T001330;T001335;T001341;T001351;T001366;T001444;T001447;T001463;T001467;T001473;T001482;T001491;T001502;T001517;T001528;T001541;T001553;T001580;T001584;T001589;T001592;T001596;T001609;T001619;T001626
2rMPGkYLWzbhEx9ISokBo1,T001715,CIV-COMPACT-TEST,Fill CH060-2,L00,L00-Z9,qa,earthworks,100.0,m2,11,12,,,T001714
2xpqUVKzn8hQtthUM9_Exf,T001716,CIV-ASPHALT-WEAR,Wearing course CH066-3,L00,L00-Z9,paving,pavement,36.0,m2,99,100,,,T001659;T001745
2xpqUVKzn8hQtthUM9_Exf,T001717,CIV-MARKING-APPLY,Wearing course CH066-3,L00,L00-Z9,finishing,finishing,12.6,m,101,102,,,T001716
2xpqUVKzn8hQtthUM9_Exf,T001718,GEN-HANDOVER-DOC,Wearing course CH066-3,L00,L00-Z9,qa,handover,1.0,ea,115,116,,,T001657;T001668;T001673;T001679;T001688;T001712;T001717;T001724;T001727;T001738
33zJOhzdfICGQ4wnE0d5Bg,T001719,CIV-SUBGRADE-PREP,Sub-base CH066-2,L00,L00-Z9,earthworks,pavement,36.0,m2,95,96,,,T000338;T001368;T001380;T001387;T001393;T001413;T001425;T001431;T001661;T001663;T001670;T001706;T001714;T001743
33zJOhzdfICGQ4wnE0d5Bg,T001720,CIV-SUBBASE-LAY,Sub-base CH066-2,L00,L00-Z9,earthworks,pavement,36.0,m2,96,97,,,T001719
35Dd2dQfPOaZeuFYJKZE1D,T001721,CIV-BASE-LAY,Base course CH066-2,L00,L00-Z9,earthworks,pavement,36.0,m2,97,98,,,T001720
35Dd2dQfPOaZeuFYJKZE1D,T001722,CIV-ASPHALT-BASE,Base course CH066-2,L00,L00-Z9,paving,pavement,36.0,m2,99,100,,,T001703;T001721
37qjHwZ2PQWbl3fsmfPRuZ,T001723,CIV-ASPHALT-WEAR,Deck surfacing CH078-2,L00,L00-Z9,paving,pavement,36.0,m2,95,96,,,T001646;T001659;T001677
37qjHwZ2PQWbl3fsmfPRuZ,T001724,CIV-MARKING-APPLY,Deck surfacing CH078-2,L00,L00-Z9,finishing,finishing,12.6,m,101,102,,,T001723
37qjHwZ2PQWbl3fsmfPRuZ,T001725,GEN-HANDOVER-DOC,Deck surfacing CH078-2,L00,L00-Z9,qa,handover,1.0,ea,115,116,,,T001657;T001668;T001673;T001679;T001688;T001712;T001717;T001724;T001727;T001738
3Bl2nOKwlUMyPfGb83QxwV,T001726,CIV-ASPHALT-WEAR,Deck surfacing CH072-2,L00,L00-Z9,paving,pavement,36.0,m2,95,96,,,T001659;T001685;T001692
3Bl2nOKwlUMyPfGb83QxwV,T001727,CIV-MARKING-APPLY,Deck surfacing CH072-2,L00,L00-Z9,finishing,finishing,12.6,m,101,102,,,T001726
3Bl2nOKwlUMyPfGb83QxwV,T001728,GEN-HANDOVER-DOC,Deck surfacing CH072-2,L00,L00-Z9,qa,handover,1.0,ea,115,116,,,T001657;T001668;T001673;T001679;T001688;T001712;T001717;T001724;T001727;T001738
3E9UQflr9saI3fkgqlyb3K,T001729,STR-CAP-REBAR,Pile cap P1,L00,L00-Z9,concrete,structures,7.44,t,13,18,,,T000958;T001651;T001731
3E9UQflr9saI3fkgqlyb3K,T001730,STR-CAP-POUR,Pile cap P1,L00,L00-Z9,concrete,structures,62.0,m3,18,25,,,T000958;T001651;T001729
,T001731,GEN-SURVEY-SETOUT,"Survey set-out of the work area · L00 group at 14,3",L00,L00-Z9,qa,mobilise,1.0,ea,3,4,,,
,T001732,GEN-CURING-WATCH,"Concrete curing watch (time driven) · L00 group at 14,3",L00,L00-Z9,concrete,structures,1.0,ea,54,61,,,T001659;T001730;T001731
,T001733,GEN-SCAFFOLD-ERECT,"Erect access scaffold · L00 group at 14,3",L00,L00-Z9,erection,structures,1.0,ea,61,62,,,T001659;T001731;T001732
,T001734,GEN-ANCHOR-SURVEY,"Anchor bolt and grout survey · L00 group at 14,3",L00,L00-Z9,qa,structures,1.0,ea,62,63,,,T001659;T001731;T001733
,T001735,GEN-SCAFFOLD-DISMANTLE,"Dismantle access scaffold · L00 group at 14,3",L00,L00-Z9,erection,structures,1.0,ea,63,64,,,T001640;T001733;T001734
,T001736,GEN-SURVEY-ASBUILT,"As-built survey and record · L00 group at 14,3",L00,L00-Z9,qa,finishing,1.0,ea,101,102,,,T001634;T001653;T001656;T001667;T001672;T001676;T001678;T001687;T001691;T001696;T001700;T001708;T001711;T001716;T001723;T001726;T001735;T001737;T001747
3H9fqJJcPBuVfXb2H8ekvR,T001737,CIV-ASPHALT-WEAR,Deck surfacing CH078-3,L00,L00-Z9,paving,pavement,36.0,m2,95,96,,,T001635;T001659
3H9fqJJcPBuVfXb2H8ekvR,T001738,CIV-MARKING-APPLY,Deck surfacing CH078-3,L00,L00-Z9,finishing,finishing,12.6,m,101,102,,,T001737
3H9fqJJcPBuVfXb2H8ekvR,T001739,GEN-HANDOVER-DOC,Deck surfacing CH078-3,L00,L00-Z9,qa,handover,1.0,ea,115,116,,,T001657;T001668;T001673;T001679;T001688;T001712;T001717;T001724;T001727;T001738
3MvjdgPAxGBxCwdxyTSIXk,T001740,CIV-SUBGRADE-PREP,Sub-base CH066-3,L00,L00-Z9,earthworks,pavement,36.0,m2,95,96,,,T000338;T001368;T001380;T001387;T001393;T001413;T001425;T001431;T001661;T001663;T001670;T001706;T001714;T001743
3MvjdgPAxGBxCwdxyTSIXk,T001741,CIV-SUBBASE-LAY,Sub-base CH066-3,L00,L00-Z9,earthworks,pavement,36.0,m2,96,97,,,T001740
3N$aGPBR0t8_QM4rXmUizN,T001742,STR-ABUT-POUR,Abutment wall A1-2,L00,L00-Z9,concrete,structures,21.6,m3,36,39,,,T001699
3N$aGPBR0t8_QM4rXmUizN,T001743,CIV-STRUCT-BACKFILL,Abutment wall A1-2,L00,L00-Z9,earthworks,structures,72.0,m3,39,40,,,T001742
3Ngfw_38yEizxLaiGDpDf9,T001744,CIV-BASE-LAY,Base course CH066-3,L00,L00-Z9,earthworks,pavement,36.0,m2,97,98,,,T001741
3Ngfw_38yEizxLaiGDpDf9,T001745,CIV-ASPHALT-BASE,Base course CH066-3,L00,L00-Z9,paving,pavement,36.0,m2,98,99,,,T001744
3UMxEgKVx804qyn9rXF3uz,T001746,STR-DECK-REBAR,Deck slab CH072-3,L00,L00-Z9,concrete,structures,1.8,t,84,85,,,T001694
3UMxEgKVx804qyn9rXF3uz,T001747,STR-DECK-POUR,Deck slab CH072-3,L00,L00-Z9,concrete,structures,9.0,m3,89,91,,,T001746
3UMxEgKVx804qyn9rXF3uz,T001748,STR-DECK-WATERPROOF,Deck slab CH072-3,L00,L00-Z9,concrete,structures,36.0,m2,93,95,,,T001747
3VAIpyT7$WqdhJ4fq0YQ_$,T001749,STR-BEARING-SET,Elastomeric bearing S1-2,L00,L00-Z9,erection,structures,1.0,ea,39,40,,,T001638;T001742
3gZyQL0TRBIILy0f96Husy,T001750,STR-BEARING-SET,Elastomeric bearing S2-3,L00,L00-Z9,erection,structures,1.0,ea,55,56,,,T001638;T001708
3nnpYQN0KR1wXcSbYFLS5U,T001751,CIV-KERB-LAY,Kerb inner CH060,L00,L00-Z9,finishing,pavement,6.0,m,98,99,,,T001649;T001681;T001682;T001683;T001720;T001741
3s6csXEvlygkEMsnAJ0hXP,T001752,STR-BEAM-LIFT,Precast girder G2-2,L00,L00-Z9,erection,structures,1.0,ea,40,41,,,T000360;T000417;T001638;T001639;T001700;T001704
3t6xa5F_wk6lWshb3YMbjr,T001753,STR-BEAM-LIFT,Precast girder G2-3,L00,L00-Z9,erection,structures,1.0,ea,56,57,,,T000367;T000386;T001638;T001639;T001708;T001750
