element_guid,task_id,step_id,element_name,storey_id,zone_id,trade,phase,quantity,unit,planned_start_day,planned_finish_day,actual_start_day,actual_finish_day,predecessor_task_ids
0$FgBCpnqmyHhNCdjMtW$B,T000001,ARC-WALL-FRAME,Lead-lined wall L00 imaging 5,L00,L00-Z1,interiors,mep_roughin,22.8,m2,44,45,,,T000010;T000011;T000015;T000030;T000056;T000076;T000603;T000604
0$FgBCpnqmyHhNCdjMtW$B,T000002,FIR-STOP-INSTALL,Lead-lined wall L00 imaging 5,L00,L00-Z1,interiors,mep_roughin,3.42,ea,45,46,,,T000001
0$FgBCpnqmyHhNCdjMtW$B,T000003,ARC-SHIELD-WALL,Lead-lined wall L00 imaging 5,L00,L00-Z1,interiors,interiors,22.8,m2,46,48,,,T000001;T000002;T000603
0$SSVSuRI1bV2zurOqNpnX,T000004,ARC-WALL-FRAME,Lead-lined wall L00 imaging 1,L00,L00-Z1,interiors,mep_roughin,22.8,m2,44,45,,,T000010;T000011;T000015;T000030;T000056;T000076;T000603;T000604
0$SSVSuRI1bV2zurOqNpnX,T000005,FIR-STOP-INSTALL,Lead-lined wall L00 imaging 1,L00,L00-Z1,interiors,mep_roughin,3.42,ea,45,46,,,T000004
0$SSVSuRI1bV2zurOqNpnX,T000006,ARC-SHIELD-WALL,Lead-lined wall L00 imaging 1,L00,L00-Z1,interiors,interiors,22.8,m2,46,48,,,T000004;T000005;T000603
01wC9RXGi8VlaKuc1cDHXE,T000007,CIV-EARTH-CUT,Pad footing F-3-1,L00,L00-Z1,concrete,substructure,9.39,m3,0,1,,,
01wC9RXGi8VlaKuc1cDHXE,T000008,STR-FOOT-REBAR,Pad footing F-3-1,L00,L00-Z1,concrete,substructure,0.313,t,1,2,,,T000007
01wC9RXGi8VlaKuc1cDHXE,T000009,STR-FOOT-POUR,Pad footing F-3-1,L00,L00-Z1,concrete,substructure,3.13,m3,2,3,,,T000008
076gUyj50WmcolG5MXL$hx,T000010,ARC-EXTWALL-BUILD,External wall L00 S-1,L00,L00-Z1,envelope,envelope,22.8,m2,25,27,,,T000595
0IFiBQaNLYR0Nr9V$Cg3aF,T000011,ARC-EXTWALL-BUILD,External wall L00 S-2,L00,L00-Z1,envelope,envelope,22.8,m2,28,30,,,T000603
0N88UpFV5AreXQeUXoGcwe,T000012,CIV-EARTH-CUT,Pad footing F-2-1,L00,L00-Z1,concrete,substructure,6.78,m3,0,1,,,
0N88UpFV5AreXQeUXoGcwe,T000013,STR-FOOT-REBAR,Pad footing F-2-1,L00,L00-Z1,concrete,substructure,0.226,t,1,2,,,T000012
0N88UpFV5AreXQeUXoGcwe,T000014,STR-FOOT-POUR,Pad footing F-2-1,L00,L00-Z1,concrete,substructure,2.26,m3,2,3,,,T000013
0Oy2FN2ZQVuAfp5_2htNr3,T000015,ARC-EXTWALL-BUILD,External wall L00 W-1,L00,L00-Z1,envelope,envelope,22.8,m2,25,27,,,T000595
0ZVSHDBs43BRT3PrSvZ0Ks,T000016,CIV-EARTH-CUT,Pad footing F-0-0,L00,L00-Z1,concrete,substructure,8.52,m3,0,1,,,
0ZVSHDBs43BRT3PrSvZ0Ks,T000017,STR-FOOT-REBAR,Pad footing F-0-0,L00,L00-Z1,concrete,substructure,0.284,t,1,2,,,T000016
0ZVSHDBs43BRT3PrSvZ0Ks,T000018,STR-FOOT-POUR,Pad footing F-0-0,L00,L00-Z1,concrete,substructure,2.84,m3,2,3,,,T000017
0i6CtT9hof3Yv_TjmtNmAb,T000019,STR-GSLAB-POUR,Slab L00 S-0-0,L00,L00-Z1,concrete,substructure,36.0,m3,3,6,,,T000018;T000036;T000059;T000074
0itEa_d5So70QcRHWbfF0$,T000020,STR-COL-POUR,Column C-2-0 L00,L00,L00-Z1,concrete,superstructure,0.95,m3,14,15,,,T000026;T000029;T000033;T000049;T000085
0wu$t8L2v7izI8j8ZW3_tH,T000021,ARC-WALL-FRAME,Lead-lined wall L00 imaging 3,L00,L00-Z1,interiors,mep_roughin,22.8,m2,44,45,,,T000010;T000011;T000015;T000030;T000056;T000076;T000595;T000596
0wu$t8L2v7izI8j8ZW3_tH,T000022,FIR-STOP-INSTALL,Lead-lined wall L00 imaging 3,L00,L00-Z1,interiors,mep_roughin,3.42,ea,45,46,,,T000021
0wu$t8L2v7izI8j8ZW3_tH,T000023,ARC-SHIELD-WALL,Lead-lined wall L00 imaging 3,L00,L00-Z1,interiors,interiors,22.8,m2,46,48,,,T000021;T000022;T000595
155YSK8AMJCM9lbElJtr$p,T000024,MED-CT-INSTALL,CT scanner,L00,L00-Z1,medical,medical_equipment,1.0,ea,94,101,,,T000003;T000006;T000023;T000026;T000027;T000037;T000049;T000066;T000081;T000085
155YSK8AMJCM9lbElJtr$p,T000025,GEN-HANDOVER-DOC,CT scanner,L00,L00-Z1,commissioning,handover,1.0,ea,169,170,,,T000024;T000054;T000062
,T000026,GEN-LIFT-PLAN,Prepare and approve lift plan · CT scanner,L00,L00-Z1,mechanical,mobilise,1.0,ea,0,1,,,
,T000027,GEN-PRECOMM-CHECK,Pre-commissioning checks · CT scanner,L00,L00-Z1,commissioning,mep_finish,1.0,ea,68,69,,,T000026;T000053;T000061;T000063;T000090
,T000028,GEN-VENDOR-REP,Vendor representative attendance (time driven) · CT scanner,L00,L00-Z1,medical,medical_equipment,1.0,ea,114,121,,,T000024;T000037
19AYJmJnekDB0dukYDGBNt,T000029,STR-GSLAB-POUR,Slab L00 S-2-0,L00,L00-Z1,concrete,substructure,36.0,m3,5,8,,,T000009;T000014;T000033;T000070
1ArlNomS22TBxPXL6psXJB,T000030,ARC-EXTWALL-BUILD,External wall L00 S-0,L00,L00-Z1,envelope,envelope,22.8,m2,25,27,,,T000595
1CmZwkKljQY9LVKxmYSf7T,T000031,CIV-EARTH-CUT,Pad footing F-2-0,L00,L00-Z1,concrete,substructure,9.57,m3,0,1,,,
1CmZwkKljQY9LVKxmYSf7T,T000032,STR-FOOT-REBAR,Pad footing F-2-0,L00,L00-Z1,concrete,substructure,0.319,t,1,2,,,T000031
1CmZwkKljQY9LVKxmYSf7T,T000033,STR-FOOT-POUR,Pad footing F-2-0,L00,L00-Z1,concrete,substructure,3.19,m3,2,3,,,T000032
1RhDBmCjiX5wFmAbkO85Tb,T000034,CIV-EARTH-CUT,Pad footing F-1-0,L00,L00-Z1,concrete,substructure,7.62,m3,0,1,,,
1RhDBmCjiX5wFmAbkO85Tb,T000035,STR-FOOT-REBAR,Pad footing F-1-0,L00,L00-Z1,concrete,substructure,0.254,t,1,2,,,T000034
1RhDBmCjiX5wFmAbkO85Tb,T000036,STR-FOOT-POUR,Pad footing F-1-0,L00,L00-Z1,concrete,substructure,2.54,m3,2,3,,,T000035
1XpPTiAhvCW277lCL010fn,T000037,ARC-FLOOR-FINISH,Floor finish L00 0-0,L00,L00-Z1,finishes,interiors,298.08,m2,51,59,,,T000019;T000029;T000042;T000045;T000052
1XpPTiAhvCW277lCL010fn,T000038,GEN-HANDOVER-DOC,Floor finish L00 0-0,L00,L00-Z1,commissioning,handover,1.0,ea,169,170,,,T000037;T000054;T000062
1gAIidoGAdmgGBsk2kdNRh,T000039,STR-COL-POUR,Column C-0-1 L00,L00,L00-Z1,concrete,superstructure,0.95,m3,14,15,,,T000019;T000026;T000049;T000059;T000085
1mNt6d4i3hXR3hts7Dnaxs,T000040,ARC-WALL-FRAME,Partition L00 Room wall 2-1,L00,L00-Z1,interiors,mep_roughin,22.8,m2,44,45,,,T000010;T000011;T000015;T000030;T000056;T000076;T000603;T000604
1mNt6d4i3hXR3hts7Dnaxs,T000041,FIR-STOP-INSTALL,Partition L00 Room wall 2-1,L00,L00-Z1,interiors,mep_roughin,3.42,ea,45,46,,,T000040
1mNt6d4i3hXR3hts7Dnaxs,T000042,ARC-WALL-BOARD,Partition L00 Room wall 2-1,L00,L00-Z1,interiors,interiors,22.8,m2,46,47,,,T000040;T000041
1uwE2$4YZncA7Zn$2mnu5S,T000043,ARC-WALL-FRAME,Partition L00 Room wall 2-0,L00,L00-Z1,interiors,mep_roughin,22.8,m2,44,45,,,T000010;T000011;T000015;T000030;T000056;T000076;T000603;T000604
1uwE2$4YZncA7Zn$2mnu5S,T000044,FIR-STOP-INSTALL,Partition L00 Room wall 2-0,L00,L00-Z1,interiors,mep_roughin,3.42,ea,45,46,,,T000043
1uwE2$4YZncA7Zn$2mnu5S,T000045,ARC-WALL-BOARD,Partition L00 Room wall 2-0,L00,L00-Z1,interiors,interiors,22.8,m2,46,47,,,T000043;T000044
1wy4KlFqEFlb5JFldlcb_3,T000046,ARC-WINDOW-INSTALL,Window L00 W-0,L00,L00-Z1,envelope,envelope,1.0,ea,27,28,,,T000076
21DEfX7nddH05nM$uzVefn,T000047,MED-CT-INSTALL,Digital X-ray,L00,L00-Z1,medical,medical_equipment,1.0,ea,101,108,,,T000003;T000006;T000023;T000026;T000037;T000049;T000050;T000066;T000081;T000085
21DEfX7nddH05nM$uzVefn,T000048,GEN-HANDOVER-DOC,Digital X-ray,L00,L00-Z1,commissioning,handover,1.0,ea,169,170,,,T000047;T000054;T000062
,T000049,GEN-LIFT-PLAN,Prepare and approve lift plan · Digital X-ray,L00,L00-Z1,mechanical,mobilise,1.0,ea,0,1,,,
,T000050,GEN-PRECOMM-CHECK,Pre-commissioning checks · Digital X-ray,L00,L00-Z1,commissioning,mep_finish,1.0,ea,68,69,,,T000049;T000053;T000061;T000063;T000090
,T000051,GEN-VENDOR-REP,Vendor representative attendance (time driven) · Digital X-ray,L00,L00-Z1,medical,medical_equipment,1.0,ea,121,128,,,T000037;T000047
23l8MO$NRiCJlMuMJu34Fd,T000052,ARC-CEILING-CLOSE,Ceiling L00 0-0,L00,L00-Z1,interiors,interiors,259.2,m2,47,51,,,T000002;T000005;T000022;T000041;T000042;T000044;T000045;T000065;T000080
26$RaEUngMP1sAgVz2CGXL,T000053,MEP-DIFFUSER-SET,Air terminal L00 0-0,L00,L00-Z1,mechanical,mep_finish,1.0,ea,67,68,,,T000052;T000176;T000178;T000190;T000206;T000247;T000261;T000262;T000288;T000318;T000332;T000349;T000354;T000361;T000373;T000413;T000414
26$RaEUngMP1sAgVz2CGXL,T000054,CX-AIR-BALANCE,Air terminal L00 0-0,L00,L00-Z1,commissioning,commissioning,1.0,ea,69,70,,,T000053;T000122;T000176;T000178;T000190;T000206;T000247;T000261;T000262;T000288;T000318;T000332;T000349;T000354;T000361;T000373;T000413;T000414
2AKYvItBSvi3r6olUnAlS3,T000055,STR-COL-POUR,Column C-3-1 L00,L00,L00-Z1,concrete,superstructure,0.95,m3,14,15,,,T000009;T000026;T000029;T000049;T000085
2ClP_vnyYsBslNtsB5hxSJ,T000056,ARC-EXTWALL-BUILD,External wall L00 S-3,L00,L00-Z1,envelope,envelope,22.8,m2,28,30,,,T000603
2DVOOvHsNZxV9uC61BULq_,T000057,CIV-EARTH-CUT,Pad footing F-0-1,L00,L00-Z1,concrete,substructure,6.78,m3,0,1,,,
2DVOOvHsNZxV9uC61BULq_,T000058,STR-FOOT-REBAR,Pad footing F-0-1,L00,L00-Z1,concrete,substructure,0.226,t,1,2,,,T000057
2DVOOvHsNZxV9uC61BULq_,T000059,STR-FOOT-POUR,Pad footing F-0-1,L00,L00-Z1,concrete,substructure,2.26,m3,2,3,,,T000058
2EZSs3Y3NYdhi0NIp8I3BR,T000060,STR-COL-POUR,Column C-0-0 L00,L00,L00-Z1,concrete,superstructure,0.95,m3,14,15,,,T000018;T000019;T000026;T000049;T000085
2FxFzZAjBjMnOW2B8KIhKO,T000061,MEP-DIFFUSER-SET,Air terminal L00 2-0,L00,L00-Z1,mechanical,mep_finish,1.0,ea,67,68,,,T000052;T000176;T000178;T000190;T000206;T000247;T000261;T000262;T000288;T000318;T000332;T000349;T000354;T000361;T000373;T000413;T000414
2FxFzZAjBjMnOW2B8KIhKO,T000062,CX-AIR-BALANCE,Air terminal L00 2-0,L00,L00-Z1,commissioning,commissioning,1.0,ea,69,70,,,T000061;T000122;T000176;T000178;T000190;T000206;T000247;T000261;T000262;T000288;T000318;T000332;T000349;T000354;T000361;T000373;T000413;T000414
2WrKsQKkCad89JF0U8YMEv,T000063,ELE-LIGHT-INSTALL,Light fixture L00 0-0,L00,L00-Z1,electrical,mep_finish,1.0,ea,63,64,,,T000052;T000282
2XtlkUej9HfVGCyeDTiSxY,T000064,ARC-WALL-FRAME,Lead-lined wall L00 imaging 2,L00,L00-Z1,interiors,mep_roughin,22.8,m2,44,45,,,T000010;T000011;T000015;T000030;T000056;T000076;T000603;T000604
2XtlkUej9HfVGCyeDTiSxY,T000065,FIR-STOP-INSTALL,Lead-lined wall L00 imaging 2,L00,L00-Z1,interiors,mep_roughin,3.42,ea,45,46,,,T000064
2XtlkUej9HfVGCyeDTiSxY,T000066,ARC-SHIELD-WALL,Lead-lined wall L00 imaging 2,L00,L00-Z1,interiors,interiors,22.8,m2,48,50,,,T000064;T000065;T000603
2mWBECLaINWBJdqL7fN37c,T000067,ARC-WINDOW-INSTALL,Window L00 W-1,L00,L00-Z1,envelope,envelope,1.0,ea,27,28,,,T000015
2pY8ReR$owIXHVXspkSH$B,T000068,CIV-EARTH-CUT,Pad footing F-3-0,L00,L00-Z1,concrete,substructure,9.06,m3,0,1,,,
2pY8ReR$owIXHVXspkSH$B,T000069,STR-FOOT-REBAR,Pad footing F-3-0,L00,L00-Z1,concrete,substructure,0.302,t,1,2,,,T000068
2pY8ReR$owIXHVXspkSH$B,T000070,STR-FOOT-POUR,Pad footing F-3-0,L00,L00-Z1,concrete,substructure,3.02,m3,2,3,,,T000069
2vTUdyOluxamrKPHW6zlDF,T000071,STR-COL-POUR,Column C-2-1 L00,L00,L00-Z1,concrete,superstructure,0.95,m3,14,15,,,T000014;T000026;T000029;T000049;T000085
37Lm0nXwas_JObR77e76zK,T000072,CIV-EARTH-CUT,Pad footing F-1-1,L00,L00-Z1,concrete,substructure,8.04,m3,0,1,,,
37Lm0nXwas_JObR77e76zK,T000073,STR-FOOT-REBAR,Pad footing F-1-1,L00,L00-Z1,concrete,substructure,0.268,t,1,2,,,T000072
37Lm0nXwas_JObR77e76zK,T000074,STR-FOOT-POUR,Pad footing F-1-1,L00,L00-Z1,concrete,substructure,2.68,m3,2,3,,,T000073
3AbxtAzcJGcVsb695DsqCx,T000075,ARC-DOOR-INSTALL,Entrance door L00 S-3,L00,L00-Z1,interiors,interiors,1.0,ea,48,49,,,T000056
3GyRv9lpoX$su_rKIG_wGF,T000076,ARC-EXTWALL-BUILD,External wall L00 W-0,L00,L00-Z1,envelope,envelope,22.8,m2,25,27,,,T000595
3MGmTj9o5t2w9esprbEp2f,T000077,STR-COL-POUR,Column C-3-0 L00,L00,L00-Z1,concrete,superstructure,0.95,m3,14,15,,,T000026;T000029;T000049;T000070;T000085
3OSHJ9bC4hGmJKNLu5qkUu,T000078,STR-COL-POUR,Column C-1-1 L00,L00,L00-Z1,concrete,superstructure,0.95,m3,14,15,,,T000019;T000026;T000049;T000074;T000085
3RvdcgTqIe06jF98qKOVMN,T000079,ARC-WALL-FRAME,Lead-lined wall L00 imaging 4,L00,L00-Z1,interiors,mep_roughin,22.8,m2,44,45,,,T000010;T000011;T000015;T000030;T000056;T000076;T000595;T000596
3RvdcgTqIe06jF98qKOVMN,T000080,FIR-STOP-INSTALL,Lead-lined wall L00 imaging 4,L00,L00-Z1,interiors,mep_roughin,3.42,ea,45,46,,,T000079
3RvdcgTqIe06jF98qKOVMN,T000081,ARC-SHIELD-WALL,Lead-lined wall L00 imaging 4,L00,L00-Z1,interiors,interiors,22.8,m2,48,50,,,T000079;T000080;T000595
3TtVxJqMbN5tm9gX3hCOQD,T000082,MED-MRI-INSTALL,MRI scanner,L00,L00-Z1,medical,medical_equipment,1.0,ea,69,79,,,T000003;T000006;T000023;T000026;T000037;T000049;T000066;T000081;T000085;T000087
3TtVxJqMbN5tm9gX3hCOQD,T000083,GEN-HANDOVER-DOC,MRI scanner,L00,L00-Z1,commissioning,handover,1.0,ea,169,170,,,T000054;T000062;T000082
,T000084,GEN-PERMIT-WORK,Permit to work · MRI scanner,L00,L00-Z1,commissioning,mobilise,1.0,ea,0,1,,,
,T000085,GEN-LIFT-PLAN,Prepare and approve lift plan · MRI scanner,L00,L00-Z1,mechanical,mobilise,1.0,ea,1,2,,,T000084
,T000086,GEN-CRANE-MOBILISE,"Mobilise, assemble and load-test crane · MRI scanner",L00,L00-Z1,mechanical,mobilise,1.0,ea,2,3,,,T000026;T000049;T000085
,T000087,GEN-ANCHOR-SURVEY,Anchor bolt and grout survey · MRI scanner,L00,L00-Z1,concrete,superstructure,1.0,ea,41,42,,,T000019;T000029;T000086
,T000088,GEN-VENDOR-REP,Vendor representative attendance (time driven) · MRI scanner,L00,L00-Z1,medical,medical_equipment,1.0,ea,79,94,,,T000037;T000082
,T000089,GEN-HANDOVER-DOC,Room-by-room handover documentation · MRI scanner,L00,L00-Z1,commissioning,handover,1.0,ea,169,170,,,T000054;T000062;T000088
3i3hntDpRLOz8T$wnflP54,T000090,ELE-LIGHT-INSTALL,Light fixture L00 2-0,L00,L00-Z1,electrical,mep_finish,1.0,ea,63,64,,,T000052;T000282
3rwhKldfA6JK6AYus_urYR,T000091,STR-COL-POUR,Column C-1-0 L00,L00,L00-Z1,concrete,superstructure,0.95,m3,14,15,,,T000019;T000026;T000036;T000049;T000085
03afNBHCkECXgeFNRAT6Zd,T000092,MEP-DIFFUSER-SET,Air terminal L00 6-0,L00,L00-Z2,mechanical,mep_finish,1.0,ea,80,81,,,T000152;T000176;T000178;T000190;T000206;T000247;T000261;T000262;T000288;T000318;T000332;T000349;T000354;T000361;T000373;T000413;T000414
03afNBHCkECXgeFNRAT6Zd,T000093,CX-AIR-BALANCE,Air terminal L00 6-0,L00,L00-Z2,commissioning,commissioning,1.0,ea,89,90,,,T000092;T000122;T000176;T000178;T000190;T000206;T000247;T000261;T000262;T000288;T000318;T000332;T000349;T000354;T000361;T000373;T000413;T000414
06Urw8E$2UIbs0jUrNAk82,T000094,STR-COL-POUR,Column C-5-1 L00,L00,L00-Z2,concrete,superstructure,0.95,m3,15,16,,,T000105;T000126;T000172
0JKs8nmxW1EYhEbtKw0XMD,T000095,CIV-EARTH-CUT,Pad footing F-4-0,L00,L00-Z2,concrete,substructure,8.88,m3,2,3,,,T000125;T000154;T000159;T000169
0JKs8nmxW1EYhEbtKw0XMD,T000096,STR-FOOT-REBAR,Pad footing F-4-0,L00,L00-Z2,concrete,substructure,0.296,t,3,4,,,T000095
0JKs8nmxW1EYhEbtKw0XMD,T000097,STR-FOOT-POUR,Pad footing F-4-0,L00,L00-Z2,concrete,substructure,2.96,m3,4,5,,,T000096
0ccCp5drBgY6H8C0Dz5ykp,T000098,ELE-LIGHT-INSTALL,Light fixture L00 6-0,L00,L00-Z2,electrical,mep_finish,1.0,ea,80,81,,,T000152;T000282
0g9UZ_RGyVyqOCCtjsqx6C,T000099,CIV-EARTH-CUT,Pad footing F-7-0,L00,L00-Z2,concrete,substructure,6.81,m3,2,3,,,T000125;T000154;T000159;T000169
0g9UZ_RGyVyqOCCtjsqx6C,T000100,STR-FOOT-REBAR,Pad footing F-7-0,L00,L00-Z2,concrete,substructure,0.227,t,3,4,,,T000099
0g9UZ_RGyVyqOCCtjsqx6C,T000101,STR-FOOT-POUR,Pad footing F-7-0,L00,L00-Z2,concrete,substructure,2.27,m3,4,5,,,T000100
0w4bP5P5edoyW4Oaj6gYFl,T000102,STR-COL-POUR,Column C-7-1 L00,L00,L00-Z2,concrete,superstructure,0.95,m3,14,15,,,T000126;T000144;T000157
14lItG5dk5jQVDjqJUKMq3,T000103,CIV-EARTH-CUT,Pad footing F-5-1,L00,L00-Z2,concrete,substructure,6.93,m3,2,3,,,T000125;T000154;T000159;T000169
14lItG5dk5jQVDjqJUKMq3,T000104,STR-FOOT-REBAR,Pad footing F-5-1,L00,L00-Z2,concrete,substructure,0.231,t,3,4,,,T000103
14lItG5dk5jQVDjqJUKMq3,T000105,STR-FOOT-POUR,Pad footing F-5-1,L00,L00-Z2,concrete,substructure,2.31,m3,4,5,,,T000104
1DIWPMJ9M$xvfeJu8yucZ7,T000106,STR-COL-POUR,Column C-5-0 L00,L00,L00-Z2,concrete,superstructure,0.95,m3,15,16,,,T000126;T000141;T000172
1E2O3QzIUtOBcxIys2ELJu,T000107,ARC-EXTWALL-BUILD,External wall L00 S-4,L00,L00-Z2,envelope,envelope,22.8,m2,41,43,,,T000675
1Ir6daRN_0Fi85rzdvhmyG,T000108,ARC-EXTWALL-BUILD,External wall L00 E-0,L00,L00-Z2,envelope,envelope,22.8,m2,36,38,,,T000696
1Q62jXjKM48htETFS_Xhj5,T000109,ARC-EXTWALL-BUILD,External wall L00 S-5,L00,L00-Z2,envelope,envelope,22.8,m2,42,44,,,T000675
1XsRPdpluvFVS8h2TS097T,T000110,CIV-EARTH-CUT,Pad footing F-6-0,L00,L00-Z2,concrete,substructure,9.45,m3,2,3,,,T000125;T000154;T000159;T000169
1XsRPdpluvFVS8h2TS097T,T000111,STR-FOOT-REBAR,Pad footing F-6-0,L00,L00-Z2,concrete,substructure,0.315,t,3,4,,,T000110
1XsRPdpluvFVS8h2TS097T,T000112,STR-FOOT-POUR,Pad footing F-6-0,L00,L00-Z2,concrete,substructure,3.15,m3,4,5,,,T000111
1YaQhQX_W6BsZ50gGXKus1,T000113,CIV-EARTH-CUT,Pad footing F-4-1,L00,L00-Z2,concrete,substructure,9.27,m3,2,3,,,T000125;T000154;T000159;T000169
1YaQhQX_W6BsZ50gGXKus1,T000114,STR-FOOT-REBAR,Pad footing F-4-1,L00,L00-Z2,concrete,substructure,0.309,t,3,4,,,T000113
1YaQhQX_W6BsZ50gGXKus1,T000115,STR-FOOT-POUR,Pad footing F-4-1,L00,L00-Z2,concrete,substructure,3.09,m3,4,5,,,T000114
1dsb4D7cHXmJZhq9k9$dcq,T000116,ELE-LIGHT-INSTALL,Light fixture L00 4-0,L00,L00-Z2,electrical,mep_finish,1.0,ea,80,81,,,T000152;T000282
1iD9uE9UQflr9saI3fkgql,T000117,ARC-WALL-FRAME,Partition L00 Room wall 4-0,L00,L00-Z2,interiors,mep_roughin,22.8,m2,72,73,,,T000107;T000108;T000109;T000153;T000154;T000159;T000168;T000169;T000173;T000675;T000676
1iD9uE9UQflr9saI3fkgql,T000118,FIR-STOP-INSTALL,Partition L00 Room wall 4-0,L00,L00-Z2,interiors,mep_roughin,3.42,ea,73,74,,,T000117;T000154;T000159;T000169
1iD9uE9UQflr9saI3fkgql,T000119,ARC-WALL-BOARD,Partition L00 Room wall 4-0,L00,L00-Z2,interiors,interiors,22.8,m2,75,76,,,T000117;T000118;T000154;T000159;T000169
1wkBtDVtpAodhSgL9EOiiI,T000120,STR-COL-POUR,Column C-4-0 L00,L00,L00-Z2,concrete,superstructure,0.95,m3,15,16,,,T000097;T000126;T000172
1wvvJfBqnToh5uZBL3dFAO,T000121,ARC-WINDOW-INSTALL,Window L00 E-0,L00,L00-Z2,envelope,envelope,1.0,ea,42,43,,,T000108
2864WnN$xofvHfseN0LWrB,T000122,MEP-AHU-SET,Air handling unit AHU-1,L00,L00-Z2,mechanical,mep_roughin,1.0,ea,44,45,,,T000126;T000128;T000157;T000172
2864WnN$xofvHfseN0LWrB,T000123,GEN-HANDOVER-DOC,Air handling unit AHU-1,L00,L00-Z2,commissioning,handover,1.0,ea,169,170,,,T000093;T000122;T000156;T000162;T000164;T000171
,T000124,GEN-PERMIT-WORK,Permit to work · Air handling unit AHU-1,L00,L00-Z2,commissioning,mobilise,1.0,ea,0,1,,,
,T000125,GEN-SURVEY-SETOUT,Survey set-out of the work area · Air handling unit AHU-1,L00,L00-Z2,concrete,mobilise,1.0,ea,1,2,,,T000124
,T000126,GEN-LIFT-PLAN,Prepare and approve lift plan · Air handling unit AHU-1,L00,L00-Z2,mechanical,mobilise,1.0,ea,2,3,,,T000125
,T000127,GEN-CRANE-MOBILISE,"Mobilise, assemble and load-test crane · Air handling unit AHU-1",L00,L00-Z2,mechanical,mobilise,1.0,ea,3,4,,,T000126
,T000128,GEN-ANCHOR-SURVEY,Anchor bolt and grout survey · Air handling unit AHU-1,L00,L00-Z2,concrete,superstructure,1.0,ea,41,42,,,T000127;T000157;T000172
,T000129,GEN-PRECOMM-CHECK,Pre-commissioning checks · Air handling unit AHU-1,L00,L00-Z2,commissioning,mep_finish,1.0,ea,81,82,,,T000092;T000098;T000116;T000122;T000163
,T000130,GEN-VENDOR-REP,Vendor representative attendance (time driven) · Air handling unit AHU-1,L00,L00-Z2,medical,medical_equipment,1.0,ea,142,147,,,T000129;T000134
29dxv47la9Bnx5vOfyJ7vD,T000131,STR-COL-POUR,Column C-6-0 L00,L00,L00-Z2,concrete,superstructure,0.95,m3,14,15,,,T000112;T000126;T000157
2AM5VuuKklanqh6g8gCnaW,T000132,STR-COL-POUR,Column C-7-0 L00,L00,L00-Z2,concrete,superstructure,0.95,m3,14,15,,,T000101;T000126;T000157
2CgIH4ayHyv0A2WRJsEaUc,T000133,STR-COL-POUR,Column C-4-1 L00,L00,L00-Z2,concrete,superstructure,0.95,m3,15,16,,,T000115;T000126;T000172
2DiNLC$OJhwnvE8hVkIU_O,T000134,ARC-FLOOR-FINISH,Floor finish L00 4-0,L00,L00-Z2,finishes,interiors,259.2,m2,82,89,,,T000119;T000138;T000150;T000152;T000157;T000167;T000172
2DiNLC$OJhwnvE8hVkIU_O,T000135,GEN-HANDOVER-DOC,Floor finish L00 4-0,L00,L00-Z2,commissioning,handover,1.0,ea,169,170,,,T000093;T000134;T000156;T000162;T000164;T000171
2FhhD59jvqvtbzHNAJ0lwm,T000136,ARC-WALL-FRAME,Partition L00 Room wall 6-0,L00,L00-Z2,interiors,mep_roughin,22.8,m2,72,73,,,T000107;T000108;T000109;T000153;T000154;T000159;T000168;T000169;T000173;T000696;T000697
2FhhD59jvqvtbzHNAJ0lwm,T000137,FIR-STOP-INSTALL,Partition L00 Room wall 6-0,L00,L00-Z2,interiors,mep_roughin,3.42,ea,73,74,,,T000136;T000154;T000159;T000169
2FhhD59jvqvtbzHNAJ0lwm,T000138,ARC-WALL-BOARD,Partition L00 Room wall 6-0,L00,L00-Z2,interiors,interiors,22.8,m2,75,76,,,T000136;T000137;T000154;T000159;T000169
2PJlK0f_2EkdU7UAA_8GGy,T000139,CIV-EARTH-CUT,Pad footing F-5-0,L00,L00-Z2,concrete,substructure,9.21,m3,2,3,,,T000125;T000154;T000159;T000169
2PJlK0f_2EkdU7UAA_8GGy,T000140,STR-FOOT-REBAR,Pad footing F-5-0,L00,L00-Z2,concrete,substructure,0.307,t,3,4,,,T000139
2PJlK0f_2EkdU7UAA_8GGy,T000141,STR-FOOT-POUR,Pad footing F-5-0,L00,L00-Z2,concrete,substructure,3.07,m3,4,5,,,T000140
2ipg3EXMX4DtietEnOW5t0,T000142,CIV-EARTH-CUT,Pad footing F-7-1,L00,L00-Z2,concrete,substructure,9.51,m3,2,3,,,T000125;T000154;T000159;T000169
2ipg3EXMX4DtietEnOW5t0,T000143,STR-FOOT-REBAR,Pad footing F-7-1,L00,L00-Z2,concrete,substructure,0.317,t,3,4,,,T000142
2ipg3EXMX4DtietEnOW5t0,T000144,STR-FOOT-POUR,Pad footing F-7-1,L00,L00-Z2,concrete,substructure,3.17,m3,4,5,,,T000143
2qVYKDm4ySPwidTS3OpgZ8,T000145,CIV-EARTH-CUT,Pad footing F-6-1,L00,L00-Z2,concrete,substructure,7.14,m3,2,3,,,T000125;T000154;T000159;T000169
2qVYKDm4ySPwidTS3OpgZ8,T000146,STR-FOOT-REBAR,Pad footing F-6-1,L00,L00-Z2,concrete,substructure,0.238,t,3,4,,,T000145
2qVYKDm4ySPwidTS3OpgZ8,T000147,STR-FOOT-POUR,Pad footing F-6-1,L00,L00-Z2,concrete,substructure,2.38,m3,4,5,,,T000146
2uMZCTc$h6safneMI5QtZe,T000148,ARC-WALL-FRAME,Partition L00 Room wall 6-1,L00,L00-Z2,interiors,mep_roughin,22.8,m2,73,74,,,T000107;T000108;T000109;T000153;T000154;T000159;T000168;T000169;T000173;T000696;T000697
2uMZCTc$h6safneMI5QtZe,T000149,FIR-STOP-INSTALL,Partition L00 Room wall 6-1,L00,L00-Z2,interiors,mep_roughin,3.42,ea,74,75,,,T000148;T000154;T000159;T000169
2uMZCTc$h6safneMI5QtZe,T000150,ARC-WALL-BOARD,Partition L00 Room wall 6-1,L00,L00-Z2,interiors,interiors,22.8,m2,75,76,,,T000148;T000149;T000154;T000159;T000169
33qT2YCVGcqvAQIlLVsv50,T000151,ARC-WINDOW-INSTALL,Window L00 E-1,L00,L00-Z2,envelope,envelope,1.0,ea,42,43,,,T000153
35j7zCBfoPafHvPbsptmA_,T000152,ARC-CEILING-CLOSE,Ceiling L00 4-0,L00,L00-Z2,interiors,interiors,259.2,m2,76,80,,,T000118;T000119;T000137;T000138;T000149;T000150;T000154;T000159;T000166;T000167;T000169
3CeIqfXmF6PUU$nEY7exq8,T000153,ARC-EXTWALL-BUILD,External wall L00 E-1,L00,L00-Z2,envelope,envelope,22.8,m2,36,38,,,T000696
3I8LtZrcz9kWV$PwDHc0og,T000154,GEN-ICRA-SETUP,Slab L00 S-6-0,L00,L00-Z2,icra,mobilise,1.0,ea,0,1,,,
3I8LtZrcz9kWV$PwDHc0og,T000155,GEN-HEPA-CLEAN,Slab L00 S-6-0,L00,L00-Z2,icra,icra_closeout,144.0,m2,158,159,,,T000093;T000134;T000152;T000154;T000159;T000164;T000169
3I8LtZrcz9kWV$PwDHc0og,T000156,GEN-ICRA-CLOSEOUT,Slab L00 S-6-0,L00,L00-Z2,icra,icra_closeout,1.0,ea,161,162,,,T000154;T000155;T000159;T000161;T000169;T000170
3I8LtZrcz9kWV$PwDHc0og,T000157,STR-GSLAB-POUR,Slab L00 S-6-0,L00,L00-Z2,concrete,substructure,36.0,m3,6,9,,,T000101;T000112;T000144;T000147
,T000158,GEN-PERMIT-WORK,Permit to work · L00 zone 2,L00,L00-Z2,commissioning,mobilise,1.0,ea,0,1,,,
,T000159,GEN-ICRA-SETUP,Erect ICRA barrier and negative air · L00 zone 2,L00,L00-Z2,icra,mobilise,1.0,ea,1,2,,,T000158
,T000160,GEN-PRECOMM-CHECK,Pre-commissioning checks · L00 zone 2,L00,L00-Z2,commissioning,mep_finish,1.0,ea,81,82,,,T000092;T000098;T000116;T000159;T000163
,T000161,GEN-HEPA-CLEAN,HEPA terminal clean · L00 zone 2,L00,L00-Z2,icra,icra_closeout,1.0,ea,158,159,,,T000093;T000134;T000152;T000154;T000159;T000160;T000164;T000169
,T000162,GEN-ICRA-CLOSEOUT,ICRA clearance and barrier removal · L00 zone 2,L00,L00-Z2,icra,icra_closeout,1.0,ea,162,163,,,T000154;T000155;T000159;T000161;T000169;T000170
3O0j2lhr0exAHCEHy$hF4e,T000163,MEP-DIFFUSER-SET,Air terminal L00 4-0,L00,L00-Z2,mechanical,mep_finish,1.0,ea,80,81,,,T000152;T000176;T000178;T000190;T000206;T000247;T000261;T000262;T000288;T000318;T000332;T000349;T000354;T000361;T000373;T000413;T000414
3O0j2lhr0exAHCEHy$hF4e,T000164,CX-AIR-BALANCE,Air terminal L00 4-0,L00,L00-Z2,commissioning,commissioning,1.0,ea,89,90,,,T000122;T000163;T000176;T000178;T000190;T000206;T000247;T000261;T000262;T000288;T000318;T000332;T000349;T000354;T000361;T000373;T000413;T000414
3b3Kl5bJ3DReiRm4JmA9Sr,T000165,ARC-WALL-FRAME,Partition L00 Room wall 4-1,L00,L00-Z2,interiors,mep_roughin,22.8,m2,73,74,,,T000107;T000108;T000109;T000153;T000154;T000159;T000168;T000169;T000173;T000675;T000676
3b3Kl5bJ3DReiRm4JmA9Sr,T000166,FIR-STOP-INSTALL,Partition L00 Room wall 4-1,L00,L00-Z2,interiors,mep_roughin,3.42,ea,74,75,,,T000154;T000159;T000165;T000169
3b3Kl5bJ3DReiRm4JmA9Sr,T000167,ARC-WALL-BOARD,Partition L00 Room wall 4-1,L00,L00-Z2,interiors,interiors,22.8,m2,75,76,,,T000154;T000159;T000165;T000166;T000169
3hUTicaHmVDfOkwCIsqAB7,T000168,ARC-EXTWALL-BUILD,External wall L00 S-7,L00,L00-Z2,envelope,envelope,22.8,m2,36,38,,,T000696
3qD3BjBfn1bqnAVLmLHYcY,T000169,GEN-ICRA-SETUP,Slab L00 S-4-0,L00,L00-Z2,icra,mobilise,1.0,ea,0,1,,,
3qD3BjBfn1bqnAVLmLHYcY,T000170,GEN-HEPA-CLEAN,Slab L00 S-4-0,L00,L00-Z2,icra,icra_closeout,144.0,m2,158,159,,,T000093;T000134;T000152;T000154;T000159;T000164;T000169
3qD3BjBfn1bqnAVLmLHYcY,T000171,GEN-ICRA-CLOSEOUT,Slab L00 S-4-0,L00,L00-Z2,icra,icra_closeout,1.0,ea,162,163,,,T000154;T000155;T000159;T000161;T000169;T000170
3qD3BjBfn1bqnAVLmLHYcY,T000172,STR-GSLAB-POUR,Slab L00 S-4-0,L00,L00-Z2,concrete,substructure,36.0,m3,6,9,,,T000097;T000105;T000115;T000141
3qqwk3uI18AhepLt7o4J7b,T000173,ARC-EXTWALL-BUILD,External wall L00 S-6,L00,L00-Z2,envelope,envelope,22.8,m2,36,38,,,T000696
3y2vVPbo6g1Dtr$b4_p__T,T000174,ARC-DOOR-INSTALL,Entrance door L00 S-4,L00,L00-Z2,interiors,interiors,1.0,ea,75,76,,,T000107
3y5nlW2j8iUDgH5jhMxzNH,T000175,STR-COL-POUR,Column C-6-1 L00,L00,L00-Z2,concrete,superstructure,0.95,m3,14,15,,,T000126;T000147;T000157
01Z0cumKC6lROsl9Zr2c4F,T000176,MEP-DUCT-INSTALL,Supply duct L00 3,L00,L00-Z3,mechanical,mep_roughin,6.0,m,65,66,,,T000191;T000221;T000778;T000779
04A50OLo_DYb9aH8xXKC$S,T000177,ELE-CABLE-PULL,Power cable L00 2,L00,L00-Z3,electrical,mep_roughin,12.0,m,64,65,,,T000220;T000282
05t_T6akBlwyKllIfiqMpl,T000178,MEP-DUCT-INSTALL,Return duct L00 4,L00,L00-Z3,mechanical,mep_roughin,6.0,m,65,66,,,T000195;T000210;T000778;T000779
0A1Js$BJ60yM4HbkjB5Ldg,T000179,ELE-CABLE-PULL,Power cable L00 1,L00,L00-Z3,electrical,mep_roughin,12.0,m,64,65,,,T000266;T000282
0CVQDy3uo7FcpzNUXuFtI2,T000180,ARC-DOOR-INSTALL,Door L00 Corridor S wall 3,L00,L00-Z3,interiors,interiors,1.0,ea,68,69,,,T000195;T000197
0PN3xQub8q$HcUWJsm9vzp,T000181,STR-GSLAB-POUR,Slab L00 S-2-2,L00,L00-Z3,concrete,substructure,36.0,m3,6,9,,,T000226;T000235;T000246;T000294
0RaF6_d0tj06WHiaJBYIPt,T000182,ARC-WALL-FRAME,Partition L00 Corridor N wall 1,L00,L00-Z3,interiors,mep_roughin,22.8,m2,60,61,,,T000219;T000278;T000729;T000730
0RaF6_d0tj06WHiaJBYIPt,T000183,FIR-STOP-INSTALL,Partition L00 Corridor N wall 1,L00,L00-Z3,interiors,mep_roughin,3.42,ea,66,67,,,T000182;T000190;T000194;T000206
0RaF6_d0tj06WHiaJBYIPt,T000184,ARC-WALL-BOARD,Partition L00 Corridor N wall 1,L00,L00-Z3,interiors,interiors,22.8,m2,67,68,,,T000182;T000183
0XKVAgLND2yRGLUq0YO$U7,T000185,MEP-DIFFUSER-SET,Air terminal L00 0-2,L00,L00-Z3,mechanical,mep_finish,1.0,ea,75,76,,,T000176;T000178;T000190;T000206;T000243;T000247;T000261;T000262;T000288;T000318;T000332;T000349;T000354;T000361;T000373;T000413;T000414
0XKVAgLND2yRGLUq0YO$U7,T000186,CX-AIR-BALANCE,Air terminal L00 0-2,L00,L00-Z3,commissioning,commissioning,1.0,ea,96,97,,,T000122;T000176;T000178;T000185;T000190;T000206;T000247;T000261;T000262;T000288;T000318;T000332;T000349;T000354;T000361;T000373;T000413;T000414
0ZDYGCsQ571EhZatUTSYjU,T000187,PLB-PIPE-INSTALL,Cold water pipe L00 1,L00,L00-Z3,plumbing,mep_roughin,12.0,m,63,64,,,T000213;T000240;T000729;T000730
0_Dfznd$a75OBdMe636cnO,T000188,ARC-FLOOR-FINISH,Floor finish L00 0-2,L00,L00-Z3,finishes,interiors,259.2,m2,82,89,,,T000181;T000184;T000193;T000197;T000212;T000215;T000223;T000239;T000242;T000243;T000250;T000284
0_Dfznd$a75OBdMe636cnO,T000189,GEN-HANDOVER-DOC,Floor finish L00 0-2,L00,L00-Z3,commissioning,handover,1.0,ea,169,170,,,T000186;T000188;T000202;T000209;T000218;T000274;T000287
0av3vpQNE5nDQPcRckx6TW,T000190,MEP-DUCT-INSTALL,Supply duct L00 2,L00,L00-Z3,mechanical,mep_roughin,6.0,m,65,66,,,T000182;T000237;T000729;T000730
0bS4yjVnspCXcdMtfHPWHr,T000191,ARC-WALL-FRAME,Partition L00 Corridor S wall 2,L00,L00-Z3,interiors,mep_roughin,22.8,m2,60,61,,,T000219;T000278;T000778;T000779
0bS4yjVnspCXcdMtfHPWHr,T000192,FIR-STOP-INSTALL,Partition L00 Corridor S wall 2,L00,L00-Z3,interiors,mep_roughin,3.42,ea,66,67,,,T000176;T000191;T000220;T000236;T000247;T000254;T000257
0bS4yjVnspCXcdMtfHPWHr,T000193,ARC-WALL-BOARD,Partition L00 Corridor S wall 2,L00,L00-Z3,interiors,interiors,22.8,m2,67,68,,,T000177;T000191;T000192;T000236;T000254;T000257
0bl6ixnt9bjz5z8jgOdL1C,T000194,MEP-TRAY-INSTALL,Cable tray L00 2,L00,L00-Z3,electrical,mep_roughin,6.0,m,63,64,,,T000182;T000237;T000729;T000730
0bzg7F6QI$HSJcd0_PE80J,T000195,ARC-WALL-FRAME,Partition L00 Corridor S wall 3,L00,L00-Z3,interiors,mep_roughin,22.8,m2,60,61,,,T000219;T000278;T000778;T000779
0bzg7F6QI$HSJcd0_PE80J,T000196,FIR-STOP-INSTALL,Partition L00 Corridor S wall 3,L00,L00-Z3,interiors,mep_roughin,3.42,ea,66,67,,,T000178;T000195;T000216;T000232;T000272;T000288
0bzg7F6QI$HSJcd0_PE80J,T000197,ARC-WALL-BOARD,Partition L00 Corridor S wall 3,L00,L00-Z3,interiors,interiors,22.8,m2,67,68,,,T000195;T000196;T000217;T000273
0hFtwiaE1$IxJbKc_a8b1w,T000198,ARC-DOOR-INSTALL,Door L00 Corridor S wall 1,L00,L00-Z3,interiors,interiors,1.0,ea,68,69,,,T000237;T000239
0rBHcVlGb6oGp0xw6A7YDg,T000199,ARC-DOOR-INSTALL,Door L00 Corridor N wall 2,L00,L00-Z3,interiors,interiors,1.0,ea,68,69,,,T000221;T000223
0v2nikm2_tvsBtWiTYkXzK,T000200,MED-GAS-PIPE-INSTALL,Oxygen line L00 1,L00,L00-Z3,plumbing,mep_roughin,18.0,m,63,64,,,T000204;T000213;T000240;T000276;T000729;T000730
0v2nikm2_tvsBtWiTYkXzK,T000201,MED-GAS-TEST,Oxygen line L00 1,L00,L00-Z3,plumbing,mep_roughin,18.0,m,66,67,,,T000200
0v2nikm2_tvsBtWiTYkXzK,T000202,MED-GAS-CERT,Oxygen line L00 1,L00,L00-Z3,commissioning,commissioning,18.0,m,96,98,,,T000200;T000201;T000205;T000216;T000350;T000764;T000794;T000836;T001202;T001211;T001254
,T000203,GEN-SURVEY-SETOUT,Survey set-out of the work area · system MG-O2,L00,L00-Z3,concrete,mobilise,1.0,ea,0,1,,,
,T000204,GEN-PERMIT-HOT,Hot work permit and fire watch · system MG-O2,L00,L00-Z3,commissioning,mobilise,1.0,ea,1,2,,,T000203
,T000205,GEN-PRECOMM-CHECK,Pre-commissioning checks · system MG-O2,L00,L00-Z3,commissioning,mep_finish,1.0,ea,95,96,,,T000185;T000201;T000208;T000217;T000267;T000269;T000351;T000765;T000795;T000837;T001203;T001212;T001255
13d1RNgQ$nfwoL_zaV9D03,T000206,MEP-DUCT-INSTALL,Return duct L00 2,L00,L00-Z3,mechanical,mep_roughin,6.0,m,65,66,,,T000182;T000237;T000729;T000730
15lZoZxhcfdy_nHyhB_h8W,T000207,PLB-PIPE-INSTALL,Heating water pipe L00 1,L00,L00-Z3,plumbing,mep_roughin,12.0,m,63,64,,,T000213;T000240;T000729;T000730
1FVG5TV59oHRZE0QE1qDhQ,T000208,MEP-DIFFUSER-SET,Air terminal L00 2-2,L00,L00-Z3,mechanical,mep_finish,1.0,ea,75,76,,,T000176;T000178;T000190;T000206;T000243;T000247;T000261;T000262;T000288;T000318;T000332;T000349;T000354;T000361;T000373;T000413;T000414
1FVG5TV59oHRZE0QE1qDhQ,T000209,CX-AIR-BALANCE,Air terminal L00 2-2,L00,L00-Z3,commissioning,commissioning,1.0,ea,96,97,,,T000122;T000176;T000178;T000190;T000206;T000208;T000247;T000261;T000262;T000288;T000318;T000332;T000349;T000354;T000361;T000373;T000413;T000414
1IULPyzbbC$lZonDxrsI3a,T000210,ARC-WALL-FRAME,Partition L00 Corridor N wall 3,L00,L00-Z3,interiors,mep_roughin,22.8,m2,60,61,,,T000219;T000278;T000778;T000779
1IULPyzbbC$lZonDxrsI3a,T000211,FIR-STOP-INSTALL,Partition L00 Corridor N wall 3,L00,L00-Z3,interiors,mep_roughin,3.42,ea,66,67,,,T000178;T000210;T000216;T000232;T000272;T000288
1IULPyzbbC$lZonDxrsI3a,T000212,ARC-WALL-BOARD,Partition L00 Corridor N wall 3,L00,L00-Z3,interiors,interiors,22.8,m2,67,68,,,T000210;T000211;T000217;T000273
1Qiaa0CNzdULe8LNgwI1ys,T000213,ARC-WALL-FRAME,Partition L00 Corridor S wall 0,L00,L00-Z3,interiors,mep_roughin,22.8,m2,60,61,,,T000219;T000278;T000729;T000730
1Qiaa0CNzdULe8LNgwI1ys,T000214,FIR-STOP-INSTALL,Partition L00 Corridor S wall 0,L00,L00-Z3,interiors,mep_roughin,3.42,ea,66,67,,,T000187;T000200;T000207;T000213;T000261;T000262;T000266;T000285;T000290
1Qiaa0CNzdULe8LNgwI1ys,T000215,ARC-WALL-BOARD,Partition L00 Corridor S wall 0,L00,L00-Z3,interiors,interiors,22.8,m2,67,68,,,T000179;T000187;T000201;T000207;T000213;T000214;T000286;T000290
1SP4mk6TBKB6WAWvJbItZN,T000216,MED-GAS-PIPE-INSTALL,Oxygen line L00 2,L00,L00-Z3,plumbing,mep_roughin,18.0,m,63,64,,,T000195;T000204;T000210;T000276;T000778;T000779
1SP4mk6TBKB6WAWvJbItZN,T000217,MED-GAS-TEST,Oxygen line L00 2,L00,L00-Z3,plumbing,mep_roughin,18.0,m,66,67,,,T000216
1SP4mk6TBKB6WAWvJbItZN,T000218,MED-GAS-CERT,Oxygen line L00 2,L00,L00-Z3,commissioning,commissioning,18.0,m,96,98,,,T000200;T000205;T000216;T000217;T000350;T000764;T000794;T000836;T001202;T001211;T001254
1XTZO2Ww0s6ftqZFx$k5S6,T000219,ARC-EXTWALL-BUILD,External wall L00 W-3,L00,L00-Z3,envelope,envelope,22.8,m2,36,38,,,T000729
1Y73Rl3vpgwifal6Fu_t48,T000220,MEP-TRAY-INSTALL,Cable tray L00 3,L00,L00-Z3,electrical,mep_roughin,6.0,m,63,64,,,T000191;T000221;T000778;T000779
1cdAcxNmtCHuejxjsxrqx3,T000221,ARC-WALL-FRAME,Partition L00 Corridor N wall 2,L00,L00-Z3,interiors,mep_roughin,22.8,m2,60,61,,,T000219;T000278;T000778;T000779
1cdAcxNmtCHuejxjsxrqx3,T000222,FIR-STOP-INSTALL,Partition L00 Corridor N wall 2,L00,L00-Z3,interiors,mep_roughin,3.42,ea,66,67,,,T000176;T000220;T000221;T000236;T000247;T000254;T000257
1cdAcxNmtCHuejxjsxrqx3,T000223,ARC-WALL-BOARD,Partition L00 Corridor N wall 2,L00,L00-Z3,interiors,interiors,22.8,m2,67,68,,,T000177;T000221;T000222;T000236;T000254;T000257
1dlyisgjwYdWTFOeFNORzZ,T000224,CIV-EARTH-CUT,Pad footing F-2-3,L00,L00-Z3,concrete,substructure,7.26,m3,1,2,,,T000203;T000275
1dlyisgjwYdWTFOeFNORzZ,T000225,STR-FOOT-REBAR,Pad footing F-2-3,L00,L00-Z3,concrete,substructure,0.242,t,2,3,,,T000224
1dlyisgjwYdWTFOeFNORzZ,T000226,STR-FOOT-POUR,Pad footing F-2-3,L00,L00-Z3,concrete,substructure,2.42,m3,3,4,,,T000225
1ehXvYVfhQwg2H0y01Mq_o,T000227,ARC-WINDOW-INSTALL,Window L00 W-2,L00,L00-Z3,envelope,envelope,1.0,ea,42,43,,,T000278
1gZoPt5wbw5ag2q8yrxTeS,T000228,MEP-FITTING-INSTALL,Fire damper L00 1,L00,L00-Z3,mechanical,mep_roughin,1.0,ea,66,67,,,T000176;T000236;T000247;T000254;T000257
1kt8geFcdqfpbGOrmMcp0c,T000229,CIV-EARTH-CUT,Pad footing F-0-2,L00,L00-Z3,concrete,substructure,8.16,m3,1,2,,,T000203;T000275
1kt8geFcdqfpbGOrmMcp0c,T000230,STR-FOOT-REBAR,Pad footing F-0-2,L00,L00-Z3,concrete,substructure,0.272,t,2,3,,,T000229
1kt8geFcdqfpbGOrmMcp0c,T000231,STR-FOOT-POUR,Pad footing F-0-2,L00,L00-Z3,concrete,substructure,2.72,m3,3,4,,,T000230
1mguYIIPBnZoS55c1HOrOr,T000232,MEP-TRAY-INSTALL,Cable tray L00 4,L00,L00-Z3,electrical,mep_roughin,6.0,m,63,64,,,T000195;T000210;T000778;T000779
1n$pVI0DsSMx6VFwHxeusv,T000233,CIV-EARTH-CUT,Pad footing F-2-2,L00,L00-Z3,concrete,substructure,7.98,m3,1,2,,,T000203;T000275
1n$pVI0DsSMx6VFwHxeusv,T000234,STR-FOOT-REBAR,Pad footing F-2-2,L00,L00-Z3,concrete,substructure,0.266,t,2,3,,,T000233
1n$pVI0DsSMx6VFwHxeusv,T000235,STR-FOOT-POUR,Pad footing F-2-2,L00,L00-Z3,concrete,substructure,2.66,m3,3,4,,,T000234
1qE5TPIcHo1l71EY1cHeVz,T000236,PLB-PIPE-INSTALL,Chilled water pipe L00 2,L00,L00-Z3,plumbing,mep_roughin,12.0,m,63,64,,,T000191;T000221;T000778;T000779
2$3VtkQBOmDZvMXigorZdO,T000237,ARC-WALL-FRAME,Partition L00 Corridor S wall 1,L00,L00-Z3,interiors,mep_roughin,22.8,m2,60,61,,,T000219;T000278;T000729;T000730
2$3VtkQBOmDZvMXigorZdO,T000238,FIR-STOP-INSTALL,Partition L00 Corridor S wall 1,L00,L00-Z3,interiors,mep_roughin,3.42,ea,66,67,,,T000190;T000194;T000206;T000237
2$3VtkQBOmDZvMXigorZdO,T000239,ARC-WALL-BOARD,Partition L00 Corridor S wall 1,L00,L00-Z3,interiors,interiors,22.8,m2,67,68,,,T000237;T000238
22MX9L1jy0_VyE52bTLICC,T000240,ARC-WALL-FRAME,Partition L00 Corridor N wall 0,L00,L00-Z3,interiors,mep_roughin,22.8,m2,60,61,,,T000219;T000278;T000729;T000730
22MX9L1jy0_VyE52bTLICC,T000241,FIR-STOP-INSTALL,Partition L00 Corridor N wall 0,L00,L00-Z3,interiors,mep_roughin,3.42,ea,66,67,,,T000187;T000200;T000207;T000240;T000261;T000262;T000266;T000285;T000290
22MX9L1jy0_VyE52bTLICC,T000242,ARC-WALL-BOARD,Partition L00 Corridor N wall 0,L00,L00-Z3,interiors,interiors,22.8,m2,68,69,,,T000179;T000187;T000201;T000207;T000240;T000241;T000286;T000290
26tMl5RCwNSe9Q$Q15mQEb,T000243,ARC-CEILING-CLOSE,Ceiling L00 0-2,L00,L00-Z3,interiors,interiors,259.2,m2,71,75,,,T000176;T000177;T000178;T000179;T000183;T000184;T000187;T000190;T000192;T000193;T000194;T000196;T000197;T000200;T000201;T000206;T000207;T000211;T000212;T000214;T000215;T000216;T000217;T000220;T000222;T000223;T000228;T000232;T000236;T000238;T000239;T000241;T000242;T000247;T000249;T000250;T000254;T000257;T000261;T000262;T000266;T000272;T000273;T000285;T000286;T000288;T000290
2CObTkMc1GZ56bG_D1ayzu,T000244,CIV-EARTH-CUT,Pad footing F-3-3,L00,L00-Z3,concrete,substructure,8.76,m3,1,2,,,T000203;T000275
2CObTkMc1GZ56bG_D1ayzu,T000245,STR-FOOT-REBAR,Pad footing F-3-3,L00,L00-Z3,concrete,substructure,0.292,t,2,3,,,T000244
2CObTkMc1GZ56bG_D1ayzu,T000246,STR-FOOT-POUR,Pad footing F-3-3,L00,L00-Z3,concrete,substructure,2.92,m3,3,4,,,T000245
2IXwQF3yM1EBUwYY2z8JR8,T000247,MEP-DUCT-INSTALL,Return duct L00 3,L00,L00-Z3,mechanical,mep_roughin,6.0,m,65,66,,,T000191;T000221;T000778;T000779
2KmxUG1ZZAVbho4ZkYW1Fd,T000248,ARC-WALL-FRAME,Partition L00 Room wall 2-3,L00,L00-Z3,interiors,mep_roughin,22.8,m2,61,62,,,T000219;T000278;T000778;T000779
2KmxUG1ZZAVbho4ZkYW1Fd,T000249,FIR-STOP-INSTALL,Partition L00 Room wall 2-3,L00,L00-Z3,interiors,mep_roughin,3.42,ea,62,63,,,T000248
2KmxUG1ZZAVbho4ZkYW1Fd,T000250,ARC-WALL-BOARD,Partition L00 Room wall 2-3,L00,L00-Z3,interiors,interiors,22.8,m2,68,69,,,T000248;T000249
2N_RjXhZZ1OAUq_Uy_v2Bb,T000251,CIV-EARTH-CUT,Pad footing F-1-3,L00,L00-Z3,concrete,substructure,6.69,m3,1,2,,,T000203;T000275
2N_RjXhZZ1OAUq_Uy_v2Bb,T000252,STR-FOOT-REBAR,Pad footing F-1-3,L00,L00-Z3,concrete,substructure,0.223,t,2,3,,,T000251
2N_RjXhZZ1OAUq_Uy_v2Bb,T000253,STR-FOOT-POUR,Pad footing F-1-3,L00,L00-Z3,concrete,substructure,2.23,m3,3,4,,,T000252
2SLnQ2KBY_FCVqSUwLMSZD,T000254,PLB-PIPE-INSTALL,Cold water pipe L00 2,L00,L00-Z3,plumbing,mep_roughin,12.0,m,64,65,,,T000191;T000221;T000778;T000779
2XvRa_PFH9vMuBei8bcKMk,T000255,STR-COL-POUR,Column C-3-2 L00,L00,L00-Z3,concrete,superstructure,0.95,m3,15,16,,,T000181;T000294
2a9nvZFGColhkIPp554Hgy,T000256,STR-COL-POUR,Column C-2-3 L00,L00,L00-Z3,concrete,superstructure,0.95,m3,15,16,,,T000181;T000226
2aTefUOidOgqZXsOHbOkfQ,T000257,PLB-PIPE-INSTALL,Heating water pipe L00 2,L00,L00-Z3,plumbing,mep_roughin,12.0,m,64,65,,,T000191;T000221;T000778;T000779
2gv_iW_Wkw1jcgzEY2IqSI,T000258,ARC-DOOR-INSTALL,Door L00 Corridor N wall 0,L00,L00-Z3,interiors,interiors,1.0,ea,71,72,,,T000240;T000242
2kn4Jvllu9HkoeZVE3N$nF,T000259,STR-COL-POUR,Column C-2-2 L00,L00,L00-Z3,concrete,superstructure,0.95,m3,16,17,,,T000181;T000235
2rve0oOgA3Ss9VPLgd8C3z,T000260,ARC-WINDOW-INSTALL,Window L00 W-3,L00,L00-Z3,envelope,envelope,1.0,ea,42,43,,,T000219
30iAlLoRJ0aYlnKPWgPfXo,T000261,MEP-DUCT-INSTALL,Return duct L00 1,L00,L00-Z3,mechanical,mep_roughin,6.0,m,65,66,,,T000213;T000240;T000729;T000730
355STJHefno2b$3r85P4QT,T000262,MEP-DUCT-INSTALL,Supply duct L00 1,L00,L00-Z3,mechanical,mep_roughin,6.0,m,65,66,,,T000213;T000240;T000729;T000730
3DtkwJtMYzxtYfVBZvVxmh,T000263,CIV-EARTH-CUT,Pad footing F-0-3,L00,L00-Z3,concrete,substructure,9.15,m3,1,2,,,T000203;T000275
3DtkwJtMYzxtYfVBZvVxmh,T000264,STR-FOOT-REBAR,Pad footing F-0-3,L00,L00-Z3,concrete,substructure,0.305,t,2,3,,,T000263
3DtkwJtMYzxtYfVBZvVxmh,T000265,STR-FOOT-POUR,Pad footing F-0-3,L00,L00-Z3,concrete,substructure,3.05,m3,3,4,,,T000264
3HcoVI2TuW_pxxlQxGr6VI,T000266,MEP-TRAY-INSTALL,Cable tray L00 1,L00,L00-Z3,electrical,mep_roughin,6.0,m,63,64,,,T000213;T000240;T000729;T000730
3IIFlfqmZuPIQnjOV__Zt6,T000267,ELE-LIGHT-INSTALL,Light fixture L00 2-2,L00,L00-Z3,electrical,mep_finish,1.0,ea,75,76,,,T000177;T000194;T000220;T000232;T000243;T000266;T000282
3JHfeKoch_cy2lgErd3yXT,T000268,STR-COL-POUR,Column C-3-3 L00,L00,L00-Z3,concrete,superstructure,0.95,m3,16,17,,,T000181;T000246
3RnObiHpqaYVFrW$0EpOWG,T000269,ELE-LIGHT-INSTALL,Light fixture L00 0-2,L00,L00-Z3,electrical,mep_finish,1.0,ea,75,76,,,T000179;T000194;T000220;T000232;T000243;T000266;T000282
3URj66a$ya1DtHXkpk5p6O,T000270,STR-COL-POUR,Column C-1-3 L00,L00,L00-Z3,concrete,superstructure,0.95,m3,14,15,,,T000253;T000284
3VIC6bnrVKfeOK$x$d$2Bo,T000271,STR-COL-POUR,Column C-0-3 L00,L00,L00-Z3,concrete,superstructure,0.95,m3,14,15,,,T000265;T000284
3VwMEVK58mH0aw_opxjpWq,T000272,MED-GAS-PIPE-INSTALL,Medical air line L00 2,L00,L00-Z3,plumbing,mep_roughin,18.0,m,64,65,,,T000195;T000204;T000210;T000276;T000778;T000779
3VwMEVK58mH0aw_opxjpWq,T000273,MED-GAS-TEST,Medical air line L00 2,L00,L00-Z3,plumbing,mep_roughin,18.0,m,66,67,,,T000272
3VwMEVK58mH0aw_opxjpWq,T000274,MED-GAS-CERT,Medical air line L00 2,L00,L00-Z3,commissioning,commissioning,18.0,m,96,98,,,T000272;T000273;T000277;T000285;T000329;T000715;T000791;T000842;T001219;T001236;T001319
,T000275,GEN-SURVEY-SETOUT,Survey set-out of the work area · system MG-MA,L00,L00-Z3,concrete,mobilise,1.0,ea,0,1,,,
,T000276,GEN-PERMIT-HOT,Hot work permit and fire watch · system MG-MA,L00,L00-Z3,commissioning,mobilise,1.0,ea,1,2,,,T000275
,T000277,GEN-PRECOMM-CHECK,Pre-commissioning checks · system MG-MA,L00,L00-Z3,commissioning,mep_finish,1.0,ea,95,96,,,T000185;T000208;T000267;T000269;T000273;T000286;T000330;T000716;T000792;T000843;T001220;T001237;T001320
3bL07zYWmiRa5K8cBoFHZt,T000278,ARC-EXTWALL-BUILD,External wall L00 W-2,L00,L00-Z3,envelope,envelope,22.8,m2,36,38,,,T000729
3fxuuRyLAagBUdSPI35Vy9,T000279,CIV-EARTH-CUT,Pad footing F-1-2,L00,L00-Z3,concrete,substructure,7.47,m3,1,2,,,T000203;T000275
3fxuuRyLAagBUdSPI35Vy9,T000280,STR-FOOT-REBAR,Pad footing F-1-2,L00,L00-Z3,concrete,substructure,0.249,t,2,3,,,T000279
3fxuuRyLAagBUdSPI35Vy9,T000281,STR-FOOT-POUR,Pad footing F-1-2,L00,L00-Z3,concrete,substructure,2.49,m3,3,4,,,T000280
3gI5HU$ZPNr41khlh0DzPR,T000282,ELE-PANEL-INSTALL,Distribution board DB-1,L00,L00-Z3,electrical,mep_roughin,1.0,ea,62,63,,,T000213;T000240
3gI5HU$ZPNr41khlh0DzPR,T000283,CX-POWER-ENERGISE,Distribution board DB-1,L00,L00-Z3,commissioning,commissioning,1.0,ea,96,97,,,T000177;T000179;T000194;T000220;T000232;T000266;T000282;T000309;T000320;T000353;T000358;T000369;T000396
3gugtHcfPzeMoeb_VfmZok,T000284,STR-GSLAB-POUR,Slab L00 S-0-2,L00,L00-Z3,concrete,substructure,36.0,m3,6,9,,,T000231;T000253;T000265;T000281
3lMJNV1fLY27oHL6yJGUlZ,T000285,MED-GAS-PIPE-INSTALL,Medical air line L00 1,L00,L00-Z3,plumbing,mep_roughin,18.0,m,64,65,,,T000204;T000213;T000240;T000276;T000729;T000730
3lMJNV1fLY27oHL6yJGUlZ,T000286,MED-GAS-TEST,Medical air line L00 1,L00,L00-Z3,plumbing,mep_roughin,18.0,m,66,67,,,T000285
3lMJNV1fLY27oHL6yJGUlZ,T000287,MED-GAS-CERT,Medical air line L00 1,L00,L00-Z3,commissioning,commissioning,18.0,m,96,98,,,T000272;T000277;T000285;T000286;T000329;T000715;T000791;T000842;T001219;T001236;T001319
3m34$txqM158ZazPY3YOUv,T000288,MEP-DUCT-INSTALL,Supply duct L00 4,L00,L00-Z3,mechanical,mep_roughin,6.0,m,65,66,,,T000195;T000210;T000778;T000779
3punhN$$lYAsAtNbfDAfbd,T000289,STR-COL-POUR,Column C-0-2 L00,L00,L00-Z3,concrete,superstructure,0.95,m3,14,15,,,T000231;T000284
3s88BXjypVHF3KBNPvlXz8,T000290,PLB-PIPE-INSTALL,Chilled water pipe L00 1,L00,L00-Z3,plumbing,mep_roughin,12.0,m,64,65,,,T000213;T000240;T000729;T000730
3sLuiv5jtZ79pkK3Iu4G8U,T000291,STR-COL-POUR,Column C-1-2 L00,L00,L00-Z3,concrete,superstructure,0.95,m3,14,15,,,T000281;T000284
3vXVZ_UZu9aUYgeAHJTnJR,T000292,CIV-EARTH-CUT,Pad footing F-3-2,L00,L00-Z3,concrete,substructure,9.3,m3,1,2,,,T000203;T000275
3vXVZ_UZu9aUYgeAHJTnJR,T000293,STR-FOOT-REBAR,Pad footing F-3-2,L00,L00-Z3,concrete,substructure,0.31,t,2,3,,,T000292
3vXVZ_UZu9aUYgeAHJTnJR,T000294,STR-FOOT-POUR,Pad footing F-3-2,L00,L00-Z3,concrete,substructure,3.1,m3,3,4,,,T000293
06yueYObVgVkTweEUuqkAj,T000295,ARC-WALL-FRAME,Partition L00 Room wall 4-3,L00,L00-Z4,interiors,mep_roughin,22.8,m2,61,62,,,T000299;T000340;T000345;T000384;T000385;T000900;T000901
06yueYObVgVkTweEUuqkAj,T000296,FIR-STOP-INSTALL,Partition L00 Room wall 4-3,L00,L00-Z4,interiors,mep_roughin,3.42,ea,62,63,,,T000295;T000338;T000340;T000345;T000385
06yueYObVgVkTweEUuqkAj,T000297,ARC-WALL-BOARD,Partition L00 Room wall 4-3,L00,L00-Z4,interiors,interiors,22.8,m2,69,70,,,T000295;T000296;T000340;T000345;T000385
07KurzxQhIeeipGlDeUxFY,T000298,STR-COL-POUR,Column C-7-2 L00,L00,L00-Z4,concrete,superstructure,0.95,m3,14,15,,,T000335;T000343
093uFjmjnM1FxlOu1S2ZjO,T000299,ARC-EXTWALL-BUILD,External wall L00 E-2,L00,L00-Z4,envelope,envelope,22.8,m2,37,39,,,T000869
0CQRXAKUM9K0qvyb4Taaw9,T000300,CIV-EARTH-CUT,Pad footing F-5-3,L00,L00-Z4,concrete,substructure,7.53,m3,2,3,,,T000340;T000345;T000385;T000404
0CQRXAKUM9K0qvyb4Taaw9,T000301,STR-FOOT-REBAR,Pad footing F-5-3,L00,L00-Z4,concrete,substructure,0.251,t,3,4,,,T000300
0CQRXAKUM9K0qvyb4Taaw9,T000302,STR-FOOT-POUR,Pad footing F-5-3,L00,L00-Z4,concrete,substructure,2.51,m3,4,5,,,T000301
0D$yfTUDMnr87WE49ul3Mf,T000303,ARC-WALL-FRAME,Partition L00 Corridor S wall 5,L00,L00-Z4,interiors,mep_roughin,22.8,m2,60,61,,,T000299;T000340;T000345;T000384;T000385;T000900;T000901
0D$yfTUDMnr87WE49ul3Mf,T000304,FIR-STOP-INSTALL,Partition L00 Corridor S wall 5,L00,L00-Z4,interiors,mep_roughin,3.42,ea,67,68,,,T000303;T000332;T000340;T000345;T000354;T000369;T000385
0D$yfTUDMnr87WE49ul3Mf,T000305,ARC-WALL-BOARD,Partition L00 Corridor S wall 5,L00,L00-Z4,interiors,interiors,22.8,m2,69,70,,,T000303;T000304;T000340;T000345;T000385
0D4$SitzcT273Pm2z6nmGt,T000306,ARC-WALL-FRAME,Partition L00 Corridor N wall 6,L00,L00-Z4,interiors,mep_roughin,22.8,m2,61,62,,,T000299;T000340;T000345;T000384;T000385;T000869;T000870
0D4$SitzcT273Pm2z6nmGt,T000307,FIR-STOP-INSTALL,Partition L00 Corridor N wall 6,L00,L00-Z4,interiors,mep_roughin,3.42,ea,67,68,,,T000306;T000329;T000339;T000340;T000345;T000350;T000373;T000385;T000389;T000396;T000413;T000416
0D4$SitzcT273Pm2z6nmGt,T000308,ARC-WALL-BOARD,Partition L00 Corridor N wall 6,L00,L00-Z4,interiors,interiors,22.8,m2,69,70,,,T000306;T000307;T000309;T000330;T000339;T000340;T000345;T000351;T000385;T000389;T000416
0FIDvGJ9ageUztqFcQy4kK,T000309,ELE-CABLE-PULL,Power cable L00 4,L00,L00-Z4,electrical,mep_roughin,12.0,m,65,66,,,T000282;T000396
0G7u7ct8D76bmpCqT1wnxs,T000310,ARC-WINDOW-INSTALL,Window L00 E-3,L00,L00-Z4,envelope,envelope,1.0,ea,42,43,,,T000384
0GuNa5eiVbGozF99WQ$jSu,T000311,ARC-DOOR-INSTALL,Door L00 Corridor S wall 7,L00,L00-Z4,interiors,interiors,1.0,ea,74,75,,,T000393;T000395
0ST6CqgyCH0KqyzPafa7BT,T000312,STR-COL-POUR,Column C-7-3 L00,L00,L00-Z4,concrete,superstructure,0.95,m3,14,15,,,T000343;T000409
0UgMnTlp5JIVXsdQYq1rqm,T000313,ARC-FLOOR-FINISH,Floor finish L00 4-2,L00,L00-Z4,finishes,interiors,259.2,m2,89,96,,,T000297;T000305;T000308;T000323;T000326;T000343;T000362;T000372;T000376;T000382;T000388;T000392;T000395
0UgMnTlp5JIVXsdQYq1rqm,T000314,GEN-HANDOVER-DOC,Floor finish L00 4-2,L00,L00-Z4,commissioning,handover,1.0,ea,169,170,,,T000313;T000331;T000342;T000348;T000352;T000357;T000367;T000387
0WzE8p_96JJcAVFrSmvucs,T000315,CIV-EARTH-CUT,Pad footing F-4-3,L00,L00-Z4,concrete,substructure,7.62,m3,2,3,,,T000340;T000345;T000385;T000404
0WzE8p_96JJcAVFrSmvucs,T000316,STR-FOOT-REBAR,Pad footing F-4-3,L00,L00-Z4,concrete,substructure,0.254,t,3,4,,,T000315
0WzE8p_96JJcAVFrSmvucs,T000317,STR-FOOT-POUR,Pad footing F-4-3,L00,L00-Z4,concrete,substructure,2.54,m3,4,5,,,T000316
0_MvbK5bgsEJ9Pz_V0nMm5,T000318,MEP-DUCT-INSTALL,Supply duct L00 8,L00,L00-Z4,mechanical,mep_roughin,6.0,m,66,67,,,T000374;T000393;T000869;T000870
0cST$k4Z$Q0PoEZ$LOM8G8,T000319,ARC-WINDOW-INSTALL,Window L00 E-2,L00,L00-Z4,envelope,envelope,1.0,ea,42,43,,,T000299
0glFdU__oRptUaVLhKfmAC,T000320,MEP-TRAY-INSTALL,Cable tray L00 8,L00,L00-Z4,electrical,mep_roughin,6.0,m,64,65,,,T000374;T000393;T000869;T000870
0hrXPg7HQg7U$94i9rAzGY,T000321,ARC-WALL-FRAME,Partition L00 Corridor S wall 6,L00,L00-Z4,interiors,mep_roughin,22.8,m2,61,62,,,T000299;T000340;T000345;T000384;T000385;T000869;T000870
0hrXPg7HQg7U$94i9rAzGY,T000322,FIR-STOP-INSTALL,Partition L00 Corridor S wall 6,L00,L00-Z4,interiors,mep_roughin,3.42,ea,67,68,,,T000321;T000329;T000339;T000340;T000345;T000350;T000373;T000385;T000389;T000396;T000413;T000416
0hrXPg7HQg7U$94i9rAzGY,T000323,ARC-WALL-BOARD,Partition L00 Corridor S wall 6,L00,L00-Z4,interiors,interiors,22.8,m2,69,70,,,T000309;T000321;T000322;T000330;T000339;T000340;T000345;T000351;T000385;T000389;T000416
0iaLFaZ_uSLaXDTZICQL35,T000324,ARC-WALL-FRAME,Partition L00 Room wall 6-3,L00,L00-Z4,interiors,mep_roughin,22.8,m2,62,63,,,T000299;T000340;T000345;T000384;T000385;T000869;T000870
0iaLFaZ_uSLaXDTZICQL35,T000325,FIR-STOP-INSTALL,Partition L00 Room wall 6-3,L00,L00-Z4,interiors,mep_roughin,3.42,ea,63,64,,,T000324;T000340;T000345;T000385
0iaLFaZ_uSLaXDTZICQL35,T000326,ARC-WALL-BOARD,Partition L00 Room wall 6-3,L00,L00-Z4,interiors,interiors,22.8,m2,69,70,,,T000324;T000325;T000340;T000345;T000385
0vmHPPW_uaSPKtOB3CQ4H0,T000327,ARC-DOOR-INSTALL,Door L00 Corridor S wall 5,L00,L00-Z4,interiors,interiors,1.0,ea,71,72,,,T000303;T000305
0zLmIV4EO2uerJqQqy7HQf,T000328,STR-COL-POUR,Column C-4-3 L00,L00,L00-Z4,concrete,superstructure,0.95,m3,16,17,,,T000317;T000388
1$G4Q9lcEqmmcl3e_P2RtI,T000329,MED-GAS-PIPE-INSTALL,Medical air line L00 3,L00,L00-Z4,plumbing,mep_roughin,18.0,m,65,66,,,T000276;T000306;T000321;T000405;T000869;T000870
1$G4Q9lcEqmmcl3e_P2RtI,T000330,MED-GAS-TEST,Medical air line L00 3,L00,L00-Z4,plumbing,mep_roughin,18.0,m,66,67,,,T000329
1$G4Q9lcEqmmcl3e_P2RtI,T000331,MED-GAS-CERT,Medical air line L00 3,L00,L00-Z4,commissioning,commissioning,18.0,m,96,98,,,T000272;T000277;T000285;T000329;T000330;T000715;T000791;T000842;T001219;T001236;T001319
198WvFsjp1chnlQcsz5_4$,T000332,MEP-DUCT-INSTALL,Return duct L00 6,L00,L00-Z4,mechanical,mep_roughin,6.0,m,66,67,,,T000303;T000380;T000900;T000901
1EKdD3dmoP9VDcF5isl8h1,T000333,CIV-EARTH-CUT,Pad footing F-7-2,L00,L00-Z4,concrete,substructure,8.91,m3,2,3,,,T000340;T000345;T000385;T000404
1EKdD3dmoP9VDcF5isl8h1,T000334,STR-FOOT-REBAR,Pad footing F-7-2,L00,L00-Z4,concrete,substructure,0.297,t,3,4,,,T000333
1EKdD3dmoP9VDcF5isl8h1,T000335,STR-FOOT-POUR,Pad footing F-7-2,L00,L00-Z4,concrete,substructure,2.97,m3,4,5,,,T000334
1FPHU$3klxGB8dozqq9Ge9,T000336,STR-COL-POUR,Column C-4-2 L00,L00,L00-Z4,concrete,superstructure,0.95,m3,16,17,,,T000388;T000412
1FbVQhN$lVozYwhIW9WFmo,T000337,PLB-PIPE-INSTALL,Heating water pipe L00 3,L00,L00-Z4,plumbing,mep_roughin,12.0,m,65,66,,,T000370;T000390;T000900;T000901
1Uqwj2NG87Y6FoWF0XXMy$,T000338,FIR-SPRINK-INSTALL,Sprinkler main L00,L00,L00-Z4,plumbing,mep_roughin,12.0,ea,60,61,,,T000343;T000388;T000900;T000901
1W$wZrPY6s_DytneFHNFk6,T000339,PLB-PIPE-INSTALL,Heating water pipe L00 4,L00,L00-Z4,plumbing,mep_roughin,12.0,m,65,66,,,T000306;T000321;T000869;T000870
1i3zDbrAEIidhwQziyCuve,T000340,GEN-ICRA-SETUP,Slab L00 S-6-2,L00,L00-Z4,icra,mobilise,1.0,ea,0,1,,,
1i3zDbrAEIidhwQziyCuve,T000341,GEN-HEPA-CLEAN,Slab L00 S-6-2,L00,L00-Z4,icra,icra_closeout,144.0,m2,158,159,,,T000313;T000340;T000345;T000357;T000362;T000367;T000385
1i3zDbrAEIidhwQziyCuve,T000342,GEN-ICRA-CLOSEOUT,Slab L00 S-6-2,L00,L00-Z4,icra,icra_closeout,1.0,ea,162,163,,,T000340;T000341;T000345;T000347;T000385;T000386
1i3zDbrAEIidhwQziyCuve,T000343,STR-GSLAB-POUR,Slab L00 S-6-2,L00,L00-Z4,concrete,substructure,36.0,m3,8,11,,,T000335;T000365;T000401;T000409
,T000344,GEN-PERMIT-WORK,Permit to work · L00 zone 4,L00,L00-Z4,commissioning,mobilise,1.0,ea,0,1,,,
,T000345,GEN-ICRA-SETUP,Erect ICRA barrier and negative air · L00 zone 4,L00,L00-Z4,icra,mobilise,1.0,ea,1,2,,,T000344
,T000346,GEN-PRECOMM-CHECK,Pre-commissioning checks · L00 zone 4,L00,L00-Z4,commissioning,mep_finish,1.0,ea,79,80,,,T000345;T000356;T000366;T000368;T000397
,T000347,GEN-HEPA-CLEAN,HEPA terminal clean · L00 zone 4,L00,L00-Z4,icra,icra_closeout,1.0,ea,158,159,,,T000313;T000340;T000345;T000346;T000357;T000362;T000367;T000385
,T000348,GEN-ICRA-CLOSEOUT,ICRA clearance and barrier removal · L00 zone 4,L00,L00-Z4,icra,icra_closeout,1.0,ea,162,163,,,T000340;T000341;T000345;T000347;T000385;T000386
1oArE5D0WLTg_EflooSiqD,T000349,MEP-DUCT-INSTALL,Return duct L00 5,L00,L00-Z4,mechanical,mep_roughin,6.0,m,66,67,,,T000370;T000390;T000900;T000901
1qdL8TB6MaysLU2P98CYMF,T000350,MED-GAS-PIPE-INSTALL,Oxygen line L00 3,L00,L00-Z4,plumbing,mep_roughin,18.0,m,65,66,,,T000204;T000306;T000321;T000405;T000869;T000870
1qdL8TB6MaysLU2P98CYMF,T000351,MED-GAS-TEST,Oxygen line L00 3,L00,L00-Z4,plumbing,mep_roughin,18.0,m,66,67,,,T000350
1qdL8TB6MaysLU2P98CYMF,T000352,MED-GAS-CERT,Oxygen line L00 3,L00,L00-Z4,commissioning,commissioning,18.0,m,96,98,,,T000200;T000205;T000216;T000350;T000351;T000764;T000794;T000836;T001202;T001211;T001254
1sWQ08K4Xz8SxL$EAwhlyX,T000353,MEP-TRAY-INSTALL,Cable tray L00 5,L00,L00-Z4,electrical,mep_roughin,6.0,m,64,65,,,T000370;T000390;T000900;T000901
1wJO0D$I9dUpcQCO323bFQ,T000354,MEP-DUCT-INSTALL,Supply duct L00 6,L00,L00-Z4,mechanical,mep_roughin,6.0,m,66,67,,,T000303;T000380;T000900;T000901
1yzzRCMn9IGI8z9LVqkSXq,T000355,PLB-PIPE-INSTALL,Chilled water pipe L00 3,L00,L00-Z4,plumbing,mep_roughin,12.0,m,65,66,,,T000370;T000390;T000900;T000901
20txK77wbQqEaIaZMs1y8w,T000356,MEP-DIFFUSER-SET,Air terminal L00 4-2,L00,L00-Z4,mechanical,mep_finish,1.0,ea,78,79,,,T000176;T000178;T000190;T000206;T000247;T000261;T000262;T000288;T000318;T000332;T000349;T000354;T000361;T000362;T000373;T000413;T000414
20txK77wbQqEaIaZMs1y8w,T000357,CX-AIR-BALANCE,Air terminal L00 4-2,L00,L00-Z4,commissioning,commissioning,1.0,ea,96,97,,,T000122;T000176;T000178;T000190;T000206;T000247;T000261;T000262;T000288;T000318;T000332;T000349;T000354;T000356;T000361;T000373;T000413;T000414
24ohKyvjdbprUdfQUxJJ4A,T000358,ELE-CABLE-PULL,Power cable L00 3,L00,L00-Z4,electrical,mep_roughin,12.0,m,65,66,,,T000282;T000353
2BLJLh53A5XQr3$bczVpcw,T000359,STR-COL-POUR,Column C-6-2 L00,L00,L00-Z4,concrete,superstructure,0.95,m3,14,15,,,T000343;T000401
2FmoiIb5aAiuWzRPYYHDUV,T000360,STR-COL-POUR,Column C-6-3 L00,L00,L00-Z4,concrete,superstructure,0.95,m3,14,15,,,T000343;T000365
2NSh$TuECLHG3u$kt2lDry,T000361,MEP-DUCT-INSTALL,Return duct L00 8,L00,L00-Z4,mechanical,mep_roughin,6.0,m,66,67,,,T000374;T000393;T000869;T000870
2O_W1o5vGS9EEK_8NfLWoa,T000362,ARC-CEILING-CLOSE,Ceiling L00 4-2,L00,L00-Z4,interiors,interiors,259.2,m2,74,78,,,T000296;T000297;T000304;T000305;T000307;T000308;T000309;T000318;T000320;T000322;T000323;T000325;T000326;T000329;T000330;T000332;T000337;T000338;T000339;T000340;T000345;T000349;T000350;T000351;T000353;T000354;T000355;T000358;T000361;T000369;T000371;T000372;T000373;T000375;T000376;T000381;T000382;T000383;T000385;T000389;T000391;T000392;T000394;T000395;T000396;T000402;T000413;T000414;T000416
2PsESJYI97LdauFxcpY$uA,T000363,CIV-EARTH-CUT,Pad footing F-6-3,L00,L00-Z4,concrete,substructure,8.67,m3,2,3,,,T000340;T000345;T000385;T000404
2PsESJYI97LdauFxcpY$uA,T000364,STR-FOOT-REBAR,Pad footing F-6-3,L00,L00-Z4,concrete,substructure,0.289,t,3,4,,,T000363
2PsESJYI97LdauFxcpY$uA,T000365,STR-FOOT-POUR,Pad footing F-6-3,L00,L00-Z4,concrete,substructure,2.89,m3,4,5,,,T000364
2WCYdp28DUaWVN$0J2frh0,T000366,MEP-DIFFUSER-SET,Air terminal L00 6-2,L00,L00-Z4,mechanical,mep_finish,1.0,ea,78,79,,,T000176;T000178;T000190;T000206;T000247;T000261;T000262;T000288;T000318;T000332;T000349;T000354;T000361;T000362;T000373;T000413;T000414
2WCYdp28DUaWVN$0J2frh0,T000367,CX-AIR-BALANCE,Air terminal L00 6-2,L00,L00-Z4,commissioning,commissioning,1.0,ea,96,97,,,T000122;T000176;T000178;T000190;T000206;T000247;T000261;T000262;T000288;T000318;T000332;T000349;T000354;T000361;T000366;T000373;T000413;T000414
2cSvPZznYKzSuH2U_nSIEY,T000368,ELE-LIGHT-INSTALL,Light fixture L00 4-2,L00,L00-Z4,electrical,mep_finish,1.0,ea,78,79,,,T000282;T000320;T000353;T000358;T000362;T000369;T000396
2fJZVS2tzYgc$p6cWDISSV,T000369,MEP-TRAY-INSTALL,Cable tray L00 6,L00,L00-Z4,electrical,mep_roughin,6.0,m,64,65,,,T000303;T000380;T000900;T000901
2hwHZco8zmyNXGfip853KT,T000370,ARC-WALL-FRAME,Partition L00 Corridor N wall 4,L00,L00-Z4,interiors,mep_roughin,22.8,m2,61,62,,,T000299;T000340;T000345;T000384;T000385;T000900;T000901
2hwHZco8zmyNXGfip853KT,T000371,FIR-STOP-INSTALL,Partition L00 Corridor N wall 4,L00,L00-Z4,interiors,mep_roughin,3.42,ea,67,68,,,T000337;T000340;T000345;T000349;T000353;T000355;T000370;T000383;T000385;T000414
2hwHZco8zmyNXGfip853KT,T000372,ARC-WALL-BOARD,Partition L00 Corridor N wall 4,L00,L00-Z4,interiors,interiors,22.8,m2,69,70,,,T000337;T000340;T000345;T000355;T000358;T000370;T000371;T000383;T000385
2i3WynCsi_3m4_ByWBAVCw,T000373,MEP-DUCT-INSTALL,Supply duct L00 7,L00,L00-Z4,mechanical,mep_roughin,6.0,m,66,67,,,T000306;T000321;T000869;T000870
2kbVYeD6iq_ZAQHTdQFlI4,T000374,ARC-WALL-FRAME,Partition L00 Corridor N wall 7,L00,L00-Z4,interiors,mep_roughin,22.8,m2,61,62,,,T000299;T000340;T000345;T000384;T000385;T000869;T000870
2kbVYeD6iq_ZAQHTdQFlI4,T000375,FIR-STOP-INSTALL,Partition L00 Corridor N wall 7,L00,L00-Z4,interiors,mep_roughin,3.42,ea,67,68,,,T000318;T000320;T000340;T000345;T000361;T000374;T000385
2kbVYeD6iq_ZAQHTdQFlI4,T000376,ARC-WALL-BOARD,Partition L00 Corridor N wall 7,L00,L00-Z4,interiors,interiors,22.8,m2,69,70,,,T000340;T000345;T000374;T000375;T000385
2pLxG3o3AsHxN6XmfRwfhm,T000377,CIV-EARTH-CUT,Pad footing F-5-2,L00,L00-Z4,concrete,substructure,6.69,m3,2,3,,,T000340;T000345;T000385;T000404
2pLxG3o3AsHxN6XmfRwfhm,T000378,STR-FOOT-REBAR,Pad footing F-5-2,L00,L00-Z4,concrete,substructure,0.223,t,3,4,,,T000377
2pLxG3o3AsHxN6XmfRwfhm,T000379,STR-FOOT-POUR,Pad footing F-5-2,L00,L00-Z4,concrete,substructure,2.23,m3,4,5,,,T000378
2q9hN$OQyjjH8usm9AGcCF,T000380,ARC-WALL-FRAME,Partition L00 Corridor N wall 5,L00,L00-Z4,interiors,mep_roughin,22.8,m2,61,62,,,T000299;T000340;T000345;T000384;T000385;T000900;T000901
2q9hN$OQyjjH8usm9AGcCF,T000381,FIR-STOP-INSTALL,Partition L00 Corridor N wall 5,L00,L00-Z4,interiors,mep_roughin,3.42,ea,67,68,,,T000332;T000340;T000345;T000354;T000369;T000380;T000385
2q9hN$OQyjjH8usm9AGcCF,T000382,ARC-WALL-BOARD,Partition L00 Corridor N wall 5,L00,L00-Z4,interiors,interiors,22.8,m2,70,71,,,T000340;T000345;T000380;T000381;T000385
2tnvRTCAquuJnm2YQ_thf2,T000383,PLB-PIPE-INSTALL,Cold water pipe L00 3,L00,L00-Z4,plumbing,mep_roughin,12.0,m,66,67,,,T000370;T000390;T000900;T000901
33gWVDyUh6gU9uCvFA74me,T000384,ARC-EXTWALL-BUILD,External wall L00 E-3,L00,L00-Z4,envelope,envelope,22.8,m2,38,40,,,T000869
34kADVjL5pgtD1CXSSvlox,T000385,GEN-ICRA-SETUP,Slab L00 S-4-2,L00,L00-Z4,icra,mobilise,1.0,ea,0,1,,,
34kADVjL5pgtD1CXSSvlox,T000386,GEN-HEPA-CLEAN,Slab L00 S-4-2,L00,L00-Z4,icra,icra_closeout,144.0,m2,158,159,,,T000313;T000340;T000345;T000357;T000362;T000367;T000385
34kADVjL5pgtD1CXSSvlox,T000387,GEN-ICRA-CLOSEOUT,Slab L00 S-4-2,L00,L00-Z4,icra,icra_closeout,1.0,ea,163,164,,,T000340;T000341;T000345;T000347;T000385;T000386
34kADVjL5pgtD1CXSSvlox,T000388,STR-GSLAB-POUR,Slab L00 S-4-2,L00,L00-Z4,concrete,substructure,36.0,m3,9,12,,,T000302;T000317;T000379;T000412
35fo3OlovSGzqKUa$9t3r8,T000389,PLB-PIPE-INSTALL,Chilled water pipe L00 4,L00,L00-Z4,plumbing,mep_roughin,12.0,m,66,67,,,T000306;T000321;T000869;T000870
3Fn1c4u5jHxwZ1KjQin8MJ,T000390,ARC-WALL-FRAME,Partition L00 Corridor S wall 4,L00,L00-Z4,interiors,mep_roughin,22.8,m2,61,62,,,T000299;T000340;T000345;T000384;T000385;T000900;T000901
3Fn1c4u5jHxwZ1KjQin8MJ,T000391,FIR-STOP-INSTALL,Partition L00 Corridor S wall 4,L00,L00-Z4,interiors,mep_roughin,3.42,ea,67,68,,,T000337;T000340;T000345;T000349;T000353;T000355;T000383;T000385;T000390;T000414
3Fn1c4u5jHxwZ1KjQin8MJ,T000392,ARC-WALL-BOARD,Partition L00 Corridor S wall 4,L00,L00-Z4,interiors,interiors,22.8,m2,70,71,,,T000337;T000340;T000345;T000355;T000358;T000383;T000385;T000390;T000391
3HEuFljOht7UTB1Tq51V79,T000393,ARC-WALL-FRAME,Partition L00 Corridor S wall 7,L00,L00-Z4,interiors,mep_roughin,22.8,m2,61,62,,,T000299;T000340;T000345;T000384;T000385;T000869;T000870
3HEuFljOht7UTB1Tq51V79,T000394,FIR-STOP-INSTALL,Partition L00 Corridor S wall 7,L00,L00-Z4,interiors,mep_roughin,3.42,ea,67,68,,,T000318;T000320;T000340;T000345;T000361;T000385;T000393
3HEuFljOht7UTB1Tq51V79,T000395,ARC-WALL-BOARD,Partition L00 Corridor S wall 7,L00,L00-Z4,interiors,interiors,22.8,m2,71,72,,,T000340;T000345;T000385;T000393;T000394
3JCkqprgcAVKz8e7tptJry,T000396,MEP-TRAY-INSTALL,Cable tray L00 7,L00,L00-Z4,electrical,mep_roughin,6.0,m,64,65,,,T000306;T000321;T000869;T000870
3ONDdsWYPpjCmyPVf5hjyU,T000397,ELE-LIGHT-INSTALL,Light fixture L00 6-2,L00,L00-Z4,electrical,mep_finish,1.0,ea,78,79,,,T000282;T000309;T000320;T000353;T000362;T000369;T000396
3T6g2SbWnj8Ka9Udp7EyX3,T000398,ARC-DOOR-INSTALL,Door L00 Corridor N wall 5,L00,L00-Z4,interiors,interiors,1.0,ea,71,72,,,T000380;T000382
3WAy26iS853VP2JUGyERxW,T000399,CIV-EARTH-CUT,Pad footing F-6-2,L00,L00-Z4,concrete,substructure,7.44,m3,2,3,,,T000340;T000345;T000385;T000404
3WAy26iS853VP2JUGyERxW,T000400,STR-FOOT-REBAR,Pad footing F-6-2,L00,L00-Z4,concrete,substructure,0.248,t,3,4,,,T000399
3WAy26iS853VP2JUGyERxW,T000401,STR-FOOT-POUR,Pad footing F-6-2,L00,L00-Z4,concrete,substructure,2.48,m3,5,6,,,T000400
3Xc4TWoX0T5SvUo0t69Zr2,T000402,MEP-FITTING-INSTALL,Fire damper L00 2,L00,L00-Z4,mechanical,mep_roughin,1.0,ea,67,68,,,T000332;T000354;T000405
,T000403,GEN-PERMIT-WORK,Permit to work · L00 zone 4,L00,L00-Z4,commissioning,mobilise,1.0,ea,0,1,,,
,T000404,GEN-UTIL-LOCATE,Locate and mark buried utilities · L00 zone 4,L00,L00-Z4,concrete,mobilise,1.0,ea,1,2,,,T000403
,T000405,GEN-PERMIT-HOT,Hot work permit and fire watch · L00 zone 4,L00,L00-Z4,commissioning,mobilise,1.0,ea,2,3,,,T000404
,T000406,GEN-HYDROTEST,System hydrotest or pressure test · L00 zone 4,L00,L00-Z4,plumbing,mep_roughin,1.0,ea,68,69,,,T000402
3fW3BT2Y5MyuZNt_Byiqgf,T000407,CIV-EARTH-CUT,Pad footing F-7-3,L00,L00-Z4,concrete,substructure,8.4,m3,2,3,,,T000340;T000345;T000385;T000404
3fW3BT2Y5MyuZNt_Byiqgf,T000408,STR-FOOT-REBAR,Pad footing F-7-3,L00,L00-Z4,concrete,substructure,0.28,t,3,4,,,T000407
3fW3BT2Y5MyuZNt_Byiqgf,T000409,STR-FOOT-POUR,Pad footing F-7-3,L00,L00-Z4,concrete,substructure,2.8,m3,5,6,,,T000408
3gxr7Qrn2mz0jcnrS_SYt_,T000410,CIV-EARTH-CUT,Pad footing F-4-2,L00,L00-Z4,concrete,substructure,6.78,m3,2,3,,,T000340;T000345;T000385;T000404
3gxr7Qrn2mz0jcnrS_SYt_,T000411,STR-FOOT-REBAR,Pad footing F-4-2,L00,L00-Z4,concrete,substructure,0.226,t,3,4,,,T000410
3gxr7Qrn2mz0jcnrS_SYt_,T000412,STR-FOOT-POUR,Pad footing F-4-2,L00,L00-Z4,concrete,substructure,2.26,m3,5,6,,,T000411
3hUy4fdvRqC1G3u8NxZn6W,T000413,MEP-DUCT-INSTALL,Return duct L00 7,L00,L00-Z4,mechanical,mep_roughin,6.0,m,66,67,,,T000306;T000321;T000869;T000870
3ibI$qktBWHgjxvL5hIhKH,T000414,MEP-DUCT-INSTALL,Supply duct L00 5,L00,L00-Z4,mechanical,mep_roughin,6.0,m,66,67,,,T000370;T000390;T000900;T000901
3meMwhjXzOVZcScaQ_eziZ,T000415,STR-COL-POUR,Column C-5-3 L00,L00,L00-Z4,concrete,superstructure,0.95,m3,16,17,,,T000302;T000388
3uQlI9mLpQRejpZVbTmy3V,T000416,PLB-PIPE-INSTALL,Cold water pipe L00 4,L00,L00-Z4,plumbing,mep_roughin,12.0,m,66,67,,,T000306;T000321;T000869;T000870
3xiGNGt7FJcLKfSiaAWPZG,T000417,STR-COL-POUR,Column C-5-2 L00,L00,L00-Z4,concrete,superstructure,0.95,m3,16,17,,,T000379;T000388
04W1qFZvQBhUFBWU5yZL0_,T000418,ELE-LIGHT-INSTALL,Light fixture L00 0-4,L00,L00-Z5,electrical,mep_finish,1.0,ea,75,76,,,T000282;T000446
0MrM4o$Nb41cDgaw$HxYOE,T000419,STR-COL-POUR,Column C-0-4 L00,L00,L00-Z5,concrete,superstructure,0.95,m3,14,15,,,T000421;T000439;T000473
0ROFzVQoUfamxjdXk$xCye,T000420,STR-COL-POUR,Column C-2-5 L00,L00,L00-Z5,concrete,superstructure,0.95,m3,14,15,,,T000430;T000473;T000478
0c5E2hDLVMKgsxTpNNto3P,T000421,STR-GSLAB-POUR,Slab L00 S-0-4,L00,L00-Z5,concrete,substructure,36.0,m3,9,12,,,T000426;T000435;T000439;T000470
0h3wgODD18OGWjrzuNVH57,T000422,ARC-EXTWALL-BUILD,External wall L00 W-4,L00,L00-Z5,envelope,envelope,22.8,m2,38,40,,,T000936
0mBpWMUpB2QKnpaJFc_tdG,T000423,ARC-WINDOW-INSTALL,Window L00 N-3,L00,L00-Z5,envelope,envelope,1.0,ea,42,43,,,T000477
0wlXmlDTy3fS8xcqEH54c$,T000424,CIV-EARTH-CUT,Pad footing F-1-5,L00,L00-Z5,concrete,substructure,7.38,m3,0,1,,,
0wlXmlDTy3fS8xcqEH54c$,T000425,STR-FOOT-REBAR,Pad footing F-1-5,L00,L00-Z5,concrete,substructure,0.246,t,1,2,,,T000424
0wlXmlDTy3fS8xcqEH54c$,T000426,STR-FOOT-POUR,Pad footing F-1-5,L00,L00-Z5,concrete,substructure,2.46,m3,2,3,,,T000425
1BetIXEe5G$ZktaXXetLe_,T000427,ARC-EXTWALL-BUILD,External wall L00 N-2,L00,L00-Z5,envelope,envelope,22.8,m2,38,40,,,T000920
1HnwlrJrC_qZ4lRuuUkClj,T000428,CIV-EARTH-CUT,Pad footing F-2-5,L00,L00-Z5,concrete,substructure,6.96,m3,0,1,,,
1HnwlrJrC_qZ4lRuuUkClj,T000429,STR-FOOT-REBAR,Pad footing F-2-5,L00,L00-Z5,concrete,substructure,0.232,t,1,2,,,T000428
1HnwlrJrC_qZ4lRuuUkClj,T000430,STR-FOOT-POUR,Pad footing F-2-5,L00,L00-Z5,concrete,substructure,2.32,m3,2,3,,,T000429
1HzJwlryRVAvk9E7PJLfuE,T000431,STR-COL-POUR,Column C-3-4 L00,L00,L00-Z5,concrete,superstructure,0.95,m3,14,15,,,T000473;T000478;T000481
1PQPGbw7vSH4FQkctJ8Kym,T000432,ELE-LIGHT-INSTALL,Light fixture L00 2-4,L00,L00-Z5,electrical,mep_finish,1.0,ea,75,76,,,T000282;T000446
1YGau_F3UKd1qBSExFJ$bY,T000433,CIV-EARTH-CUT,Pad footing F-1-4,L00,L00-Z5,concrete,substructure,8.88,m3,0,1,,,
1YGau_F3UKd1qBSExFJ$bY,T000434,STR-FOOT-REBAR,Pad footing F-1-4,L00,L00-Z5,concrete,substructure,0.296,t,1,2,,,T000433
1YGau_F3UKd1qBSExFJ$bY,T000435,STR-FOOT-POUR,Pad footing F-1-4,L00,L00-Z5,concrete,substructure,2.96,m3,2,3,,,T000434
1dtjdIIydhbl1I7U6siPPP,T000436,ARC-WINDOW-INSTALL,Window L00 W-4,L00,L00-Z5,envelope,envelope,1.0,ea,42,43,,,T000422
1gq$ap4wBeWfEp0xq6Ok$u,T000437,CIV-EARTH-CUT,Pad footing F-0-4,L00,L00-Z5,concrete,substructure,8.61,m3,0,1,,,
1gq$ap4wBeWfEp0xq6Ok$u,T000438,STR-FOOT-REBAR,Pad footing F-0-4,L00,L00-Z5,concrete,substructure,0.287,t,1,2,,,T000437
1gq$ap4wBeWfEp0xq6Ok$u,T000439,STR-FOOT-POUR,Pad footing F-0-4,L00,L00-Z5,concrete,substructure,2.87,m3,2,3,,,T000438
1leq5SI2XrbJPgTmV$hW__,T000440,STR-COL-POUR,Column C-3-5 L00,L00,L00-Z5,concrete,superstructure,0.95,m3,14,15,,,T000457;T000473;T000478
1nVWQgAvlBO6Ym59ORzQgc,T000441,STR-COL-POUR,Column C-1-5 L00,L00,L00-Z5,concrete,superstructure,0.95,m3,14,15,,,T000421;T000426;T000473
1qI3bXUvVlwA1yHfoRnsW9,T000442,ARC-WINDOW-INSTALL,Window L00 N-1,L00,L00-Z5,envelope,envelope,1.0,ea,42,43,,,T000453
1qgCBTZ0sijvL3C2ZOMKT5,T000443,MEP-DIFFUSER-SET,Air terminal L00 2-4,L00,L00-Z5,mechanical,mep_finish,1.0,ea,75,76,,,T000176;T000178;T000190;T000206;T000247;T000261;T000262;T000288;T000318;T000332;T000349;T000354;T000361;T000373;T000413;T000414;T000446
1qgCBTZ0sijvL3C2ZOMKT5,T000444,CX-AIR-BALANCE,Air terminal L00 2-4,L00,L00-Z5,commissioning,commissioning,1.0,ea,82,83,,,T000122;T000176;T000178;T000190;T000206;T000247;T000261;T000262;T000288;T000318;T000332;T000349;T000354;T000361;T000373;T000413;T000414;T000443
1s$6imerqJcmNyUScIx7qr,T000445,STR-COL-POUR,Column C-0-5 L00,L00,L00-Z5,concrete,superstructure,0.95,m3,14,15,,,T000421;T000470;T000473
1tluIu5OQe51JhWMixP7om,T000446,ARC-CEILING-CLOSE,Ceiling L00 0-4,L00,L00-Z5,interiors,interiors,259.2,m2,71,75,,,T000459;T000460;T000462;T000463
1u6OJ6TN4yXKxtE$5uj_w$,T000447,ARC-WINDOW-INSTALL,Window L00 N-2,L00,L00-Z5,envelope,envelope,1.0,ea,42,43,,,T000427
1uH0pPdeAEKVGqevzHXMfa,T000448,ARC-WINDOW-INSTALL,Window L00 N-0,L00,L00-Z5,envelope,envelope,1.0,ea,42,43,,,T000449
1ueq4ZA_yqgsCKX8jrfw36,T000449,ARC-EXTWALL-BUILD,External wall L00 N-0,L00,L00-Z5,envelope,envelope,22.8,m2,38,40,,,T000936
2$Tt29DHTq5Qxq9DuHSRRl,T000450,MEP-DIFFUSER-SET,Air terminal L00 0-4,L00,L00-Z5,mechanical,mep_finish,1.0,ea,75,76,,,T000176;T000178;T000190;T000206;T000247;T000261;T000262;T000288;T000318;T000332;T000349;T000354;T000361;T000373;T000413;T000414;T000446
2$Tt29DHTq5Qxq9DuHSRRl,T000451,CX-AIR-BALANCE,Air terminal L00 0-4,L00,L00-Z5,commissioning,commissioning,1.0,ea,82,83,,,T000122;T000176;T000178;T000190;T000206;T000247;T000261;T000262;T000288;T000318;T000332;T000349;T000354;T000361;T000373;T000413;T000414;T000450
2KwWN1hbOMpsfBpCNHzfV0,T000452,STR-COL-POUR,Column C-1-4 L00,L00,L00-Z5,concrete,superstructure,0.95,m3,15,16,,,T000421;T000435;T000473
2LF1tw$FSQOYa$mGtQRaOr,T000453,ARC-EXTWALL-BUILD,External wall L00 N-1,L00,L00-Z5,envelope,envelope,22.8,m2,38,40,,,T000936
2MSXMhVMP2MXC2HmEhQdwU,T000454,ARC-EXTWALL-BUILD,External wall L00 W-5,L00,L00-Z5,envelope,envelope,22.8,m2,38,40,,,T000936
2OFwBR26gVGQ8QRTgI0ZIG,T000455,CIV-EARTH-CUT,Pad footing F-3-5,L00,L00-Z5,concrete,substructure,6.78,m3,0,1,,,
2OFwBR26gVGQ8QRTgI0ZIG,T000456,STR-FOOT-REBAR,Pad footing F-3-5,L00,L00-Z5,concrete,substructure,0.226,t,1,2,,,T000455
2OFwBR26gVGQ8QRTgI0ZIG,T000457,STR-FOOT-POUR,Pad footing F-3-5,L00,L00-Z5,concrete,substructure,2.26,m3,2,3,,,T000456
2X$GTMI6TE4Nue5T7XW2j5,T000458,ARC-WALL-FRAME,Partition L00 Room wall 2-5,L00,L00-Z5,interiors,mep_roughin,22.8,m2,68,69,,,T000422;T000427;T000449;T000453;T000454;T000477;T000920;T000921
2X$GTMI6TE4Nue5T7XW2j5,T000459,FIR-STOP-INSTALL,Partition L00 Room wall 2-5,L00,L00-Z5,interiors,mep_roughin,3.42,ea,69,70,,,T000458
2X$GTMI6TE4Nue5T7XW2j5,T000460,ARC-WALL-BOARD,Partition L00 Room wall 2-5,L00,L00-Z5,interiors,interiors,22.8,m2,70,71,,,T000458;T000459
2XMux2u1x4jzRq7AZe8uNX,T000461,ARC-WALL-FRAME,Partition L00 Room wall 2-4,L00,L00-Z5,interiors,mep_roughin,22.8,m2,68,69,,,T000422;T000427;T000449;T000453;T000454;T000477;T000920;T000921
2XMux2u1x4jzRq7AZe8uNX,T000462,FIR-STOP-INSTALL,Partition L00 Room wall 2-4,L00,L00-Z5,interiors,mep_roughin,3.42,ea,69,70,,,T000461
2XMux2u1x4jzRq7AZe8uNX,T000463,ARC-WALL-BOARD,Partition L00 Room wall 2-4,L00,L00-Z5,interiors,interiors,22.8,m2,70,71,,,T000461;T000462
2aXDFoPB$PG4yzDET4nNA8,T000464,ARC-FLOOR-FINISH,Floor finish L00 0-4,L00,L00-Z5,finishes,interiors,259.2,m2,75,82,,,T000421;T000446;T000460;T000463;T000478
2aXDFoPB$PG4yzDET4nNA8,T000465,GEN-HANDOVER-DOC,Floor finish L00 0-4,L00,L00-Z5,commissioning,handover,1.0,ea,169,170,,,T000444;T000451;T000464
2lLt8FIGOOmlesV5ObJfV6,T000466,ARC-WINDOW-INSTALL,Window L00 W-5,L00,L00-Z5,envelope,envelope,1.0,ea,42,43,,,T000454
2nUvYgc1XkU7FxdKpdFblS,T000467,STR-COL-POUR,Column C-2-4 L00,L00,L00-Z5,concrete,superstructure,0.95,m3,15,16,,,T000473;T000478;T000484
2rMPGkYLWzbhEx9ISokBo1,T000468,CIV-EARTH-CUT,Pad footing F-0-5,L00,L00-Z5,concrete,substructure,9.33,m3,0,1,,,
2rMPGkYLWzbhEx9ISokBo1,T000469,STR-FOOT-REBAR,Pad footing F-0-5,L00,L00-Z5,concrete,substructure,0.311,t,1,2,,,T000468
2rMPGkYLWzbhEx9ISokBo1,T000470,STR-FOOT-POUR,Pad footing F-0-5,L00,L00-Z5,concrete,substructure,3.11,m3,2,3,,,T000469
3apdFtGRbNEItIM9ON2d85,T000471,MED-STERIL-INSTALL,Steriliser SS-1,L00,L00-Z5,medical,medical_equipment,1.0,ea,108,111,,,T000464;T000473;T000475
3apdFtGRbNEItIM9ON2d85,T000472,GEN-HANDOVER-DOC,Steriliser SS-1,L00,L00-Z5,commissioning,handover,1.0,ea,169,170,,,T000444;T000451;T000471
,T000473,GEN-LIFT-PLAN,Prepare and approve lift plan · Steriliser SS-1,L00,L00-Z5,mechanical,mobilise,1.0,ea,0,1,,,
,T000474,GEN-HYDROTEST,System hydrotest or pressure test · Steriliser SS-1,L00,L00-Z5,plumbing,mep_roughin,1.0,ea,44,45,,,T000473
,T000475,GEN-PRECOMM-CHECK,Pre-commissioning checks · Steriliser SS-1,L00,L00-Z5,commissioning,mep_finish,1.0,ea,76,77,,,T000418;T000432;T000443;T000450;T000474
,T000476,GEN-VENDOR-REP,Vendor representative attendance (time driven) · Steriliser SS-1,L00,L00-Z5,medical,medical_equipment,1.0,ea,128,135,,,T000464;T000471;T000474
3lDfJ3AwzwY0g5vfGR6af7,T000477,ARC-EXTWALL-BUILD,External wall L00 N-3,L00,L00-Z5,envelope,envelope,22.8,m2,39,41,,,T000920
3sn0RQZ8DNkfPwEX_enoEi,T000478,STR-GSLAB-POUR,Slab L00 S-2-4,L00,L00-Z5,concrete,substructure,36.0,m3,9,12,,,T000430;T000457;T000481;T000484
3wfOUnTq5eymnJ$4GgCuCw,T000479,CIV-EARTH-CUT,Pad footing F-3-4,L00,L00-Z5,concrete,substructure,8.25,m3,0,1,,,
3wfOUnTq5eymnJ$4GgCuCw,T000480,STR-FOOT-REBAR,Pad footing F-3-4,L00,L00-Z5,concrete,substructure,0.275,t,1,2,,,T000479
3wfOUnTq5eymnJ$4GgCuCw,T000481,STR-FOOT-POUR,Pad footing F-3-4,L00,L00-Z5,concrete,substructure,2.75,m3,2,3,,,T000480
3yVwInOH8ZrhY0ac_Jvzig,T000482,CIV-EARTH-CUT,Pad footing F-2-4,L00,L00-Z5,concrete,substructure,7.86,m3,0,1,,,
3yVwInOH8ZrhY0ac_Jvzig,T000483,STR-FOOT-REBAR,Pad footing F-2-4,L00,L00-Z5,concrete,substructure,0.262,t,1,2,,,T000482
3yVwInOH8ZrhY0ac_Jvzig,T000484,STR-FOOT-POUR,Pad footing F-2-4,L00,L00-Z5,concrete,substructure,2.62,m3,2,3,,,T000483
02cxsmTVwiJZOE4r2UQ8C4,T000485,STR-COL-POUR,Column C-6-4 L00,L00,L00-Z6,concrete,superstructure,0.95,m3,15,16,,,T000519;T000548;T000567
02se8YryE$ivt2KaOyiuTS,T000486,ARC-EXTWALL-BUILD,External wall L00 N-5,L00,L00-Z6,envelope,envelope,22.8,m2,40,42,,,T000997
08y4aqNHrlmvmmAHiFMoGS,T000487,STR-COL-POUR,Column C-5-4 L00,L00,L00-Z6,concrete,superstructure,0.95,m3,15,16,,,T000538;T000548;T000558
0JMa5emy5tx3560XVmihBk,T000488,PLB-FIXTURE-SET,Sanitary fixture L00 2,L00,L00-Z6,plumbing,mep_finish,1.0,ea,82,83,,,T000525
0Ll4MrDAKR9JrDtTLYgvKR,T000489,MEP-DIFFUSER-SET,Air terminal L00 4-4,L00,L00-Z6,mechanical,mep_finish,1.0,ea,75,76,,,T000176;T000178;T000190;T000206;T000247;T000261;T000262;T000288;T000318;T000332;T000349;T000354;T000361;T000373;T000413;T000414;T000553
0Ll4MrDAKR9JrDtTLYgvKR,T000490,CX-AIR-BALANCE,Air terminal L00 4-4,L00,L00-Z6,commissioning,commissioning,1.0,ea,83,84,,,T000122;T000176;T000178;T000190;T000206;T000247;T000261;T000262;T000288;T000318;T000332;T000349;T000354;T000361;T000373;T000413;T000414;T000489
0OzCul73JjemEbbXKAIza_,T000491,PLB-FIXTURE-SET,Sanitary fixture L00 1,L00,L00-Z6,plumbing,mep_finish,1.0,ea,82,83,,,T000499;T000525
0XDt20oE1Lzwp_ckocBGH1,T000492,ARC-WINDOW-INSTALL,Window L00 N-4,L00,L00-Z6,envelope,envelope,1.0,ea,42,43,,,T000552
0cw37zpsD_u9AfI8GZfmbw,T000493,CIV-EARTH-CUT,Pad footing F-5-5,L00,L00-Z6,concrete,substructure,9.45,m3,3,4,,,T000516;T000521;T000555
0cw37zpsD_u9AfI8GZfmbw,T000494,STR-FOOT-REBAR,Pad footing F-5-5,L00,L00-Z6,concrete,substructure,0.315,t,4,5,,,T000493
0cw37zpsD_u9AfI8GZfmbw,T000495,STR-FOOT-POUR,Pad footing F-5-5,L00,L00-Z6,concrete,substructure,3.15,m3,5,6,,,T000494
0hOyxggcrgKDw5$S0STxRU,T000496,ARC-EXTWALL-BUILD,External wall L00 E-4,L00,L00-Z6,envelope,envelope,22.8,m2,40,42,,,T001010
0kzTvrTGVqHXaheFAqrI$P,T000497,ARC-WALL-FRAME,Partition L00 Room wall 4-4,L00,L00-Z6,interiors,mep_roughin,22.8,m2,68,69,,,T000486;T000496;T000516;T000521;T000542;T000544;T000552;T000555;T000570;T000997;T000998
0kzTvrTGVqHXaheFAqrI$P,T000498,FIR-STOP-INSTALL,Partition L00 Room wall 4-4,L00,L00-Z6,interiors,mep_roughin,3.42,ea,69,70,,,T000497;T000516;T000521;T000555
0kzTvrTGVqHXaheFAqrI$P,T000499,ARC-WALL-BOARD,Partition L00 Room wall 4-4,L00,L00-Z6,interiors,interiors,22.8,m2,70,71,,,T000497;T000498;T000516;T000521;T000555
0tClG7gFqjs6adjDRJzSDi,T000500,CIV-EARTH-CUT,Pad footing F-7-5,L00,L00-Z6,concrete,substructure,9.09,m3,3,4,,,T000516;T000521;T000555
0tClG7gFqjs6adjDRJzSDi,T000501,STR-FOOT-REBAR,Pad footing F-7-5,L00,L00-Z6,concrete,substructure,0.303,t,4,5,,,T000500
0tClG7gFqjs6adjDRJzSDi,T000502,STR-FOOT-POUR,Pad footing F-7-5,L00,L00-Z6,concrete,substructure,3.03,m3,5,6,,,T000501
10_3lQasuGwbEFut$XBHZE,T000503,ARC-WALL-FRAME,Partition L00 Room wall 6-4,L00,L00-Z6,interiors,mep_roughin,22.8,m2,68,69,,,T000486;T000496;T000516;T000521;T000542;T000544;T000552;T000555;T000570;T001010;T001011
10_3lQasuGwbEFut$XBHZE,T000504,FIR-STOP-INSTALL,Partition L00 Room wall 6-4,L00,L00-Z6,interiors,mep_roughin,3.42,ea,69,70,,,T000503;T000516;T000521;T000555
10_3lQasuGwbEFut$XBHZE,T000505,ARC-WALL-BOARD,Partition L00 Room wall 6-4,L00,L00-Z6,interiors,interiors,22.8,m2,70,71,,,T000503;T000504;T000516;T000521;T000555
16NTGU69UAhBXXgHM5s_QH,T000506,MEP-DIFFUSER-SET,Air terminal L00 6-4,L00,L00-Z6,mechanical,mep_finish,1.0,ea,75,76,,,T000176;T000178;T000190;T000206;T000247;T000261;T000262;T000288;T000318;T000332;T000349;T000354;T000361;T000373;T000413;T000414;T000553
16NTGU69UAhBXXgHM5s_QH,T000507,CX-AIR-BALANCE,Air terminal L00 6-4,L00,L00-Z6,commissioning,commissioning,1.0,ea,83,84,,,T000122;T000176;T000178;T000190;T000206;T000247;T000261;T000262;T000288;T000318;T000332;T000349;T000354;T000361;T000373;T000413;T000414;T000506
1BIu9sAfwLZh341333AfLA,T000508,ELE-LIGHT-INSTALL,Light fixture L00 6-4,L00,L00-Z6,electrical,mep_finish,1.0,ea,75,76,,,T000282;T000553
1BdhK23XUcsE7lXjF6Fvc0,T000509,ARC-WINDOW-INSTALL,Window L00 N-7,L00,L00-Z6,envelope,envelope,1.0,ea,42,43,,,T000570
1E3G1jUf2MX6GrE8yvkDvS,T000510,CIV-EARTH-CUT,Pad footing F-4-5,L00,L00-Z6,concrete,substructure,8.22,m3,3,4,,,T000516;T000521;T000555
1E3G1jUf2MX6GrE8yvkDvS,T000511,STR-FOOT-REBAR,Pad footing F-4-5,L00,L00-Z6,concrete,substructure,0.274,t,4,5,,,T000510
1E3G1jUf2MX6GrE8yvkDvS,T000512,STR-FOOT-POUR,Pad footing F-4-5,L00,L00-Z6,concrete,substructure,2.74,m3,5,6,,,T000511
1PvUoRdsmKlWAHAbujT5xh,T000513,ARC-WINDOW-INSTALL,Window L00 E-5,L00,L00-Z6,envelope,envelope,1.0,ea,42,43,,,T000542
1RyY59Z4Me2QIo9cKUngnH,T000514,STR-COL-POUR,Column C-7-5 L00,L00,L00-Z6,concrete,superstructure,0.95,m3,15,16,,,T000502;T000519;T000548
1_Bv7wGrw7xd2oW0R95si8,T000515,STR-COL-POUR,Column C-4-4 L00,L00,L00-Z6,concrete,superstructure,0.95,m3,15,16,,,T000529;T000548;T000558
1_aHNev6j1_HOn$q_ru_LA,T000516,GEN-ICRA-SETUP,Slab L00 S-6-4,L00,L00-Z6,icra,mobilise,1.0,ea,1,2,,,
1_aHNev6j1_HOn$q_ru_LA,T000517,GEN-HEPA-CLEAN,Slab L00 S-6-4,L00,L00-Z6,icra,icra_closeout,144.0,m2,158,159,,,T000490;T000507;T000516;T000521;T000525;T000553;T000555
1_aHNev6j1_HOn$q_ru_LA,T000518,GEN-ICRA-CLOSEOUT,Slab L00 S-6-4,L00,L00-Z6,icra,icra_closeout,1.0,ea,163,164,,,T000516;T000517;T000521;T000523;T000555;T000556
1_aHNev6j1_HOn$q_ru_LA,T000519,STR-GSLAB-POUR,Slab L00 S-6-4,L00,L00-Z6,concrete,substructure,36.0,m3,9,12,,,T000502;T000535;T000563;T000567
,T000520,GEN-PERMIT-WORK,Permit to work · L00 zone 6,L00,L00-Z6,commissioning,mobilise,1.0,ea,0,1,,,
,T000521,GEN-ICRA-SETUP,Erect ICRA barrier and negative air · L00 zone 6,L00,L00-Z6,icra,mobilise,1.0,ea,1,2,,,T000520
,T000522,GEN-PRECOMM-CHECK,Pre-commissioning checks · L00 zone 6,L00,L00-Z6,commissioning,mep_finish,1.0,ea,76,77,,,T000489;T000506;T000508;T000521;T000571
,T000523,GEN-HEPA-CLEAN,HEPA terminal clean · L00 zone 6,L00,L00-Z6,icra,icra_closeout,1.0,ea,158,159,,,T000490;T000507;T000516;T000521;T000522;T000525;T000553;T000555
,T000524,GEN-ICRA-CLOSEOUT,ICRA clearance and barrier removal · L00 zone 6,L00,L00-Z6,icra,icra_closeout,1.0,ea,163,164,,,T000516;T000517;T000521;T000523;T000555;T000556
1b8SNOgu3u8VaKIe7E8q2L,T000525,ARC-FLOOR-FINISH,Floor finish L00 4-4,L00,L00-Z6,finishes,interiors,259.2,m2,75,82,,,T000499;T000505;T000519;T000532;T000541;T000553;T000558
1b8SNOgu3u8VaKIe7E8q2L,T000526,GEN-HANDOVER-DOC,Floor finish L00 4-4,L00,L00-Z6,commissioning,handover,1.0,ea,169,170,,,T000490;T000507;T000518;T000524;T000525;T000557
1qJ9yXhoAgme_48UaTBtCC,T000527,CIV-EARTH-CUT,Pad footing F-4-4,L00,L00-Z6,concrete,substructure,6.66,m3,3,4,,,T000516;T000521;T000555
1qJ9yXhoAgme_48UaTBtCC,T000528,STR-FOOT-REBAR,Pad footing F-4-4,L00,L00-Z6,concrete,substructure,0.222,t,4,5,,,T000527
1qJ9yXhoAgme_48UaTBtCC,T000529,STR-FOOT-POUR,Pad footing F-4-4,L00,L00-Z6,concrete,substructure,2.22,m3,5,6,,,T000528
1w1LFrXyCG4t3L9GnsjGpU,T000530,ARC-WALL-FRAME,Partition L00 Room wall 4-5,L00,L00-Z6,interiors,mep_roughin,22.8,m2,68,69,,,T000486;T000496;T000516;T000521;T000542;T000544;T000552;T000555;T000570;T000997;T000998
1w1LFrXyCG4t3L9GnsjGpU,T000531,FIR-STOP-INSTALL,Partition L00 Room wall 4-5,L00,L00-Z6,interiors,mep_roughin,3.42,ea,69,70,,,T000516;T000521;T000530;T000555
1w1LFrXyCG4t3L9GnsjGpU,T000532,ARC-WALL-BOARD,Partition L00 Room wall 4-5,L00,L00-Z6,interiors,interiors,22.8,m2,70,71,,,T000516;T000521;T000530;T000531;T000555
22oZ16$aTjSOWHC5du4kGB,T000533,CIV-EARTH-CUT,Pad footing F-7-4,L00,L00-Z6,concrete,substructure,9.57,m3,3,4,,,T000516;T000521;T000555
22oZ16$aTjSOWHC5du4kGB,T000534,STR-FOOT-REBAR,Pad footing F-7-4,L00,L00-Z6,concrete,substructure,0.319,t,4,5,,,T000533
22oZ16$aTjSOWHC5du4kGB,T000535,STR-FOOT-POUR,Pad footing F-7-4,L00,L00-Z6,concrete,substructure,3.19,m3,5,6,,,T000534
235f7bjltIVqNLMAmU$ITx,T000536,CIV-EARTH-CUT,Pad footing F-5-4,L00,L00-Z6,concrete,substructure,7.92,m3,3,4,,,T000516;T000521;T000555
235f7bjltIVqNLMAmU$ITx,T000537,STR-FOOT-REBAR,Pad footing F-5-4,L00,L00-Z6,concrete,substructure,0.264,t,4,5,,,T000536
235f7bjltIVqNLMAmU$ITx,T000538,STR-FOOT-POUR,Pad footing F-5-4,L00,L00-Z6,concrete,substructure,2.64,m3,5,6,,,T000537
2AS9fKgZw9e4tCeO41VHmS,T000539,ARC-WALL-FRAME,Partition L00 Room wall 6-5,L00,L00-Z6,interiors,mep_roughin,22.8,m2,68,69,,,T000486;T000496;T000516;T000521;T000542;T000544;T000552;T000555;T000570;T001010;T001011
2AS9fKgZw9e4tCeO41VHmS,T000540,FIR-STOP-INSTALL,Partition L00 Room wall 6-5,L00,L00-Z6,interiors,mep_roughin,3.42,ea,69,70,,,T000516;T000521;T000539;T000555
2AS9fKgZw9e4tCeO41VHmS,T000541,ARC-WALL-BOARD,Partition L00 Room wall 6-5,L00,L00-Z6,interiors,interiors,22.8,m2,70,71,,,T000516;T000521;T000539;T000540;T000555
2G_QAy8Lnl$xMflz$yYp4Q,T000542,ARC-EXTWALL-BUILD,External wall L00 E-5,L00,L00-Z6,envelope,envelope,22.8,m2,40,42,,,T001010
2HFPur0VyhaLAYlrkVJrTH,T000543,ARC-WINDOW-INSTALL,Window L00 N-6,L00,L00-Z6,envelope,envelope,1.0,ea,42,43,,,T000544
2JD6uwEDD5DLFQkKbu$CJk,T000544,ARC-EXTWALL-BUILD,External wall L00 N-6,L00,L00-Z6,envelope,envelope,22.8,m2,40,42,,,T001010
2JpmFUqJYTfl6kdLm55y6q,T000545,PLB-FIXTURE-SET,Sanitary fixture L00 3,L00,L00-Z6,plumbing,mep_finish,1.0,ea,82,83,,,T000525;T000541
2KWREa_EByvJqZCKPE27St,T000546,MED-STERIL-INSTALL,Steriliser SS-2,L00,L00-Z6,medical,medical_equipment,1.0,ea,111,114,,,T000488;T000491;T000525;T000545;T000548;T000550
2KWREa_EByvJqZCKPE27St,T000547,GEN-HANDOVER-DOC,Steriliser SS-2,L00,L00-Z6,commissioning,handover,1.0,ea,169,170,,,T000490;T000507;T000518;T000524;T000546;T000557
,T000548,GEN-LIFT-PLAN,Prepare and approve lift plan · Steriliser SS-2,L00,L00-Z6,mechanical,mobilise,1.0,ea,0,1,,,
,T000549,GEN-HYDROTEST,System hydrotest or pressure test · Steriliser SS-2,L00,L00-Z6,plumbing,mep_roughin,1.0,ea,44,45,,,T000548
,T000550,GEN-PRECOMM-CHECK,Pre-commissioning checks · Steriliser SS-2,L00,L00-Z6,commissioning,mep_finish,1.0,ea,76,77,,,T000489;T000506;T000508;T000549;T000571
,T000551,GEN-VENDOR-REP,Vendor representative attendance (time driven) · Steriliser SS-2,L00,L00-Z6,medical,medical_equipment,1.0,ea,135,142,,,T000525;T000546;T000549
2jWA2ExMNo5ArcewvXhNRN,T000552,ARC-EXTWALL-BUILD,External wall L00 N-4,L00,L00-Z6,envelope,envelope,22.8,m2,40,42,,,T000997
2l4IDT0m07nFS492ynanvU,T000553,ARC-CEILING-CLOSE,Ceiling L00 4-4,L00,L00-Z6,interiors,interiors,259.2,m2,71,75,,,T000498;T000499;T000504;T000505;T000516;T000521;T000531;T000532;T000540;T000541;T000555
2pwVScA4Bpmmy71LA$tgC5,T000554,STR-COL-POUR,Column C-6-5 L00,L00,L00-Z6,concrete,superstructure,0.95,m3,15,16,,,T000519;T000548;T000563
2wMcAHeFUdENlInrHnsN_M,T000555,GEN-ICRA-SETUP,Slab L00 S-4-4,L00,L00-Z6,icra,mobilise,1.0,ea,2,3,,,
2wMcAHeFUdENlInrHnsN_M,T000556,GEN-HEPA-CLEAN,Slab L00 S-4-4,L00,L00-Z6,icra,icra_closeout,144.0,m2,159,160,,,T000490;T000507;T000516;T000521;T000525;T000553;T000555
2wMcAHeFUdENlInrHnsN_M,T000557,GEN-ICRA-CLOSEOUT,Slab L00 S-4-4,L00,L00-Z6,icra,icra_closeout,1.0,ea,163,164,,,T000516;T000517;T000521;T000523;T000555;T000556
2wMcAHeFUdENlInrHnsN_M,T000558,STR-GSLAB-POUR,Slab L00 S-4-4,L00,L00-Z6,concrete,substructure,36.0,m3,11,14,,,T000495;T000512;T000529;T000538
2xGbnrkyKQaBzGMPK_Cr$c,T000559,ARC-WINDOW-INSTALL,Window L00 N-5,L00,L00-Z6,envelope,envelope,1.0,ea,42,43,,,T000486
36V5puTR7HbTefUcISqcZ7,T000560,STR-COL-POUR,Column C-7-4 L00,L00,L00-Z6,concrete,superstructure,0.95,m3,15,16,,,T000519;T000535;T000548
3CERtvTqhwprCeseWlJy8B,T000561,CIV-EARTH-CUT,Pad footing F-6-5,L00,L00-Z6,concrete,substructure,8.13,m3,3,4,,,T000516;T000521;T000555
3CERtvTqhwprCeseWlJy8B,T000562,STR-FOOT-REBAR,Pad footing F-6-5,L00,L00-Z6,concrete,substructure,0.271,t,4,5,,,T000561
3CERtvTqhwprCeseWlJy8B,T000563,STR-FOOT-POUR,Pad footing F-6-5,L00,L00-Z6,concrete,substructure,2.71,m3,5,6,,,T000562
3LjLH_N74960qHT8J1Rwl7,T000564,STR-COL-POUR,Column C-4-5 L00,L00,L00-Z6,concrete,superstructure,0.95,m3,15,16,,,T000512;T000548;T000558
3W1xaK9uicsWwcPnzDUmjb,T000565,CIV-EARTH-CUT,Pad footing F-6-4,L00,L00-Z6,concrete,substructure,8.52,m3,3,4,,,T000516;T000521;T000555
3W1xaK9uicsWwcPnzDUmjb,T000566,STR-FOOT-REBAR,Pad footing F-6-4,L00,L00-Z6,concrete,substructure,0.284,t,4,5,,,T000565
3W1xaK9uicsWwcPnzDUmjb,T000567,STR-FOOT-POUR,Pad footing F-6-4,L00,L00-Z6,concrete,substructure,2.84,m3,5,6,,,T000566
3_20q12Za2tMDCJUOWjYoA,T000568,STR-COL-POUR,Column C-5-5 L00,L00,L00-Z6,concrete,superstructure,0.95,m3,15,16,,,T000495;T000548;T000558
3gmQpN0k19j3EIbuOk53PP,T000569,ARC-WINDOW-INSTALL,Window L00 E-4,L00,L00-Z6,envelope,envelope,1.0,ea,43,44,,,T000496
3pcei1ZIpvQuipPcA4gnGa,T000570,ARC-EXTWALL-BUILD,External wall L00 N-7,L00,L00-Z6,envelope,envelope,22.8,m2,40,42,,,T001010
3sMuZeXR2PpbmxBEG6TEzo,T000571,ELE-LIGHT-INSTALL,Light fixture L00 4-4,L00,L00-Z6,electrical,mep_finish,1.0,ea,75,76,,,T000282;T000553
0DfqvLWQ5x39xmhpOo41WE,T000572,ARC-CURTAIN-INSTALL,Curtain wall L01 S-2,L01,L01-Z1,envelope,envelope,22.8,m2,65,66,,,T000603;T001036
0Hq7ZGGVIfVo_IYrmv9BpZ,T000573,STR-COL-POUR,Column C-2-0 L01,L01,L01-Z1,concrete,superstructure,0.95,m3,11,12,,,T000033
0Sb4ZSaLw$EEYk5uRsDVc4,T000574,STR-COL-POUR,Column C-0-0 L01,L01,L01-Z1,concrete,superstructure,0.95,m3,11,12,,,T000018
0_Ks51CkvDI3Dh7xAP5qvD,T000575,ELE-LIGHT-INSTALL,Light fixture L01 2-0,L01,L01-Z1,electrical,mep_finish,1.0,ea,110,111,,,T000610;T000612;T000785
0hOElGem0d7OnsekGSDo1w,T000576,ARC-EXTWALL-BUILD,External wall L01 W-1,L01,L01-Z1,envelope,envelope,22.8,m2,63,65,,,T000595;T001073
0w7l1LfqoKEGrz8nQGQdty,T000577,ARC-CURTAIN-INSTALL,Curtain wall L01 S-1,L01,L01-Z1,envelope,envelope,22.8,m2,80,81,,,T000595;T001073
10jKrL77votKwtVTMQnQRz,T000578,MED-EQUIP-INSTALL,Theatre light 2,L01,L01-Z1,medical,medical_equipment,1.0,ea,157,158,,,T000614
10jKrL77votKwtVTMQnQRz,T000579,GEN-HANDOVER-DOC,Theatre light 2,L01,L01-Z1,commissioning,handover,1.0,ea,169,170,,,T000578;T000599;T000618
16x9b8WCP_gjGUCa8Oe_vg,T000580,STR-BEAM-POUR,Edge beam L01 1-0x,L01,L01-Z1,concrete,superstructure,1.44,m3,13,14,,,T000616
1AZHPX9923pR4XyJkoSbHx,T000581,STR-BEAM-POUR,Edge beam L01 3-0x,L01,L01-Z1,concrete,superstructure,1.44,m3,13,14,,,T000597
1PB2r31hO8SCLL5rDffOQo,T000582,ARC-CURTAIN-INSTALL,Curtain wall L01 S-3,L01,L01-Z1,envelope,envelope,22.8,m2,81,82,,,T000603;T001036
1cl1IF50oAdQiRqIKNSWOE,T000583,STR-BEAM-POUR,Edge beam L01 0-0x,L01,L01-Z1,concrete,superstructure,1.44,m3,13,14,,,T000574
1iNx8zf2pz$nC5slL0CYV9,T000584,MED-EQUIP-INSTALL,Anaesthesia pendant 2,L01,L01-Z1,medical,medical_equipment,1.0,ea,157,158,,,T000586;T000614
1iNx8zf2pz$nC5slL0CYV9,T000585,GEN-HANDOVER-DOC,Anaesthesia pendant 2,L01,L01-Z1,commissioning,handover,1.0,ea,169,170,,,T000584;T000599;T000618
24V7F2kp$vlsd8luilasMV,T000586,ELE-LIGHT-INSTALL,Light fixture L01 0-0,L01,L01-Z1,electrical,mep_finish,1.0,ea,110,111,,,T000610;T000612;T000785
28X9$wk7$LlKWDET051V5y,T000587,STR-COL-POUR,Column C-3-1 L01,L01,L01-Z1,concrete,superstructure,0.95,m3,13,14,,,T000009
2IbS$wIaI4edFZzR$bm7gJ,T000588,ARC-WINDOW-INSTALL,Window L01 W-1,L01,L01-Z1,envelope,envelope,1.0,ea,81,82,,,T000576
2JkesL0eVStZkHgzxvjd_D,T000589,STR-BEAM-POUR,Edge beam L01 2-0x,L01,L01-Z1,concrete,superstructure,1.44,m3,13,14,,,T000573
2PHGg6BdIiwoLw0IPMcdAN,T000590,ARC-WALL-FRAME,Partition L01 Room wall 2-1,L01,L01-Z1,interiors,mep_roughin,22.8,m2,88,89,,,T000576;T000603;T000622;T001036;T001037
2PHGg6BdIiwoLw0IPMcdAN,T000591,FIR-STOP-INSTALL,Partition L01 Room wall 2-1,L01,L01-Z1,interiors,mep_roughin,3.42,ea,89,90,,,T000590
2PHGg6BdIiwoLw0IPMcdAN,T000592,ARC-WALL-BOARD,Partition L01 Room wall 2-1,L01,L01-Z1,interiors,interiors,22.8,m2,93,94,,,T000590;T000591
2UgZ6SmpUAwuvB$veF$2Dp,T000593,STR-SLAB-FORM,Slab L01 S-0-0,L01,L01-Z1,concrete,superstructure,144.0,m2,15,20,,,T000039;T000060;T000078;T000091
2UgZ6SmpUAwuvB$veF$2Dp,T000594,STR-SLAB-REBAR,Slab L01 S-0-0,L01,L01-Z1,concrete,superstructure,3.96,t,20,22,,,T000593
2UgZ6SmpUAwuvB$veF$2Dp,T000595,STR-SLAB-POUR,Slab L01 S-0-0,L01,L01-Z1,concrete,superstructure,36.0,m3,22,25,,,T000039;T000060;T000078;T000091;T000594
2UgZ6SmpUAwuvB$veF$2Dp,T000596,STR-SLAB-STRIKE,Slab L01 S-0-0,L01,L01-Z1,concrete,superstructure,144.0,m2,39,41,,,T000595
2w_f0Bwj8oRsR$YfahG_h6,T000597,STR-COL-POUR,Column C-3-0 L01,L01,L01-Z1,concrete,superstructure,0.95,m3,11,12,,,T000070
2zDHWxt0E57FF4Q3qTCvpZ,T000598,MEP-DIFFUSER-SET,Air terminal L01 2-0,L01,L01-Z1,mechanical,mep_finish,1.0,ea,110,111,,,T000610;T000612;T000703;T000712;T000736;T000739;T000747;T000753;T000762;T000770;T000823;T000834;T000839;T000846;T000851;T000854;T000858;T000883
2zDHWxt0E57FF4Q3qTCvpZ,T000599,CX-AIR-BALANCE,Air terminal L01 2-0,L01,L01-Z1,commissioning,commissioning,1.0,ea,124,125,,,T000598;T000630;T000703;T000712;T000736;T000739;T000747;T000753;T000762;T000770;T000823;T000834;T000839;T000846;T000851;T000854;T000858;T000883
2zDHWxt0E57FF4Q3qTCvpZ,T000600,CX-PRESSURE-TEST,Air terminal L01 2-0,L01,L01-Z1,commissioning,commissioning,1.0,ea,125,126,,,T000599;T000614
340BcQwhk6SwgykvECS0hj,T000601,STR-SLAB-FORM,Slab L01 S-2-0,L01,L01-Z1,concrete,superstructure,144.0,m2,15,20,,,T000020;T000055;T000071;T000077
340BcQwhk6SwgykvECS0hj,T000602,STR-SLAB-REBAR,Slab L01 S-2-0,L01,L01-Z1,concrete,superstructure,3.96,t,20,22,,,T000601
340BcQwhk6SwgykvECS0hj,T000603,STR-SLAB-POUR,Slab L01 S-2-0,L01,L01-Z1,concrete,superstructure,36.0,m3,25,28,,,T000020;T000055;T000071;T000077;T000602
340BcQwhk6SwgykvECS0hj,T000604,STR-SLAB-STRIKE,Slab L01 S-2-0,L01,L01-Z1,concrete,superstructure,144.0,m2,39,41,,,T000603
3AhEpMowDVtdD09OJKPSJC,T000605,MED-EQUIP-INSTALL,Anaesthesia pendant 1,L01,L01-Z1,medical,medical_equipment,1.0,ea,157,158,,,T000614
3AhEpMowDVtdD09OJKPSJC,T000606,GEN-HANDOVER-DOC,Anaesthesia pendant 1,L01,L01-Z1,commissioning,handover,1.0,ea,169,170,,,T000599;T000605;T000618
3EU$91keGnrkMy9281XR57,T000607,STR-COL-POUR,Column C-0-1 L01,L01,L01-Z1,concrete,superstructure,0.95,m3,12,13,,,T000059
3Ew7dMF1H1K$iXLlGYF3gs,T000608,STR-COL-POUR,Column C-2-1 L01,L01,L01-Z1,concrete,superstructure,0.95,m3,13,14,,,T000014
3JoTTQyTxxhAeOsrQuv3lH,T000609,ARC-CURTAIN-INSTALL,Curtain wall L01 S-0,L01,L01-Z1,envelope,envelope,22.8,m2,81,82,,,T000595;T001073
3TpGjQprrwvunxkhfpHQVR,T000610,ARC-CEILING-CLOSE,Ceiling L01 0-0,L01,L01-Z1,interiors,interiors,259.2,m2,97,101,,,T000591;T000592;T000626;T000627
,T000611,GEN-PERMIT-HOT,Hot work permit and fire watch · L01 zone 1,L01,L01-Z1,commissioning,mobilise,1.0,ea,0,1,,,
,T000612,ARC-CEILING-CLOSE,Close ceiling · L01 zone 1,L01,L01-Z1,interiors,interiors,1.0,ea,109,110,,,T000591;T000592;T000611;T000626;T000627
,T000613,CX-PRESSURE-TEST,Room pressure differential test · L01 zone 1,L01,L01-Z1,commissioning,commissioning,1.0,ea,124,125,,,T000612;T000614
3WiwzJwkSIaMnWKl2tcI5w,T000614,ARC-FLOOR-FINISH,Floor finish L01 0-0,L01,L01-Z1,finishes,interiors,298.08,m2,116,124,,,T000592;T000595;T000603;T000610;T000612;T000627
3WiwzJwkSIaMnWKl2tcI5w,T000615,GEN-HANDOVER-DOC,Floor finish L01 0-0,L01,L01-Z1,commissioning,handover,1.0,ea,169,170,,,T000599;T000614;T000618
3XiBuFUQisLHQQ7iZLfbbY,T000616,STR-COL-POUR,Column C-1-0 L01,L01,L01-Z1,concrete,superstructure,0.95,m3,12,13,,,T000036
3Z7L7uAts2qTGGaDheXK0S,T000617,MEP-DIFFUSER-SET,Air terminal L01 0-0,L01,L01-Z1,mechanical,mep_finish,1.0,ea,110,111,,,T000610;T000612;T000703;T000712;T000736;T000739;T000747;T000753;T000762;T000770;T000823;T000834;T000839;T000846;T000851;T000854;T000858;T000883
3Z7L7uAts2qTGGaDheXK0S,T000618,CX-AIR-BALANCE,Air terminal L01 0-0,L01,L01-Z1,commissioning,commissioning,1.0,ea,124,125,,,T000617;T000630;T000703;T000712;T000736;T000739;T000747;T000753;T000762;T000770;T000823;T000834;T000839;T000846;T000851;T000854;T000858;T000883
3Z7L7uAts2qTGGaDheXK0S,T000619,CX-PRESSURE-TEST,Air terminal L01 0-0,L01,L01-Z1,commissioning,commissioning,1.0,ea,125,126,,,T000614;T000618
3arspAJZAdAQJfo8dtU7VB,T000620,STR-COL-POUR,Column C-1-1 L01,L01,L01-Z1,concrete,superstructure,0.95,m3,13,14,,,T000074
3ejRYNO$PUUXQTPVjJDFA$,T000621,STR-BEAM-POUR,Edge beam L01 0-1z,L01,L01-Z1,concrete,superstructure,1.44,m3,13,14,,,T000607
3hlheUkpm7jgC0wpH3FZVl,T000622,ARC-EXTWALL-BUILD,External wall L01 W-0,L01,L01-Z1,envelope,envelope,22.8,m2,63,65,,,T000595;T001073
3q2L070iPKhOoOC0f5fMYV,T000623,MED-EQUIP-INSTALL,Theatre light 1,L01,L01-Z1,medical,medical_equipment,1.0,ea,157,158,,,T000586;T000614
3q2L070iPKhOoOC0f5fMYV,T000624,GEN-HANDOVER-DOC,Theatre light 1,L01,L01-Z1,commissioning,handover,1.0,ea,170,171,,,T000599;T000618;T000623
3wtpyVWlhzpc5TDrsYp3KL,T000625,ARC-WALL-FRAME,Partition L01 Room wall 2-0,L01,L01-Z1,interiors,mep_roughin,22.8,m2,88,89,,,T000576;T000603;T000622;T001036;T001037
3wtpyVWlhzpc5TDrsYp3KL,T000626,FIR-STOP-INSTALL,Partition L01 Room wall 2-0,L01,L01-Z1,interiors,mep_roughin,3.42,ea,89,90,,,T000625
3wtpyVWlhzpc5TDrsYp3KL,T000627,ARC-WALL-BOARD,Partition L01 Room wall 2-0,L01,L01-Z1,interiors,interiors,22.8,m2,93,94,,,T000625;T000626
3yqO0f2k5fuT_pAisyCnbO,T000628,ARC-WINDOW-INSTALL,Window L01 W-0,L01,L01-Z1,envelope,envelope,1.0,ea,81,82,,,T000622
0Cw2FKuw0sPGcKZBkWAlL6,T000629,STR-COL-POUR,Column C-4-0 L01,L01,L01-Z2,concrete,superstructure,0.95,m3,12,13,,,T000097;T000634
0EEmpDGN5F4vHhuVPR4bOt,T000630,MEP-AHU-SET,Air handling unit AHU-2,L01,L01-Z2,mechanical,mep_roughin,1.0,ea,84,85,,,T000132;T000634;T000636;T000675;T000696
0EEmpDGN5F4vHhuVPR4bOt,T000631,GEN-HANDOVER-DOC,Air handling unit AHU-2,L01,L01-Z2,commissioning,handover,1.0,ea,170,171,,,T000630;T000654;T000666;T000672;T000681;T000693
,T000632,GEN-PERMIT-WORK,Permit to work · Air handling unit AHU-2,L01,L01-Z2,commissioning,mobilise,1.0,ea,0,1,,,
,T000633,GEN-SURVEY-SETOUT,Survey set-out of the work area · Air handling unit AHU-2,L01,L01-Z2,concrete,mobilise,1.0,ea,1,2,,,T000632
,T000634,GEN-LIFT-PLAN,Prepare and approve lift plan · Air handling unit AHU-2,L01,L01-Z2,mechanical,mobilise,1.0,ea,2,3,,,T000633
,T000635,GEN-CRANE-MOBILISE,"Mobilise, assemble and load-test crane · Air handling unit AHU-2",L01,L01-Z2,mechanical,mobilise,1.0,ea,3,4,,,T000634
,T000636,GEN-ANCHOR-SURVEY,Anchor bolt and grout survey · Air handling unit AHU-2,L01,L01-Z2,concrete,superstructure,1.0,ea,72,73,,,T000635;T000675;T000696
,T000637,GEN-PRECOMM-CHECK,Pre-commissioning checks · Air handling unit AHU-2,L01,L01-Z2,commissioning,mep_finish,1.0,ea,95,96,,,T000630;T000642;T000653;T000665;T000683
,T000638,GEN-VENDOR-REP,Vendor representative attendance (time driven) · Air handling unit AHU-2,L01,L01-Z2,medical,medical_equipment,1.0,ea,147,152,,,T000637;T000656
0FdUsVA7Hl$bPJmQ4UugHZ,T000639,ARC-CURTAIN-INSTALL,Curtain wall L01 S-4,L01,L01-Z2,envelope,envelope,22.8,m2,81,82,,,T000634;T000675;T001094
0HFniseHVZAVa3cQOob6U$,T000640,STR-COL-POUR,Column C-7-0 L01,L01,L01-Z2,concrete,superstructure,0.95,m3,12,13,,,T000101;T000634
0IXwIWVK1EBnoAOsLsWcmd,T000641,ARC-CURTAIN-INSTALL,Curtain wall L01 S-6,L01,L01-Z2,envelope,envelope,22.8,m2,81,82,,,T000634;T000696;T001136
0W42XU8Y0eV8eM5W4c$o$S,T000642,ELE-LIGHT-INSTALL,Light fixture L01 6-0,L01,L01-Z2,electrical,mep_finish,1.0,ea,94,95,,,T000661;T000785
0Z8h3Uz_C17Y05CR0mY_yh,T000643,ARC-CURTAIN-INSTALL,Curtain wall L01 S-7,L01,L01-Z2,envelope,envelope,22.8,m2,82,83,,,T000634;T000696;T001136
0awrgny1hheiuJx$QLnWp4,T000644,ARC-WALL-FRAME,Partition L01 Room wall 6-1,L01,L01-Z2,interiors,mep_roughin,22.8,m2,85,86,,,T000652;T000658;T000670;T000678;T000691;T000696;T001136;T001137
0awrgny1hheiuJx$QLnWp4,T000645,FIR-STOP-INSTALL,Partition L01 Room wall 6-1,L01,L01-Z2,interiors,mep_roughin,3.42,ea,88,89,,,T000644;T000670;T000678;T000691
0awrgny1hheiuJx$QLnWp4,T000646,ARC-WALL-BOARD,Partition L01 Room wall 6-1,L01,L01-Z2,interiors,interiors,22.8,m2,89,90,,,T000644;T000645;T000670;T000678;T000691
0g0mdDQUr_7IZB5TqlwACH,T000647,STR-COL-POUR,Column C-6-1 L01,L01,L01-Z2,concrete,superstructure,0.95,m3,13,14,,,T000147;T000634
0ok1ULHvKMIzj5S_T8XlT5,T000648,STR-BEAM-POUR,Edge beam L01 4-0x,L01,L01-Z2,concrete,superstructure,1.44,m3,13,14,,,T000629
0xAiCp1KeGnw1_ps6csXEv,T000649,ARC-WALL-FRAME,Partition L01 Room wall 4-0,L01,L01-Z2,interiors,mep_roughin,22.8,m2,85,86,,,T000652;T000658;T000670;T000675;T000678;T000691;T001094;T001095
0xAiCp1KeGnw1_ps6csXEv,T000650,FIR-STOP-INSTALL,Partition L01 Room wall 4-0,L01,L01-Z2,interiors,mep_roughin,3.42,ea,88,89,,,T000649;T000670;T000678;T000691
0xAiCp1KeGnw1_ps6csXEv,T000651,ARC-WALL-BOARD,Partition L01 Room wall 4-0,L01,L01-Z2,interiors,interiors,22.8,m2,89,90,,,T000649;T000650;T000670;T000678;T000691
14G$BcxLvEzUVRLBDt3Kfn,T000652,ARC-EXTWALL-BUILD,External wall L01 E-0,L01,L01-Z2,envelope,envelope,22.8,m2,63,65,,,T000696;T001136
16xTgA6akZ_cPpMEP32tNi,T000653,MEP-DIFFUSER-SET,Air terminal L01 4-0,L01,L01-Z2,mechanical,mep_finish,1.0,ea,94,95,,,T000661;T000703;T000712;T000736;T000739;T000747;T000753;T000762;T000770;T000823;T000834;T000839;T000846;T000851;T000854;T000858;T000883
16xTgA6akZ_cPpMEP32tNi,T000654,CX-AIR-BALANCE,Air terminal L01 4-0,L01,L01-Z2,commissioning,commissioning,1.0,ea,101,102,,,T000630;T000653;T000703;T000712;T000736;T000739;T000747;T000753;T000762;T000770;T000823;T000834;T000839;T000846;T000851;T000854;T000858;T000883
1Kq2V5GKH5I7LXNp2aARvy,T000655,STR-BEAM-POUR,Edge beam L01 7-0x,L01,L01-Z2,concrete,superstructure,1.44,m3,13,14,,,T000640
1OkxqldRoIyDvcq6PRhKnt,T000656,ARC-FLOOR-FINISH,Floor finish L01 4-0,L01,L01-Z2,finishes,interiors,259.2,m2,94,101,,,T000646;T000651;T000661;T000664;T000675;T000686;T000696
1OkxqldRoIyDvcq6PRhKnt,T000657,GEN-HANDOVER-DOC,Floor finish L01 4-0,L01,L01-Z2,commissioning,handover,1.0,ea,170,171,,,T000654;T000656;T000666;T000672;T000681;T000693
1S6M_ocK2ohsyioo9aaOoC,T000658,ARC-EXTWALL-BUILD,External wall L01 E-1,L01,L01-Z2,envelope,envelope,22.8,m2,63,65,,,T000696;T001136
1f6cwKHuzbIQRP1kDImsL7,T000659,ARC-WINDOW-INSTALL,Window L01 E-1,L01,L01-Z2,envelope,envelope,1.0,ea,82,83,,,T000658
1knyw55fDZXMmmk9WmSpji,T000660,STR-BEAM-POUR,Edge beam L01 5-0x,L01,L01-Z2,concrete,superstructure,1.44,m3,13,14,,,T000690
1u3QnMYJpPJqexVG_e4C8A,T000661,ARC-CEILING-CLOSE,Ceiling L01 4-0,L01,L01-Z2,interiors,interiors,259.2,m2,90,94,,,T000645;T000646;T000650;T000651;T000663;T000664;T000670;T000678;T000685;T000686;T000691
25pNaY0qQ2rGZYxeCSS2fS,T000662,ARC-WALL-FRAME,Partition L01 Room wall 6-0,L01,L01-Z2,interiors,mep_roughin,22.8,m2,87,88,,,T000652;T000658;T000670;T000678;T000691;T000696;T001136;T001137
25pNaY0qQ2rGZYxeCSS2fS,T000663,FIR-STOP-INSTALL,Partition L01 Room wall 6-0,L01,L01-Z2,interiors,mep_roughin,3.42,ea,88,89,,,T000662;T000670;T000678;T000691
25pNaY0qQ2rGZYxeCSS2fS,T000664,ARC-WALL-BOARD,Partition L01 Room wall 6-0,L01,L01-Z2,interiors,interiors,22.8,m2,89,90,,,T000662;T000663;T000670;T000678;T000691
28UHy247YprsCdg38E6v_x,T000665,MEP-DIFFUSER-SET,Air terminal L01 6-0,L01,L01-Z2,mechanical,mep_finish,1.0,ea,94,95,,,T000661;T000703;T000712;T000736;T000739;T000747;T000753;T000762;T000770;T000823;T000834;T000839;T000846;T000851;T000854;T000858;T000883
28UHy247YprsCdg38E6v_x,T000666,CX-AIR-BALANCE,Air terminal L01 6-0,L01,L01-Z2,commissioning,commissioning,1.0,ea,101,102,,,T000630;T000665;T000703;T000712;T000736;T000739;T000747;T000753;T000762;T000770;T000823;T000834;T000839;T000846;T000851;T000854;T000858;T000883
2SWyFH_BgS8hmmtTSXEbBE,T000667,ARC-WINDOW-INSTALL,Window L01 E-0,L01,L01-Z2,envelope,envelope,1.0,ea,82,83,,,T000652
2_cW6oCK7RWyCvgXkkWi2q,T000668,STR-BEAM-POUR,Edge beam L01 7-1z,L01,L01-Z2,concrete,superstructure,1.44,m3,13,14,,,T000688
2dfBw1lPbcVxl$PVJ0q3Ti,T000669,STR-COL-POUR,Column C-5-1 L01,L01,L01-Z2,concrete,superstructure,0.95,m3,13,14,,,T000105;T000634
2lD5L$HqDWPOFoRwOhDr5F,T000670,GEN-ICRA-SETUP,Slab L01 S-4-0,L01,L01-Z2,icra,mobilise,1.0,ea,2,3,,,
2lD5L$HqDWPOFoRwOhDr5F,T000671,GEN-HEPA-CLEAN,Slab L01 S-4-0,L01,L01-Z2,icra,icra_closeout,144.0,m2,159,160,,,T000654;T000656;T000661;T000666;T000670;T000678;T000691
2lD5L$HqDWPOFoRwOhDr5F,T000672,GEN-ICRA-CLOSEOUT,Slab L01 S-4-0,L01,L01-Z2,icra,icra_closeout,1.0,ea,164,165,,,T000670;T000671;T000678;T000680;T000691;T000692
2lD5L$HqDWPOFoRwOhDr5F,T000673,STR-SLAB-FORM,Slab L01 S-4-0,L01,L01-Z2,concrete,superstructure,144.0,m2,26,31,,,T000094;T000106;T000120;T000133
2lD5L$HqDWPOFoRwOhDr5F,T000674,STR-SLAB-REBAR,Slab L01 S-4-0,L01,L01-Z2,concrete,superstructure,3.96,t,32,34,,,T000673
2lD5L$HqDWPOFoRwOhDr5F,T000675,STR-SLAB-POUR,Slab L01 S-4-0,L01,L01-Z2,concrete,superstructure,36.0,m3,37,40,,,T000094;T000106;T000120;T000133;T000674
2lD5L$HqDWPOFoRwOhDr5F,T000676,STR-SLAB-STRIKE,Slab L01 S-4-0,L01,L01-Z2,concrete,superstructure,144.0,m2,70,72,,,T000675
,T000677,GEN-PERMIT-WORK,Permit to work · L01 zone 2,L01,L01-Z2,commissioning,mobilise,1.0,ea,0,1,,,
,T000678,GEN-ICRA-SETUP,Erect ICRA barrier and negative air · L01 zone 2,L01,L01-Z2,icra,mobilise,1.0,ea,2,3,,,T000677
,T000679,GEN-PRECOMM-CHECK,Pre-commissioning checks · L01 zone 2,L01,L01-Z2,commissioning,mep_finish,1.0,ea,95,96,,,T000642;T000653;T000665;T000678;T000683
,T000680,GEN-HEPA-CLEAN,HEPA terminal clean · L01 zone 2,L01,L01-Z2,icra,icra_closeout,1.0,ea,159,160,,,T000654;T000656;T000661;T000666;T000670;T000678;T000679;T000691
,T000681,GEN-ICRA-CLOSEOUT,ICRA clearance and barrier removal · L01 zone 2,L01,L01-Z2,icra,icra_closeout,1.0,ea,164,165,,,T000670;T000671;T000678;T000680;T000691;T000692
2nJM4rSfVreY9lF6MS5p8x,T000682,STR-COL-POUR,Column C-4-1 L01,L01,L01-Z2,concrete,superstructure,0.95,m3,13,14,,,T000115;T000634
2vssW$3QF0gPPpKuWtotJA,T000683,ELE-LIGHT-INSTALL,Light fixture L01 4-0,L01,L01-Z2,electrical,mep_finish,1.0,ea,94,95,,,T000661;T000785
2ygkEMsnAJ0hXPwt6xa5F_,T000684,ARC-WALL-FRAME,Partition L01 Room wall 4-1,L01,L01-Z2,interiors,mep_roughin,22.8,m2,87,88,,,T000652;T000658;T000670;T000675;T000678;T000691;T001094;T001095
2ygkEMsnAJ0hXPwt6xa5F_,T000685,FIR-STOP-INSTALL,Partition L01 Room wall 4-1,L01,L01-Z2,interiors,mep_roughin,3.42,ea,88,89,,,T000670;T000678;T000684;T000691
2ygkEMsnAJ0hXPwt6xa5F_,T000686,ARC-WALL-BOARD,Partition L01 Room wall 4-1,L01,L01-Z2,interiors,interiors,22.8,m2,89,90,,,T000670;T000678;T000684;T000685;T000691
2zAkomLyustJz2msAcJMWm,T000687,ARC-CURTAIN-INSTALL,Curtain wall L01 S-5,L01,L01-Z2,envelope,envelope,22.8,m2,82,83,,,T000634;T000675;T001094
397tGUbXeofevYT9PHDJDL,T000688,STR-COL-POUR,Column C-7-1 L01,L01,L01-Z2,concrete,superstructure,0.95,m3,12,13,,,T000144;T000634
3BDDelcHmHI81LuiRJquRB,T000689,STR-COL-POUR,Column C-6-0 L01,L01,L01-Z2,concrete,superstructure,0.95,m3,12,13,,,T000112;T000634
3dTsBC0Rz9GSu11hFsGz9T,T000690,STR-COL-POUR,Column C-5-0 L01,L01,L01-Z2,concrete,superstructure,0.95,m3,12,13,,,T000141;T000634
3wH$06tzMMGDnfnrVZohbv,T000691,GEN-ICRA-SETUP,Slab L01 S-6-0,L01,L01-Z2,icra,mobilise,1.0,ea,2,3,,,
3wH$06tzMMGDnfnrVZohbv,T000692,GEN-HEPA-CLEAN,Slab L01 S-6-0,L01,L01-Z2,icra,icra_closeout,144.0,m2,159,160,,,T000654;T000656;T000661;T000666;T000670;T000678;T000691
3wH$06tzMMGDnfnrVZohbv,T000693,GEN-ICRA-CLOSEOUT,Slab L01 S-6-0,L01,L01-Z2,icra,icra_closeout,1.0,ea,164,165,,,T000670;T000671;T000678;T000680;T000691;T000692
3wH$06tzMMGDnfnrVZohbv,T000694,STR-SLAB-FORM,Slab L01 S-6-0,L01,L01-Z2,concrete,superstructure,144.0,m2,16,21,,,T000102;T000131;T000132;T000175
3wH$06tzMMGDnfnrVZohbv,T000695,STR-SLAB-REBAR,Slab L01 S-6-0,L01,L01-Z2,concrete,superstructure,3.96,t,27,29,,,T000694
3wH$06tzMMGDnfnrVZohbv,T000696,STR-SLAB-POUR,Slab L01 S-6-0,L01,L01-Z2,concrete,superstructure,36.0,m3,33,36,,,T000102;T000131;T000132;T000175;T000695
3wH$06tzMMGDnfnrVZohbv,T000697,STR-SLAB-STRIKE,Slab L01 S-6-0,L01,L01-Z2,concrete,superstructure,144.0,m2,70,72,,,T000696
3z0HuLT9ZRJNKkFTrgEzzz,T000698,STR-BEAM-POUR,Edge beam L01 6-0x,L01,L01-Z2,concrete,superstructure,1.44,m3,13,14,,,T000689
016gBejPJRd8kevyhMbcCK,T000699,ARC-FLOOR-FINISH,Floor finish L01 0-2,L01,L01-Z3,finishes,interiors,298.08,m2,117,125,,,T000707;T000721;T000729;T000732;T000734;T000742;T000746;T000752;T000758;T000769;T000778;T000790;T000799
016gBejPJRd8kevyhMbcCK,T000700,GEN-HANDOVER-DOC,Floor finish L01 0-2,L01,L01-Z3,commissioning,handover,1.0,ea,170,171,,,T000699;T000710;T000717;T000766;T000773;T000793;T000796
05X_xuiQljNUo75P2ZcUnA,T000701,ELE-CABLE-PULL,Power cable L01 2,L01,L01-Z3,electrical,mep_roughin,12.0,m,88,89,,,T000783;T000785
05zle$Z_NZoSG6sz4ioMwF,T000702,STR-BEAM-POUR,Edge beam L01 0-2z,L01,L01-Z3,concrete,superstructure,1.44,m3,13,14,,,T000800
06PUBP$RHpfS5q49A$fnCx,T000703,MEP-DUCT-INSTALL,Supply duct L01 3,L01,L01-Z3,mechanical,mep_roughin,6.0,m,89,90,,,T000705;T000767;T001164;T001165
0CLQ_VAIpyT7$WqdhJ4fq0,T000704,ARC-DOOR-INSTALL,Door L01 Corridor N wall 2,L01,L01-Z3,interiors,interiors,1.0,ea,109,110,,,T000767;T000769
0JCoOdfs2cZwPCXymbsBSq,T000705,ARC-WALL-FRAME,Partition L01 Corridor S wall 2,L01,L01-Z3,interiors,mep_roughin,22.8,m2,84,85,,,T000714;T000731;T000778;T001164;T001165
0JCoOdfs2cZwPCXymbsBSq,T000706,FIR-STOP-INSTALL,Partition L01 Corridor S wall 2,L01,L01-Z3,interiors,mep_roughin,3.42,ea,90,91,,,T000703;T000705;T000755;T000770;T000782;T000783;T000787
0JCoOdfs2cZwPCXymbsBSq,T000707,ARC-WALL-BOARD,Partition L01 Corridor S wall 2,L01,L01-Z3,interiors,interiors,22.8,m2,94,95,,,T000701;T000705;T000706;T000755;T000782;T000787
0MxeEioGz_qU3bYRq7fXeq,T000708,ARC-DOOR-INSTALL,Door L01 Corridor N wall 0,L01,L01-Z3,interiors,interiors,1.0,ea,109,110,,,T000750;T000752
0PxuFrmbDqmCJR_a6_zYVT,T000709,MEP-DIFFUSER-SET,Air terminal L01 0-2,L01,L01-Z3,mechanical,mep_finish,1.0,ea,110,111,,,T000703;T000712;T000732;T000734;T000736;T000739;T000747;T000753;T000762;T000770;T000823;T000834;T000839;T000846;T000851;T000854;T000858;T000883
0PxuFrmbDqmCJR_a6_zYVT,T000710,CX-AIR-BALANCE,Air terminal L01 0-2,L01,L01-Z3,commissioning,commissioning,1.0,ea,125,126,,,T000630;T000703;T000709;T000712;T000736;T000739;T000747;T000753;T000762;T000770;T000823;T000834;T000839;T000846;T000851;T000854;T000858;T000883
0PxuFrmbDqmCJR_a6_zYVT,T000711,CX-PRESSURE-TEST,Air terminal L01 0-2,L01,L01-Z3,commissioning,commissioning,1.0,ea,126,127,,,T000699;T000710
0RoliH79d9FaDbSTozh3Hq,T000712,MEP-DUCT-INSTALL,Supply duct L01 4,L01,L01-Z3,mechanical,mep_roughin,6.0,m,89,90,,,T000756;T000797;T001164;T001165
0YOlKrJetm3V9YFEq8gBkg,T000713,ARC-WINDOW-INSTALL,Window L01 W-3,L01,L01-Z3,envelope,envelope,1.0,ea,82,83,,,T000731
0jyM6FhtJpV4FUo_cMmBxm,T000714,ARC-EXTWALL-BUILD,External wall L01 W-2,L01,L01-Z3,envelope,envelope,22.8,m2,63,65,,,T000729;T001155
0kQodBfbwDffPDRMkRryCU,T000715,MED-GAS-PIPE-INSTALL,Medical air line L01 1,L01,L01-Z3,plumbing,mep_roughin,18.0,m,87,88,,,T000276;T000733;T000744;T000750;T001155;T001156
0kQodBfbwDffPDRMkRryCU,T000716,MED-GAS-TEST,Medical air line L01 1,L01,L01-Z3,plumbing,mep_roughin,18.0,m,89,90,,,T000715
0kQodBfbwDffPDRMkRryCU,T000717,MED-GAS-CERT,Medical air line L01 1,L01,L01-Z3,commissioning,commissioning,18.0,m,125,127,,,T000272;T000277;T000285;T000329;T000715;T000716;T000791;T000842;T001219;T001236;T001319
0nP9AOg368m7ZAb9f6wqMP,T000718,PLB-PIPE-INSTALL,Chilled water pipe L01 1,L01,L01-Z3,plumbing,mep_roughin,12.0,m,87,88,,,T000744;T000750;T001155;T001156
0o_5Kac3TV4YFmpGYA99r2,T000719,ARC-WALL-FRAME,Partition L01 Corridor N wall 1,L01,L01-Z3,interiors,mep_roughin,22.8,m2,84,85,,,T000714;T000729;T000731;T001155;T001156
0o_5Kac3TV4YFmpGYA99r2,T000720,FIR-STOP-INSTALL,Partition L01 Corridor N wall 1,L01,L01-Z3,interiors,mep_roughin,3.42,ea,90,91,,,T000719;T000725;T000747;T000753
0o_5Kac3TV4YFmpGYA99r2,T000721,ARC-WALL-BOARD,Partition L01 Corridor N wall 1,L01,L01-Z3,interiors,interiors,22.8,m2,94,95,,,T000719;T000720
0o_J6k0sBbzPC3QLbAyEdo,T000722,STR-COL-POUR,Column C-3-3 L01,L01,L01-Z3,concrete,superstructure,0.95,m3,13,14,,,T000246
0s$L_Hrp1bFtbYflLIbQlW,T000723,ARC-DOOR-INSTALL,Door L01 Corridor S wall 3,L01,L01-Z3,interiors,interiors,1.0,ea,109,110,,,T000756;T000758
17gVx$ER_fHVGJ3CHko6OM,T000724,ELE-CABLE-PULL,Power cable L01 1,L01,L01-Z3,electrical,mep_roughin,12.0,m,88,89,,,T000759;T000785
19UGEfe8Q0fhz4QsNCacan,T000725,MEP-TRAY-INSTALL,Cable tray L01 2,L01,L01-Z3,electrical,mep_roughin,6.0,m,87,88,,,T000719;T000788;T001155;T001156
1FvjTulu1M73X5ryeyBNOm,T000726,ELE-LIGHT-INSTALL,Light fixture L01 2-2,L01,L01-Z3,electrical,mep_finish,1.0,ea,110,111,,,T000701;T000725;T000732;T000734;T000738;T000759;T000783;T000785
1HqceRPQbiGMfEjzras1D3,T000727,STR-SLAB-FORM,Slab L01 S-0-2,L01,L01-Z3,concrete,superstructure,144.0,m2,16,21,,,T000270;T000271;T000289;T000291
1HqceRPQbiGMfEjzras1D3,T000728,STR-SLAB-REBAR,Slab L01 S-0-2,L01,L01-Z3,concrete,superstructure,3.96,t,28,30,,,T000727
1HqceRPQbiGMfEjzras1D3,T000729,STR-SLAB-POUR,Slab L01 S-0-2,L01,L01-Z3,concrete,superstructure,36.0,m3,33,36,,,T000270;T000271;T000289;T000291;T000728
1HqceRPQbiGMfEjzras1D3,T000730,STR-SLAB-STRIKE,Slab L01 S-0-2,L01,L01-Z3,concrete,superstructure,144.0,m2,58,60,,,T000729
1IcRHRjZGs9WXmKpwAWsIQ,T000731,ARC-EXTWALL-BUILD,External wall L01 W-3,L01,L01-Z3,envelope,envelope,22.8,m2,63,65,,,T000729;T001155
1KrFqKyZVEIuC5HmymzL2k,T000732,ARC-CEILING-CLOSE,Ceiling L01 0-2,L01,L01-Z3,interiors,interiors,259.2,m2,97,101,,,T000701;T000703;T000706;T000707;T000712;T000715;T000716;T000718;T000720;T000721;T000724;T000725;T000736;T000738;T000739;T000741;T000742;T000743;T000745;T000746;T000747;T000751;T000752;T000753;T000755;T000757;T000758;T000759;T000760;T000761;T000762;T000764;T000765;T000768;T000769;T000770;T000782;T000783;T000787;T000789;T000790;T000791;T000792;T000794;T000795;T000798;T000799
,T000733,GEN-PERMIT-HOT,Hot work permit and fire watch · L01 zone 3,L01,L01-Z3,commissioning,mobilise,1.0,ea,0,1,,,
,T000734,ARC-CEILING-CLOSE,Close ceiling · L01 zone 3,L01,L01-Z3,interiors,interiors,1.0,ea,109,110,,,T000701;T000703;T000706;T000707;T000712;T000715;T000716;T000718;T000720;T000721;T000724;T000725;T000733;T000736;T000738;T000739;T000741;T000742;T000743;T000745;T000746;T000747;T000751;T000752;T000753;T000755;T000757;T000758;T000759;T000760;T000761;T000762;T000764;T000765;T000768;T000769;T000770;T000782;T000783;T000787;T000789;T000790;T000791;T000792;T000794;T000795;T000798;T000799
,T000735,CX-PRESSURE-TEST,Room pressure differential test · L01 zone 3,L01,L01-Z3,commissioning,commissioning,1.0,ea,125,126,,,T000699;T000734
1LKRI9UvZghr9BW4bGq5k2,T000736,MEP-DUCT-INSTALL,Return duct L01 4,L01,L01-Z3,mechanical,mep_roughin,6.0,m,89,90,,,T000756;T000797;T001164;T001165
1NZZvJ4Vb$qz7BZnHrPV2m,T000737,STR-COL-POUR,Column C-3-2 L01,L01,L01-Z3,concrete,superstructure,0.95,m3,13,14,,,T000294
1O8GPI0dB7m1BVrX_KQxi3,T000738,MEP-TRAY-INSTALL,Cable tray L01 4,L01,L01-Z3,electrical,mep_roughin,6.0,m,87,88,,,T000756;T000797;T001164;T001165
1OmO8pYVJ8IpbLdqcK2VrG,T000739,MEP-DUCT-INSTALL,Supply duct L01 1,L01,L01-Z3,mechanical,mep_roughin,6.0,m,89,90,,,T000744;T000750;T001155;T001156
1QtBVJl0zKiCyoRymxVCnG,T000740,ARC-WALL-FRAME,Partition L01 Room wall 2-3,L01,L01-Z3,interiors,mep_roughin,22.8,m2,88,89,,,T000714;T000731;T000778;T001164;T001165
1QtBVJl0zKiCyoRymxVCnG,T000741,FIR-STOP-INSTALL,Partition L01 Room wall 2-3,L01,L01-Z3,interiors,mep_roughin,3.42,ea,89,90,,,T000740
1QtBVJl0zKiCyoRymxVCnG,T000742,ARC-WALL-BOARD,Partition L01 Room wall 2-3,L01,L01-Z3,interiors,interiors,22.8,m2,94,95,,,T000740;T000741
1Rv9bdX6Lf6Iob5CtZa6Uv,T000743,PLB-PIPE-INSTALL,Heating water pipe L01 1,L01,L01-Z3,plumbing,mep_roughin,12.0,m,87,88,,,T000744;T000750;T001155;T001156
1XyJ_N$aGPBR0t8_QM4rXm,T000744,ARC-WALL-FRAME,Partition L01 Corridor S wall 0,L01,L01-Z3,interiors,mep_roughin,22.8,m2,84,85,,,T000714;T000729;T000731;T001155;T001156
1XyJ_N$aGPBR0t8_QM4rXm,T000745,FIR-STOP-INSTALL,Partition L01 Corridor S wall 0,L01,L01-Z3,interiors,mep_roughin,3.42,ea,90,91,,,T000715;T000718;T000739;T000743;T000744;T000759;T000761;T000762;T000794
1XyJ_N$aGPBR0t8_QM4rXm,T000746,ARC-WALL-BOARD,Partition L01 Corridor S wall 0,L01,L01-Z3,interiors,interiors,22.8,m2,94,95,,,T000716;T000718;T000724;T000743;T000744;T000745;T000761;T000795
1bO2AymdqZb2SDlUMZgHx7,T000747,MEP-DUCT-INSTALL,Supply duct L01 2,L01,L01-Z3,mechanical,mep_roughin,6.0,m,89,90,,,T000719;T000788;T001155;T001156
1ftNQbEv18XLtH3Rx6wLDB,T000748,ELE-LIGHT-INSTALL,Light fixture L01 0-2,L01,L01-Z3,electrical,mep_finish,1.0,ea,110,111,,,T000724;T000725;T000732;T000734;T000738;T000759;T000783;T000785
1g9UieLBgv1XQV8iWD06nu,T000749,STR-COL-POUR,Column C-0-3 L01,L01,L01-Z3,concrete,superstructure,0.95,m3,12,13,,,T000265
1izNcTb__ojzbCSEarvfVs,T000750,ARC-WALL-FRAME,Partition L01 Corridor N wall 0,L01,L01-Z3,interiors,mep_roughin,22.8,m2,84,85,,,T000714;T000729;T000731;T001155;T001156
1izNcTb__ojzbCSEarvfVs,T000751,FIR-STOP-INSTALL,Partition L01 Corridor N wall 0,L01,L01-Z3,interiors,mep_roughin,3.42,ea,90,91,,,T000715;T000718;T000739;T000743;T000750;T000759;T000761;T000762;T000794
1izNcTb__ojzbCSEarvfVs,T000752,ARC-WALL-BOARD,Partition L01 Corridor N wall 0,L01,L01-Z3,interiors,interiors,22.8,m2,94,95,,,T000716;T000718;T000724;T000743;T000750;T000751;T000761;T000795
24b7bUQRQjOWeFoSIDBCwx,T000753,MEP-DUCT-INSTALL,Return duct L01 2,L01,L01-Z3,mechanical,mep_roughin,6.0,m,89,90,,,T000719;T000788;T001155;T001156
2928PuGBgF5x6Lto$3msMj,T000754,STR-COL-POUR,Column C-2-2 L01,L01,L01-Z3,concrete,superstructure,0.95,m3,13,14,,,T000235
2DoyDIx$LN91KB_NDOXrLh,T000755,PLB-PIPE-INSTALL,Heating water pipe L01 2,L01,L01-Z3,plumbing,mep_roughin,12.0,m,87,88,,,T000705;T000767;T001164;T001165
2Q_$eUfxzADs9mG1KFLPuE,T000756,ARC-WALL-FRAME,Partition L01 Corridor S wall 3,L01,L01-Z3,interiors,mep_roughin,22.8,m2,84,85,,,T000714;T000731;T000778;T001164;T001165
2Q_$eUfxzADs9mG1KFLPuE,T000757,FIR-STOP-INSTALL,Partition L01 Corridor S wall 3,L01,L01-Z3,interiors,mep_roughin,3.42,ea,90,91,,,T000712;T000736;T000738;T000756;T000764;T000791
2Q_$eUfxzADs9mG1KFLPuE,T000758,ARC-WALL-BOARD,Partition L01 Corridor S wall 3,L01,L01-Z3,interiors,interiors,22.8,m2,94,95,,,T000756;T000757;T000765;T000792
2hskeaMGcFAsg3H055JdlT,T000759,MEP-TRAY-INSTALL,Cable tray L01 1,L01,L01-Z3,electrical,mep_roughin,6.0,m,87,88,,,T000744;T000750;T001155;T001156
2mG2Okim80RiG$2CTwFIZO,T000760,MEP-FITTING-INSTALL,Fire damper L01 1,L01,L01-Z3,mechanical,mep_roughin,1.0,ea,90,91,,,T000703;T000755;T000770;T000782;T000787
2pJ9M9Hfow5YUta2KG4g4T,T000761,PLB-PIPE-INSTALL,Cold water pipe L01 1,L01,L01-Z3,plumbing,mep_roughin,12.0,m,87,88,,,T000744;T000750;T001155;T001156
2tRDdWAx5nbnKjlb5NpTlh,T000762,MEP-DUCT-INSTALL,Return duct L01 1,L01,L01-Z3,mechanical,mep_roughin,6.0,m,89,90,,,T000744;T000750;T001155;T001156
2ul1FEAF_S2zZCNnztcGCf,T000763,ARC-WINDOW-INSTALL,Window L01 W-2,L01,L01-Z3,envelope,envelope,1.0,ea,82,83,,,T000714
2zMhnLLpSShlDSDolk3_Xn,T000764,MED-GAS-PIPE-INSTALL,Oxygen line L01 2,L01,L01-Z3,plumbing,mep_roughin,18.0,m,88,89,,,T000204;T000733;T000756;T000797;T001164;T001165
2zMhnLLpSShlDSDolk3_Xn,T000765,MED-GAS-TEST,Oxygen line L01 2,L01,L01-Z3,plumbing,mep_roughin,18.0,m,89,90,,,T000764
2zMhnLLpSShlDSDolk3_Xn,T000766,MED-GAS-CERT,Oxygen line L01 2,L01,L01-Z3,commissioning,commissioning,18.0,m,125,127,,,T000200;T000205;T000216;T000350;T000764;T000765;T000794;T000836;T001202;T001211;T001254
2zaVm2$olDvS3oTvlzDdgI,T000767,ARC-WALL-FRAME,Partition L01 Corridor N wall 2,L01,L01-Z3,interiors,mep_roughin,22.8,m2,84,85,,,T000714;T000731;T000778;T001164;T001165
2zaVm2$olDvS3oTvlzDdgI,T000768,FIR-STOP-INSTALL,Partition L01 Corridor N wall 2,L01,L01-Z3,interiors,mep_roughin,3.42,ea,90,91,,,T000703;T000755;T000767;T000770;T000782;T000783;T000787
2zaVm2$olDvS3oTvlzDdgI,T000769,ARC-WALL-BOARD,Partition L01 Corridor N wall 2,L01,L01-Z3,interiors,interiors,22.8,m2,95,96,,,T000701;T000755;T000767;T000768;T000782;T000787
311NQ33DgrEG1Vmgy$XaFr,T000770,MEP-DUCT-INSTALL,Return duct L01 3,L01,L01-Z3,mechanical,mep_roughin,6.0,m,89,90,,,T000705;T000767;T001164;T001165
36cXM3pvVCxDHF17SGPplA,T000771,STR-COL-POUR,Column C-1-2 L01,L01,L01-Z3,concrete,superstructure,0.95,m3,13,14,,,T000281
37K3XCAUlvIEAu2b39pXcH,T000772,MEP-DIFFUSER-SET,Air terminal L01 2-2,L01,L01-Z3,mechanical,mep_finish,1.0,ea,110,111,,,T000703;T000712;T000732;T000734;T000736;T000739;T000747;T000753;T000762;T000770;T000823;T000834;T000839;T000846;T000851;T000854;T000858;T000883
37K3XCAUlvIEAu2b39pXcH,T000773,CX-AIR-BALANCE,Air terminal L01 2-2,L01,L01-Z3,commissioning,commissioning,1.0,ea,125,126,,,T000630;T000703;T000712;T000736;T000739;T000747;T000753;T000762;T000770;T000772;T000823;T000834;T000839;T000846;T000851;T000854;T000858;T000883
37K3XCAUlvIEAu2b39pXcH,T000774,CX-PRESSURE-TEST,Air terminal L01 2-2,L01,L01-Z3,commissioning,commissioning,1.0,ea,126,127,,,T000699;T000773
3Bgj86QkPKoTbKlgqRV142,T000775,ARC-DOOR-INSTALL,Door L01 Corridor S wall 1,L01,L01-Z3,interiors,interiors,1.0,ea,109,110,,,T000788;T000790
3I67PYKaWI7bQ4jvDSnUa6,T000776,STR-SLAB-FORM,Slab L01 S-2-2,L01,L01-Z3,concrete,superstructure,144.0,m2,26,31,,,T000255;T000256;T000259;T000268
3I67PYKaWI7bQ4jvDSnUa6,T000777,STR-SLAB-REBAR,Slab L01 S-2-2,L01,L01-Z3,concrete,superstructure,3.96,t,32,34,,,T000776
3I67PYKaWI7bQ4jvDSnUa6,T000778,STR-SLAB-POUR,Slab L01 S-2-2,L01,L01-Z3,concrete,superstructure,36.0,m3,37,40,,,T000255;T000256;T000259;T000268;T000777
3I67PYKaWI7bQ4jvDSnUa6,T000779,STR-SLAB-STRIKE,Slab L01 S-2-2,L01,L01-Z3,concrete,superstructure,144.0,m2,58,60,,,T000778
3K9Bhz3tLtK6CgQOqXacUC,T000780,STR-COL-POUR,Column C-2-3 L01,L01,L01-Z3,concrete,superstructure,0.95,m3,13,14,,,T000226
3Lq$mimCzSKv94b2eXD9hL,T000781,STR-COL-POUR,Column C-1-3 L01,L01,L01-Z3,concrete,superstructure,0.95,m3,39,40,,,T000253
3WbGch8Aaivw4uBjMUpvnz,T000782,PLB-PIPE-INSTALL,Cold water pipe L01 2,L01,L01-Z3,plumbing,mep_roughin,12.0,m,88,89,,,T000705;T000767;T001164;T001165
3_I$SsvubqJ0GkLlaQ8RMD,T000783,MEP-TRAY-INSTALL,Cable tray L01 3,L01,L01-Z3,electrical,mep_roughin,6.0,m,87,88,,,T000705;T000767;T001164;T001165
3e11QmCfkXNXUYyhkN$sQr,T000784,STR-BEAM-POUR,Edge beam L01 0-3z,L01,L01-Z3,concrete,superstructure,1.44,m3,40,41,,,T000749
3hQ1MwcDJaMCBa2oHh1fHJ,T000785,ELE-PANEL-INSTALL,Distribution board DB-2,L01,L01-Z3,electrical,mep_roughin,1.0,ea,86,87,,,T000729;T000744;T000750
3hQ1MwcDJaMCBa2oHh1fHJ,T000786,CX-POWER-ENERGISE,Distribution board DB-2,L01,L01-Z3,commissioning,commissioning,1.0,ea,125,126,,,T000701;T000724;T000725;T000738;T000759;T000783;T000785;T000825;T000835;T000840;T000892;T000906;T000907
3qI6lSZY2$uuaoK7vHpqGH,T000787,PLB-PIPE-INSTALL,Chilled water pipe L01 2,L01,L01-Z3,plumbing,mep_roughin,12.0,m,88,89,,,T000705;T000767;T001164;T001165
3uspX6Y_Sh5dvqSLQEgG22,T000788,ARC-WALL-FRAME,Partition L01 Corridor S wall 1,L01,L01-Z3,interiors,mep_roughin,22.8,m2,84,85,,,T000714;T000729;T000731;T001155;T001156
3uspX6Y_Sh5dvqSLQEgG22,T000789,FIR-STOP-INSTALL,Partition L01 Corridor S wall 1,L01,L01-Z3,interiors,mep_roughin,3.42,ea,90,91,,,T000725;T000747;T000753;T000788
3uspX6Y_Sh5dvqSLQEgG22,T000790,ARC-WALL-BOARD,Partition L01 Corridor S wall 1,L01,L01-Z3,interiors,interiors,22.8,m2,95,96,,,T000788;T000789
3ve52YJDaB4jMwnFy7Gz0Y,T000791,MED-GAS-PIPE-INSTALL,Medical air line L01 2,L01,L01-Z3,plumbing,mep_roughin,18.0,m,88,89,,,T000276;T000733;T000756;T000797;T001164;T001165
3ve52YJDaB4jMwnFy7Gz0Y,T000792,MED-GAS-TEST,Medical air line L01 2,L01,L01-Z3,plumbing,mep_roughin,18.0,m,89,90,,,T000791
3ve52YJDaB4jMwnFy7Gz0Y,T000793,MED-GAS-CERT,Medical air line L01 2,L01,L01-Z3,commissioning,commissioning,18.0,m,125,127,,,T000272;T000277;T000285;T000329;T000715;T000791;T000792;T000842;T001219;T001236;T001319
3woPHjbNVHYoSODhpLXAfN,T000794,MED-GAS-PIPE-INSTALL,Oxygen line L01 1,L01,L01-Z3,plumbing,mep_roughin,18.0,m,88,89,,,T000204;T000733;T000744;T000750;T001155;T001156
3woPHjbNVHYoSODhpLXAfN,T000795,MED-GAS-TEST,Oxygen line L01 1,L01,L01-Z3,plumbing,mep_roughin,18.0,m,89,90,,,T000794
3woPHjbNVHYoSODhpLXAfN,T000796,MED-GAS-CERT,Oxygen line L01 1,L01,L01-Z3,commissioning,commissioning,18.0,m,125,127,,,T000200;T000205;T000216;T000350;T000764;T000794;T000795;T000836;T001202;T001211;T001254
3xQgHLy1erMJy80dOPCwgC,T000797,ARC-WALL-FRAME,Partition L01 Corridor N wall 3,L01,L01-Z3,interiors,mep_roughin,22.8,m2,84,85,,,T000714;T000731;T000778;T001164;T001165
3xQgHLy1erMJy80dOPCwgC,T000798,FIR-STOP-INSTALL,Partition L01 Corridor N wall 3,L01,L01-Z3,interiors,mep_roughin,3.42,ea,90,91,,,T000712;T000736;T000738;T000764;T000791;T000797
3xQgHLy1erMJy80dOPCwgC,T000799,ARC-WALL-BOARD,Partition L01 Corridor N wall 3,L01,L01-Z3,interiors,interiors,22.8,m2,95,96,,,T000765;T000792;T000797;T000798
3xeqFjQvdxXFBKc5RfIBVj,T000800,STR-COL-POUR,Column C-0-2 L01,L01,L01-Z3,concrete,superstructure,0.95,m3,12,13,,,T000231
0AFckLs0Vc5buH_ejQC5U4,T000801,ARC-WINDOW-INSTALL,Window L01 E-2,L01,L01-Z4,envelope,envelope,1.0,ea,82,83,,,T000802
0Np2o_8FQFNN0veF5GQKBW,T000802,ARC-EXTWALL-BUILD,External wall L01 E-2,L01,L01-Z4,envelope,envelope,22.8,m2,66,68,,,T000869;T001282
0SnjMMUej3jIO$dM_4B7TS,T000803,STR-COL-POUR,Column C-5-2 L01,L01,L01-Z4,concrete,superstructure,0.95,m3,40,41,,,T000379
0_iAQlcbevx3JLjtr2a_Um,T000804,ARC-WALL-FRAME,Partition L01 Room wall 6-3,L01,L01-Z4,interiors,mep_roughin,22.8,m2,89,90,,,T000802;T000845;T000864;T000869;T000872;T000895;T001282;T001283
0_iAQlcbevx3JLjtr2a_Um,T000805,FIR-STOP-INSTALL,Partition L01 Room wall 6-3,L01,L01-Z4,interiors,mep_roughin,3.42,ea,95,96,,,T000804;T000864;T000872;T000895
0_iAQlcbevx3JLjtr2a_Um,T000806,ARC-WALL-BOARD,Partition L01 Room wall 6-3,L01,L01-Z4,interiors,interiors,22.8,m2,97,98,,,T000804;T000805;T000864;T000872;T000895
0_yn6K8X2oX8OPPwTBGejL,T000807,PLB-PIPE-INSTALL,Chilled water pipe L01 3,L01,L01-Z4,plumbing,mep_roughin,12.0,m,89,90,,,T000817;T000827;T001267;T001268
0aiqXn_y4MZpIp4ogU6yYl,T000808,STR-COL-POUR,Column C-7-3 L01,L01,L01-Z4,concrete,superstructure,0.95,m3,12,13,,,T000409
0cpBAK$YLsJxoz6Y5jTFXB,T000809,MEP-DIFFUSER-SET,Air terminal L01 4-2,L01,L01-Z4,mechanical,mep_finish,1.0,ea,109,110,,,T000703;T000712;T000736;T000739;T000747;T000753;T000762;T000770;T000813;T000823;T000834;T000839;T000846;T000851;T000854;T000858;T000883
0cpBAK$YLsJxoz6Y5jTFXB,T000810,CX-AIR-BALANCE,Air terminal L01 4-2,L01,L01-Z4,commissioning,commissioning,1.0,ea,116,117,,,T000630;T000703;T000712;T000736;T000739;T000747;T000753;T000762;T000770;T000809;T000823;T000834;T000839;T000846;T000851;T000854;T000858;T000883
0iPMajf_vAmaxILhrp9AKh,T000811,STR-BEAM-POUR,Edge beam L01 7-2z,L01,L01-Z4,concrete,superstructure,1.44,m3,40,41,,,T000824
0l3JMGArF7u7eCZO2geLk1,T000812,ARC-DOOR-INSTALL,Door L01 Corridor N wall 5,L01,L01-Z4,interiors,interiors,1.0,ea,109,110,,,T000848;T000850
0rLkWOZ3_eL6UdXvth5YwA,T000813,ARC-CEILING-CLOSE,Ceiling L01 4-2,L01,L01-Z4,interiors,interiors,259.2,m2,105,109,,,T000805;T000806;T000807;T000815;T000816;T000818;T000819;T000821;T000823;T000825;T000826;T000828;T000829;T000832;T000833;T000834;T000835;T000836;T000837;T000839;T000840;T000842;T000843;T000846;T000847;T000849;T000850;T000851;T000854;T000856;T000858;T000862;T000864;T000872;T000878;T000879;T000881;T000882;T000883;T000884;T000890;T000891;T000892;T000895;T000903;T000904;T000905;T000906;T000907
0xBEBNBNe2L1RlwAVdOGd6,T000814,ARC-WALL-FRAME,Partition L01 Corridor N wall 6,L01,L01-Z4,interiors,mep_roughin,22.8,m2,85,86,,,T000802;T000845;T000864;T000869;T000872;T000895;T001282;T001283
0xBEBNBNe2L1RlwAVdOGd6,T000815,FIR-STOP-INSTALL,Partition L01 Corridor N wall 6,L01,L01-Z4,interiors,mep_roughin,3.42,ea,95,96,,,T000814;T000823;T000825;T000826;T000836;T000842;T000856;T000858;T000862;T000864;T000872;T000895
0xBEBNBNe2L1RlwAVdOGd6,T000816,ARC-WALL-BOARD,Partition L01 Corridor N wall 6,L01,L01-Z4,interiors,interiors,22.8,m2,97,98,,,T000814;T000815;T000826;T000837;T000843;T000856;T000862;T000864;T000872;T000895;T000907
0xK8iSi1OZasdlpWP9JDRZ,T000817,ARC-WALL-FRAME,Partition L01 Corridor S wall 4,L01,L01-Z4,interiors,mep_roughin,22.8,m2,85,86,,,T000802;T000845;T000864;T000872;T000895;T000900;T001267;T001268
0xK8iSi1OZasdlpWP9JDRZ,T000818,FIR-STOP-INSTALL,Partition L01 Corridor S wall 4,L01,L01-Z4,interiors,mep_roughin,3.42,ea,95,96,,,T000807;T000817;T000821;T000834;T000835;T000846;T000864;T000872;T000895;T000905
0xK8iSi1OZasdlpWP9JDRZ,T000819,ARC-WALL-BOARD,Partition L01 Corridor S wall 4,L01,L01-Z4,interiors,interiors,22.8,m2,97,98,,,T000807;T000817;T000818;T000821;T000840;T000864;T000872;T000895;T000905
0z0gPGhMf72IIEk9loChcf,T000820,STR-COL-POUR,Column C-6-2 L01,L01,L01-Z4,concrete,superstructure,0.95,m3,40,41,,,T000401
13vZm98x$$nJt$JGeP$4e0,T000821,PLB-PIPE-INSTALL,Cold water pipe L01 3,L01,L01-Z4,plumbing,mep_roughin,12.0,m,89,90,,,T000817;T000827;T001267;T001268
14nJQtiaQhYBQXRxX4ENyH,T000822,ARC-DOOR-INSTALL,Door L01 Corridor S wall 7,L01,L01-Z4,interiors,interiors,1.0,ea,109,110,,,T000877;T000879
1IgDb2dOMODNSbItp7q2yJ,T000823,MEP-DUCT-INSTALL,Supply duct L01 7,L01,L01-Z4,mechanical,mep_roughin,6.0,m,90,91,,,T000814;T000902;T001282;T001283
1Kt_eMjSMmdbGM0o4NeSD$,T000824,STR-COL-POUR,Column C-7-2 L01,L01,L01-Z4,concrete,superstructure,0.95,m3,12,13,,,T000335
1RqLCsf9cUIULfkVQedYrF,T000825,MEP-TRAY-INSTALL,Cable tray L01 7,L01,L01-Z4,electrical,mep_roughin,6.0,m,88,89,,,T000814;T000902;T001282;T001283
1Ul6Y3knmgw43FLZMhlYWN,T000826,PLB-PIPE-INSTALL,Cold water pipe L01 4,L01,L01-Z4,plumbing,mep_roughin,12.0,m,89,90,,,T000814;T000902;T001282;T001283
1XDGngZyQL0TRBIILy0f96,T000827,ARC-WALL-FRAME,Partition L01 Corridor N wall 4,L01,L01-Z4,interiors,mep_roughin,22.8,m2,85,86,,,T000802;T000845;T000864;T000872;T000895;T000900;T001267;T001268
1XDGngZyQL0TRBIILy0f96,T000828,FIR-STOP-INSTALL,Partition L01 Corridor N wall 4,L01,L01-Z4,interiors,mep_roughin,3.42,ea,95,96,,,T000807;T000821;T000827;T000834;T000835;T000846;T000864;T000872;T000895;T000905
1XDGngZyQL0TRBIILy0f96,T000829,ARC-WALL-BOARD,Partition L01 Corridor N wall 4,L01,L01-Z4,interiors,interiors,22.8,m2,97,98,,,T000807;T000821;T000827;T000828;T000840;T000864;T000872;T000895;T000905
1eebYoYukvqLN2GUWAQLoD,T000830,STR-BEAM-POUR,Edge beam L01 7-3z,L01,L01-Z4,concrete,superstructure,1.44,m3,40,41,,,T000808
1usyfcFUomnyjdeARLZItu,T000831,ARC-WALL-FRAME,Partition L01 Corridor S wall 5,L01,L01-Z4,interiors,mep_roughin,22.8,m2,84,85,,,T000802;T000845;T000864;T000872;T000895;T000900;T001267;T001268
1usyfcFUomnyjdeARLZItu,T000832,FIR-STOP-INSTALL,Partition L01 Corridor S wall 5,L01,L01-Z4,interiors,mep_roughin,3.42,ea,95,96,,,T000831;T000839;T000854;T000864;T000872;T000892;T000895
1usyfcFUomnyjdeARLZItu,T000833,ARC-WALL-BOARD,Partition L01 Corridor S wall 5,L01,L01-Z4,interiors,interiors,22.8,m2,98,99,,,T000831;T000832;T000864;T000872;T000895
1w9fRCMRWhj6tNtD__sIQX,T000834,MEP-DUCT-INSTALL,Return duct L01 5,L01,L01-Z4,mechanical,mep_roughin,6.0,m,90,91,,,T000817;T000827;T001267;T001268
1ypBwMNizxfXkYzHmJ4fIB,T000835,MEP-TRAY-INSTALL,Cable tray L01 5,L01,L01-Z4,electrical,mep_roughin,6.0,m,88,89,,,T000817;T000827;T001267;T001268
22f_aXS0OdF9EzzL6PgUY4,T000836,MED-GAS-PIPE-INSTALL,Oxygen line L01 3,L01,L01-Z4,plumbing,mep_roughin,18.0,m,89,90,,,T000204;T000814;T000887;T000902;T001282;T001283
22f_aXS0OdF9EzzL6PgUY4,T000837,MED-GAS-TEST,Oxygen line L01 3,L01,L01-Z4,plumbing,mep_roughin,18.0,m,93,94,,,T000836
22f_aXS0OdF9EzzL6PgUY4,T000838,MED-GAS-CERT,Oxygen line L01 3,L01,L01-Z4,commissioning,commissioning,18.0,m,116,118,,,T000200;T000205;T000216;T000350;T000764;T000794;T000836;T000837;T001202;T001211;T001254
25EUc0vOhcUzHq5RTlF6Dl,T000839,MEP-DUCT-INSTALL,Supply duct L01 6,L01,L01-Z4,mechanical,mep_roughin,6.0,m,90,91,,,T000831;T000848;T001267;T001268
2Ew8iKQB2JLi3BcPzZO7P0,T000840,ELE-CABLE-PULL,Power cable L01 3,L01,L01-Z4,electrical,mep_roughin,12.0,m,89,90,,,T000785;T000835
2G0SYpT5tHXozJu8s28Bc9,T000841,ELE-LIGHT-INSTALL,Light fixture L01 6-2,L01,L01-Z4,electrical,mep_finish,1.0,ea,109,110,,,T000785;T000813;T000825;T000835;T000892;T000906;T000907
2GUipKHgsr7frvuZcLH$hh,T000842,MED-GAS-PIPE-INSTALL,Medical air line L01 3,L01,L01-Z4,plumbing,mep_roughin,18.0,m,89,90,,,T000276;T000814;T000887;T000902;T001282;T001283
2GUipKHgsr7frvuZcLH$hh,T000843,MED-GAS-TEST,Medical air line L01 3,L01,L01-Z4,plumbing,mep_roughin,18.0,m,93,94,,,T000842
2GUipKHgsr7frvuZcLH$hh,T000844,MED-GAS-CERT,Medical air line L01 3,L01,L01-Z4,commissioning,commissioning,18.0,m,116,118,,,T000272;T000277;T000285;T000329;T000715;T000791;T000842;T000843;T001219;T001236;T001319
2ISZ1CmSmDFMd_CiaYC6Le,T000845,ARC-EXTWALL-BUILD,External wall L01 E-3,L01,L01-Z4,envelope,envelope,22.8,m2,66,68,,,T000869;T001282
2U$ost5CEGs25O7QknoB3n,T000846,MEP-DUCT-INSTALL,Supply duct L01 5,L01,L01-Z4,mechanical,mep_roughin,6.0,m,90,91,,,T000817;T000827;T001267;T001268
2WkY64sWdlaxhIP9EHOJva,T000847,FIR-SPRINK-INSTALL,Sprinkler main L01,L01,L01-Z4,plumbing,mep_roughin,12.0,ea,84,85,,,T000869;T000900;T001267;T001268
2gClW1Y4Zzo5WZ73yw_MyD,T000848,ARC-WALL-FRAME,Partition L01 Corridor N wall 5,L01,L01-Z4,interiors,mep_roughin,22.8,m2,85,86,,,T000802;T000845;T000864;T000872;T000895;T000900;T001267;T001268
2gClW1Y4Zzo5WZ73yw_MyD,T000849,FIR-STOP-INSTALL,Partition L01 Corridor N wall 5,L01,L01-Z4,interiors,mep_roughin,3.42,ea,95,96,,,T000839;T000848;T000854;T000864;T000872;T000892;T000895
2gClW1Y4Zzo5WZ73yw_MyD,T000850,ARC-WALL-BOARD,Partition L01 Corridor N wall 5,L01,L01-Z4,interiors,interiors,22.8,m2,98,99,,,T000848;T000849;T000864;T000872;T000895
2hFWOYpJUdY53LzS00ton8,T000851,MEP-DUCT-INSTALL,Return duct L01 8,L01,L01-Z4,mechanical,mep_roughin,6.0,m,90,91,,,T000877;T000880;T001282;T001283
2qT7nryUycAo4IFvMLROG5,T000852,STR-COL-POUR,Column C-5-3 L01,L01,L01-Z4,concrete,superstructure,0.95,m3,40,41,,,T000302
2z_ifnYN3eS3Z7yjTKCVUY,T000853,STR-COL-POUR,Column C-4-2 L01,L01,L01-Z4,concrete,superstructure,0.95,m3,40,41,,,T000412
326l8baN2vWLprmbwBbIkn,T000854,MEP-DUCT-INSTALL,Return duct L01 6,L01,L01-Z4,mechanical,mep_roughin,6.0,m,90,91,,,T000831;T000848;T001267;T001268
3AtPIXe8BnofZw1rErJICD,T000855,STR-COL-POUR,Column C-6-3 L01,L01,L01-Z4,concrete,superstructure,0.95,m3,40,41,,,T000365
3DxAx1QLDAK0mESsUeGx$i,T000856,PLB-PIPE-INSTALL,Chilled water pipe L01 4,L01,L01-Z4,plumbing,mep_roughin,12.0,m,90,91,,,T000814;T000902;T001282;T001283
3Ejs5$VM_aSgmjDwoNb5ra,T000857,ELE-LIGHT-INSTALL,Light fixture L01 4-2,L01,L01-Z4,electrical,mep_finish,1.0,ea,109,110,,,T000785;T000813;T000825;T000835;T000840;T000892;T000906
3Fwr3uMRdTSfkVH2a0iqFI,T000858,MEP-DUCT-INSTALL,Return duct L01 7,L01,L01-Z4,mechanical,mep_roughin,6.0,m,90,91,,,T000814;T000902;T001282;T001283
3NipzGX1JGImY6lVrwNujx,T000859,ARC-WINDOW-INSTALL,Window L01 E-3,L01,L01-Z4,envelope,envelope,1.0,ea,82,83,,,T000845
3Nv2_ihAl8MHcoJEPfbAj$,T000860,ARC-FLOOR-FINISH,Floor finish L01 4-2,L01,L01-Z4,finishes,interiors,259.2,m2,109,116,,,T000806;T000813;T000816;T000819;T000829;T000833;T000850;T000869;T000879;T000882;T000891;T000900;T000904
3Nv2_ihAl8MHcoJEPfbAj$,T000861,GEN-HANDOVER-DOC,Floor finish L01 4-2,L01,L01-Z4,commissioning,handover,1.0,ea,170,171,,,T000810;T000838;T000844;T000860;T000866;T000875;T000894;T000897
3UpI1k0mIALNSifKBok1gv,T000862,PLB-PIPE-INSTALL,Heating water pipe L01 4,L01,L01-Z4,plumbing,mep_roughin,12.0,m,90,91,,,T000814;T000902;T001282;T001283
3WFtiM3kxisROmlM1PukO0,T000863,ARC-DOOR-INSTALL,Door L01 Corridor S wall 5,L01,L01-Z4,interiors,interiors,1.0,ea,109,110,,,T000831;T000833
3ZXGKW0gxJ5Jf6c_j9eSN8,T000864,GEN-ICRA-SETUP,Slab L01 S-6-2,L01,L01-Z4,icra,mobilise,1.0,ea,3,4,,,
3ZXGKW0gxJ5Jf6c_j9eSN8,T000865,GEN-HEPA-CLEAN,Slab L01 S-6-2,L01,L01-Z4,icra,icra_closeout,144.0,m2,159,160,,,T000810;T000813;T000860;T000864;T000872;T000894;T000895
3ZXGKW0gxJ5Jf6c_j9eSN8,T000866,GEN-ICRA-CLOSEOUT,Slab L01 S-6-2,L01,L01-Z4,icra,icra_closeout,1.0,ea,164,165,,,T000864;T000865;T000872;T000874;T000895;T000896
3ZXGKW0gxJ5Jf6c_j9eSN8,T000867,STR-SLAB-FORM,Slab L01 S-6-2,L01,L01-Z4,concrete,superstructure,144.0,m2,17,22,,,T000298;T000312;T000359;T000360
3ZXGKW0gxJ5Jf6c_j9eSN8,T000868,STR-SLAB-REBAR,Slab L01 S-6-2,L01,L01-Z4,concrete,superstructure,3.96,t,29,31,,,T000867
3ZXGKW0gxJ5Jf6c_j9eSN8,T000869,STR-SLAB-POUR,Slab L01 S-6-2,L01,L01-Z4,concrete,superstructure,36.0,m3,34,37,,,T000298;T000312;T000359;T000360;T000868
3ZXGKW0gxJ5Jf6c_j9eSN8,T000870,STR-SLAB-STRIKE,Slab L01 S-6-2,L01,L01-Z4,concrete,superstructure,144.0,m2,58,60,,,T000869
,T000871,GEN-PERMIT-WORK,Permit to work · L01 zone 4,L01,L01-Z4,commissioning,mobilise,1.0,ea,0,1,,,
,T000872,GEN-ICRA-SETUP,Erect ICRA barrier and negative air · L01 zone 4,L01,L01-Z4,icra,mobilise,1.0,ea,3,4,,,T000871
,T000873,GEN-PRECOMM-CHECK,Pre-commissioning checks · L01 zone 4,L01,L01-Z4,commissioning,mep_finish,1.0,ea,110,111,,,T000809;T000841;T000857;T000872;T000893
,T000874,GEN-HEPA-CLEAN,HEPA terminal clean · L01 zone 4,L01,L01-Z4,icra,icra_closeout,1.0,ea,159,160,,,T000810;T000813;T000860;T000864;T000872;T000873;T000894;T000895
,T000875,GEN-ICRA-CLOSEOUT,ICRA clearance and barrier removal · L01 zone 4,L01,L01-Z4,icra,icra_closeout,1.0,ea,165,166,,,T000864;T000865;T000872;T000874;T000895;T000896
3_XBnNlmlNv5XuxXSY7JCA,T000876,STR-COL-POUR,Column C-4-3 L01,L01,L01-Z4,concrete,superstructure,0.95,m3,40,41,,,T000317
3aMZHeqSOYPMbXuXB_jkiv,T000877,ARC-WALL-FRAME,Partition L01 Corridor S wall 7,L01,L01-Z4,interiors,mep_roughin,22.8,m2,85,86,,,T000802;T000845;T000864;T000869;T000872;T000895;T001282;T001283
3aMZHeqSOYPMbXuXB_jkiv,T000878,FIR-STOP-INSTALL,Partition L01 Corridor S wall 7,L01,L01-Z4,interiors,mep_roughin,3.42,ea,95,96,,,T000851;T000864;T000872;T000877;T000883;T000895;T000906
3aMZHeqSOYPMbXuXB_jkiv,T000879,ARC-WALL-BOARD,Partition L01 Corridor S wall 7,L01,L01-Z4,interiors,interiors,22.8,m2,98,99,,,T000864;T000872;T000877;T000878;T000895
3flm4fDj1KryghCNjdKxN2,T000880,ARC-WALL-FRAME,Partition L01 Corridor N wall 7,L01,L01-Z4,interiors,mep_roughin,22.8,m2,85,86,,,T000802;T000845;T000864;T000869;T000872;T000895;T001282;T001283
3flm4fDj1KryghCNjdKxN2,T000881,FIR-STOP-INSTALL,Partition L01 Corridor N wall 7,L01,L01-Z4,interiors,mep_roughin,3.42,ea,95,96,,,T000851;T000864;T000872;T000880;T000883;T000895;T000906
3flm4fDj1KryghCNjdKxN2,T000882,ARC-WALL-BOARD,Partition L01 Corridor N wall 7,L01,L01-Z4,interiors,interiors,22.8,m2,98,99,,,T000864;T000872;T000880;T000881;T000895
3h3IpjItYBmmiq9R1zsCIO,T000883,MEP-DUCT-INSTALL,Supply duct L01 8,L01,L01-Z4,mechanical,mep_roughin,6.0,m,90,91,,,T000877;T000880;T001282;T001283
3jfkndGR3X9J3Iz6sFkKzT,T000884,MEP-FITTING-INSTALL,Fire damper L01 2,L01,L01-Z4,mechanical,mep_roughin,1.0,ea,91,92,,,T000839;T000854;T000887
,T000885,GEN-PERMIT-WORK,Permit to work · L01 zone 4,L01,L01-Z4,commissioning,mobilise,1.0,ea,0,1,,,
,T000886,GEN-UTIL-LOCATE,Locate and mark buried utilities · L01 zone 4,L01,L01-Z4,concrete,mobilise,1.0,ea,1,2,,,T000885
,T000887,GEN-PERMIT-HOT,Hot work permit and fire watch · L01 zone 4,L01,L01-Z4,commissioning,mobilise,1.0,ea,2,3,,,T000886
,T000888,GEN-HYDROTEST,System hydrotest or pressure test · L01 zone 4,L01,L01-Z4,plumbing,mep_roughin,1.0,ea,93,94,,,T000884
3k6lWshb3YMbjr2vfc4Ej4,T000889,ARC-WALL-FRAME,Partition L01 Room wall 4-3,L01,L01-Z4,interiors,mep_roughin,22.8,m2,89,90,,,T000802;T000845;T000864;T000872;T000895;T000900;T001267;T001268
3k6lWshb3YMbjr2vfc4Ej4,T000890,FIR-STOP-INSTALL,Partition L01 Room wall 4-3,L01,L01-Z4,interiors,mep_roughin,3.42,ea,95,96,,,T000847;T000864;T000872;T000889;T000895
3k6lWshb3YMbjr2vfc4Ej4,T000891,ARC-WALL-BOARD,Partition L01 Room wall 4-3,L01,L01-Z4,interiors,interiors,22.8,m2,99,100,,,T000864;T000872;T000889;T000890;T000895
3mUDo6NuFyM8wRPuRN3fNM,T000892,MEP-TRAY-INSTALL,Cable tray L01 6,L01,L01-Z4,electrical,mep_roughin,6.0,m,88,89,,,T000831;T000848;T001267;T001268
3nVXs3YvdJ8u1JhDnIKjVq,T000893,MEP-DIFFUSER-SET,Air terminal L01 6-2,L01,L01-Z4,mechanical,mep_finish,1.0,ea,109,110,,,T000703;T000712;T000736;T000739;T000747;T000753;T000762;T000770;T000813;T000823;T000834;T000839;T000846;T000851;T000854;T000858;T000883
3nVXs3YvdJ8u1JhDnIKjVq,T000894,CX-AIR-BALANCE,Air terminal L01 6-2,L01,L01-Z4,commissioning,commissioning,1.0,ea,116,117,,,T000630;T000703;T000712;T000736;T000739;T000747;T000753;T000762;T000770;T000823;T000834;T000839;T000846;T000851;T000854;T000858;T000883;T000893
3nre61WPuSlPObvM9NMFm5,T000895,GEN-ICRA-SETUP,Slab L01 S-4-2,L01,L01-Z4,icra,mobilise,1.0,ea,3,4,,,
3nre61WPuSlPObvM9NMFm5,T000896,GEN-HEPA-CLEAN,Slab L01 S-4-2,L01,L01-Z4,icra,icra_closeout,144.0,m2,159,160,,,T000810;T000813;T000860;T000864;T000872;T000894;T000895
3nre61WPuSlPObvM9NMFm5,T000897,GEN-ICRA-CLOSEOUT,Slab L01 S-4-2,L01,L01-Z4,icra,icra_closeout,1.0,ea,165,166,,,T000864;T000865;T000872;T000874;T000895;T000896
3nre61WPuSlPObvM9NMFm5,T000898,STR-SLAB-FORM,Slab L01 S-4-2,L01,L01-Z4,concrete,superstructure,144.0,m2,27,32,,,T000328;T000336;T000415;T000417
3nre61WPuSlPObvM9NMFm5,T000899,STR-SLAB-REBAR,Slab L01 S-4-2,L01,L01-Z4,concrete,superstructure,3.96,t,33,35,,,T000898
3nre61WPuSlPObvM9NMFm5,T000900,STR-SLAB-POUR,Slab L01 S-4-2,L01,L01-Z4,concrete,superstructure,36.0,m3,38,41,,,T000328;T000336;T000415;T000417;T000899
3nre61WPuSlPObvM9NMFm5,T000901,STR-SLAB-STRIKE,Slab L01 S-4-2,L01,L01-Z4,concrete,superstructure,144.0,m2,58,60,,,T000900
3r78OIYAMu5ZPqM0dZiFhx,T000902,ARC-WALL-FRAME,Partition L01 Corridor S wall 6,L01,L01-Z4,interiors,mep_roughin,22.8,m2,85,86,,,T000802;T000845;T000864;T000869;T000872;T000895;T001282;T001283
3r78OIYAMu5ZPqM0dZiFhx,T000903,FIR-STOP-INSTALL,Partition L01 Corridor S wall 6,L01,L01-Z4,interiors,mep_roughin,3.42,ea,95,96,,,T000823;T000825;T000826;T000836;T000842;T000856;T000858;T000862;T000864;T000872;T000895;T000902
3r78OIYAMu5ZPqM0dZiFhx,T000904,ARC-WALL-BOARD,Partition L01 Corridor S wall 6,L01,L01-Z4,interiors,interiors,22.8,m2,99,100,,,T000826;T000837;T000843;T000856;T000862;T000864;T000872;T000895;T000902;T000903;T000907
3uTsTVEMeq3hTv2$spFwz7,T000905,PLB-PIPE-INSTALL,Heating water pipe L01 3,L01,L01-Z4,plumbing,mep_roughin,12.0,m,90,91,,,T000817;T000827;T001267;T001268
3x$SKobV2gXW$ENvu0NMu8,T000906,MEP-TRAY-INSTALL,Cable tray L01 8,L01,L01-Z4,electrical,mep_roughin,6.0,m,88,89,,,T000877;T000880;T001282;T001283
3yAQ$BEIo6JJEQKFwqxH6E,T000907,ELE-CABLE-PULL,Power cable L01 4,L01,L01-Z4,electrical,mep_roughin,12.0,m,89,90,,,T000785;T000825
01yGM1SWdZsmiwWRxcoD0l,T000908,STR-COL-POUR,Column C-3-4 L01,L01,L01-Z5,concrete,superstructure,0.95,m3,40,41,,,T000481
0F9k4PgPgWcZOHX1caipp1,T000909,ARC-WINDOW-INSTALL,Window L01 N-0,L01,L01-Z5,envelope,envelope,1.0,ea,82,83,,,T000955
0GX50pxICYAuYqDSfNomXs,T000910,MEP-DIFFUSER-SET,Air terminal L01 2-4,L01,L01-Z5,mechanical,mep_finish,1.0,ea,109,110,,,T000703;T000712;T000736;T000739;T000747;T000753;T000762;T000770;T000823;T000834;T000839;T000846;T000851;T000854;T000858;T000883;T000927
0GX50pxICYAuYqDSfNomXs,T000911,CX-AIR-BALANCE,Air terminal L01 2-4,L01,L01-Z5,commissioning,commissioning,1.0,ea,117,118,,,T000630;T000703;T000712;T000736;T000739;T000747;T000753;T000762;T000770;T000823;T000834;T000839;T000846;T000851;T000854;T000858;T000883;T000910
0LkZc$IXFCse4ObZ3rp8yz,T000912,ELE-LIGHT-INSTALL,Light fixture L01 0-4,L01,L01-Z5,electrical,mep_finish,1.0,ea,109,110,,,T000785;T000927
0YHrDFaED$PPXPjqbK5$Qz,T000913,STR-COL-POUR,Column C-3-5 L01,L01,L01-Z5,concrete,superstructure,0.95,m3,12,13,,,T000457
0YJujMR4Ru6Dndu606mPVl,T000914,ARC-WINDOW-INSTALL,Window L01 N-3,L01,L01-Z5,envelope,envelope,1.0,ea,82,83,,,T000931
0aqWO00F0mQeqkDJsWXskZ,T000915,STR-BEAM-POUR,Edge beam L01 2-5x,L01,L01-Z5,concrete,superstructure,1.44,m3,40,41,,,T000917
0hcdZ_CTHcufYrBOuRq_l7,T000916,STR-COL-POUR,Column C-0-4 L01,L01,L01-Z5,concrete,superstructure,0.95,m3,12,13,,,T000439
0k4mW66D26ErumFWyJQ1cr,T000917,STR-COL-POUR,Column C-2-5 L01,L01,L01-Z5,concrete,superstructure,0.95,m3,12,13,,,T000430
0nWa3lv_5bOfACL08QRsDQ,T000918,STR-SLAB-FORM,Slab L01 S-2-4,L01,L01-Z5,concrete,superstructure,144.0,m2,21,26,,,T000420;T000431;T000440;T000467
0nWa3lv_5bOfACL08QRsDQ,T000919,STR-SLAB-REBAR,Slab L01 S-2-4,L01,L01-Z5,concrete,superstructure,3.96,t,30,32,,,T000918
0nWa3lv_5bOfACL08QRsDQ,T000920,STR-SLAB-POUR,Slab L01 S-2-4,L01,L01-Z5,concrete,superstructure,36.0,m3,34,37,,,T000420;T000431;T000440;T000467;T000919
0nWa3lv_5bOfACL08QRsDQ,T000921,STR-SLAB-STRIKE,Slab L01 S-2-4,L01,L01-Z5,concrete,superstructure,144.0,m2,66,68,,,T000920
185cbwhtHh_jOLp2TSGR2L,T000922,STR-COL-POUR,Column C-1-5 L01,L01,L01-Z5,concrete,superstructure,0.95,m3,12,13,,,T000426
18dpH3MOP7V4w6kPZlxoF3,T000923,STR-COL-POUR,Column C-1-4 L01,L01,L01-Z5,concrete,superstructure,0.95,m3,41,42,,,T000435
1EVjKQqDTRyq0hNV5WfCpg,T000924,MEP-DIFFUSER-SET,Air terminal L01 0-4,L01,L01-Z5,mechanical,mep_finish,1.0,ea,109,110,,,T000703;T000712;T000736;T000739;T000747;T000753;T000762;T000770;T000823;T000834;T000839;T000846;T000851;T000854;T000858;T000883;T000927
1EVjKQqDTRyq0hNV5WfCpg,T000925,CX-AIR-BALANCE,Air terminal L01 0-4,L01,L01-Z5,commissioning,commissioning,1.0,ea,117,118,,,T000630;T000703;T000712;T000736;T000739;T000747;T000753;T000762;T000770;T000823;T000834;T000839;T000846;T000851;T000854;T000858;T000883;T000924
1WSyolcksNYDuuKHjt0jPE,T000926,ARC-EXTWALL-BUILD,External wall L01 W-5,L01,L01-Z5,envelope,envelope,22.8,m2,67,69,,,T000936;T001376
1_aYAvAeE2GDV9Ml8JUB91,T000927,ARC-CEILING-CLOSE,Ceiling L01 0-4,L01,L01-Z5,interiors,interiors,259.2,m2,105,109,,,T000941;T000942;T000950;T000951
1a5Horg4KPzYFr_$GfpnGE,T000928,ARC-WINDOW-INSTALL,Window L01 W-5,L01,L01-Z5,envelope,envelope,1.0,ea,82,83,,,T000926
1d1$jhSrspcf24HJgomQo8,T000929,ARC-EXTWALL-BUILD,External wall L01 N-1,L01,L01-Z5,envelope,envelope,22.8,m2,67,69,,,T000936;T001376
1dPwZP0Iv8pVg_wx5Bawic,T000930,ARC-EXTWALL-BUILD,External wall L01 N-2,L01,L01-Z5,envelope,envelope,22.8,m2,67,69,,,T000920;T001383
1fx_x8AVuHyZKL2CMbFoL9,T000931,ARC-EXTWALL-BUILD,External wall L01 N-3,L01,L01-Z5,envelope,envelope,22.8,m2,67,69,,,T000920;T001383
1l_vMyiiKXBa3n6KRSSQYq,T000932,STR-COL-POUR,Column C-2-4 L01,L01,L01-Z5,concrete,superstructure,0.95,m3,41,42,,,T000484
1oudmdBfhXe6EFHN7zkVm5,T000933,ELE-LIGHT-INSTALL,Light fixture L01 2-4,L01,L01-Z5,electrical,mep_finish,1.0,ea,109,110,,,T000785;T000927
1rpBiSRggkbRy1EivUV5fm,T000934,STR-SLAB-FORM,Slab L01 S-0-4,L01,L01-Z5,concrete,superstructure,144.0,m2,21,26,,,T000419;T000441;T000445;T000452
1rpBiSRggkbRy1EivUV5fm,T000935,STR-SLAB-REBAR,Slab L01 S-0-4,L01,L01-Z5,concrete,superstructure,3.96,t,31,33,,,T000934
1rpBiSRggkbRy1EivUV5fm,T000936,STR-SLAB-POUR,Slab L01 S-0-4,L01,L01-Z5,concrete,superstructure,36.0,m3,35,38,,,T000419;T000441;T000445;T000452;T000935
1rpBiSRggkbRy1EivUV5fm,T000937,STR-SLAB-STRIKE,Slab L01 S-0-4,L01,L01-Z5,concrete,superstructure,144.0,m2,70,72,,,T000936
24G12cmPymn4YmgksqhGiX,T000938,ARC-FLOOR-FINISH,Floor finish L01 0-4,L01,L01-Z5,finishes,interiors,298.08,m2,109,117,,,T000920;T000927;T000936;T000942;T000951
24G12cmPymn4YmgksqhGiX,T000939,GEN-HANDOVER-DOC,Floor finish L01 0-4,L01,L01-Z5,commissioning,handover,1.0,ea,170,171,,,T000911;T000925;T000938
2Hpfaso9i_3SMUlkh0o9TH,T000940,ARC-WALL-FRAME,Partition L01 Room wall 2-4,L01,L01-Z5,interiors,mep_roughin,22.8,m2,90,91,,,T000920;T000926;T000929;T000930;T000931;T000943;T000955;T001383;T001384
2Hpfaso9i_3SMUlkh0o9TH,T000941,FIR-STOP-INSTALL,Partition L01 Room wall 2-4,L01,L01-Z5,interiors,mep_roughin,3.42,ea,95,96,,,T000940
2Hpfaso9i_3SMUlkh0o9TH,T000942,ARC-WALL-BOARD,Partition L01 Room wall 2-4,L01,L01-Z5,interiors,interiors,22.8,m2,99,100,,,T000940;T000941
2ZsTdBdqeBA9UBL7Aa$1sH,T000943,ARC-EXTWALL-BUILD,External wall L01 W-4,L01,L01-Z5,envelope,envelope,22.8,m2,67,69,,,T000936;T001376
2kpZvNGTCYUtmPIJy1Mr$H,T000944,STR-BEAM-POUR,Edge beam L01 0-4z,L01,L01-Z5,concrete,superstructure,1.44,m3,41,42,,,T000916
3$Fp1O0siV5vLSM9kHj6s$,T000945,ARC-WINDOW-INSTALL,Window L01 W-4,L01,L01-Z5,envelope,envelope,1.0,ea,82,83,,,T000943
34FBzG0trl5sTzmiCsHWzT,T000946,STR-BEAM-POUR,Edge beam L01 1-5x,L01,L01-Z5,concrete,superstructure,1.44,m3,41,42,,,T000922
3LSqINXLhw8TmnGD2PrJCM,T000947,STR-BEAM-POUR,Edge beam L01 0-5x,L01,L01-Z5,concrete,superstructure,1.44,m3,41,42,,,T000954
3MrVMtwnNCo5UKZb8R$qFl,T000948,ARC-WINDOW-INSTALL,Window L01 N-2,L01,L01-Z5,envelope,envelope,1.0,ea,82,83,,,T000930
3O5RctBhnNsJadnz4XrMKo,T000949,ARC-WALL-FRAME,Partition L01 Room wall 2-5,L01,L01-Z5,interiors,mep_roughin,22.8,m2,91,92,,,T000920;T000926;T000929;T000930;T000931;T000943;T000955;T001383;T001384
3O5RctBhnNsJadnz4XrMKo,T000950,FIR-STOP-INSTALL,Partition L01 Room wall 2-5,L01,L01-Z5,interiors,mep_roughin,3.42,ea,95,96,,,T000949
3O5RctBhnNsJadnz4XrMKo,T000951,ARC-WALL-BOARD,Partition L01 Room wall 2-5,L01,L01-Z5,interiors,interiors,22.8,m2,99,100,,,T000949;T000950
3OyDgvcBLDM4_3NP8naQTb,T000952,ARC-WINDOW-INSTALL,Window L01 N-1,L01,L01-Z5,envelope,envelope,1.0,ea,82,83,,,T000929
3QqzMlzWdioHFTvKCRph6K,T000953,STR-BEAM-POUR,Edge beam L01 3-5x,L01,L01-Z5,concrete,superstructure,1.44,m3,41,42,,,T000913
3pszn04Pl1fO20VSidGDnd,T000954,STR-COL-POUR,Column C-0-5 L01,L01,L01-Z5,concrete,superstructure,0.95,m3,12,13,,,T000470
3vxtql$eYm3MuTX9jAbAZT,T000955,ARC-EXTWALL-BUILD,External wall L01 N-0,L01,L01-Z5,envelope,envelope,22.8,m2,68,70,,,T000936;T001376
02GJi1U6hs1tzba_AsVJNV,T000956,ARC-EXTWALL-BUILD,External wall L01 E-5,L01,L01-Z6,envelope,envelope,22.8,m2,69,71,,,T001010;T001473
063cHcWM6bmmZtt$q6ftXK,T000957,ELE-LIGHT-INSTALL,Light fixture L01 4-4,L01,L01-Z6,electrical,mep_finish,1.0,ea,109,110,,,T000785;T000985
08Xe1ShCtVzinJ61Ky$L9_,T000958,STR-COL-POUR,Column C-7-5 L01,L01,L01-Z6,concrete,superstructure,0.95,m3,12,13,,,T000502
08y63oADXJAndTVauGGL34,T000959,STR-BEAM-POUR,Edge beam L01 7-4z,L01,L01-Z6,concrete,superstructure,1.44,m3,41,42,,,T000990
0IQGBMQUAsxdLPVsMVcavP,T000960,ARC-WINDOW-INSTALL,Window L01 N-5,L01,L01-Z6,envelope,envelope,1.0,ea,82,83,,,T000980
0desk_uh3vdeSO3sGVlXpm,T000961,MEP-DIFFUSER-SET,Air terminal L01 6-4,L01,L01-Z6,mechanical,mep_finish,1.0,ea,109,110,,,T000703;T000712;T000736;T000739;T000747;T000753;T000762;T000770;T000823;T000834;T000839;T000846;T000851;T000854;T000858;T000883;T000985
0desk_uh3vdeSO3sGVlXpm,T000962,CX-AIR-BALANCE,Air terminal L01 6-4,L01,L01-Z6,commissioning,commissioning,1.0,ea,133,134,,,T000630;T000703;T000712;T000736;T000739;T000747;T000753;T000762;T000770;T000823;T000834;T000839;T000846;T000851;T000854;T000858;T000883;T000961
0h9JwgDF7HPANBB0tTQ6An,T000963,ARC-FLOOR-FINISH,Floor finish L01 4-4,L01,L01-Z6,finishes,interiors,259.2,m2,125,132,,,T000967;T000976;T000979;T000985;T000997;T001010;T001016
0h9JwgDF7HPANBB0tTQ6An,T000964,GEN-HANDOVER-DOC,Floor finish L01 4-4,L01,L01-Z6,commissioning,handover,1.0,ea,170,171,,,T000962;T000963;T000982;T000994;T001003;T001007
0hcsp2NWAtEOXcV6lyRtZN,T000965,ARC-WALL-FRAME,Partition L01 Room wall 4-5,L01,L01-Z6,interiors,mep_roughin,22.8,m2,91,92,,,T000956;T000980;T000992;T000997;T001000;T001004;T001005;T001012;T001013;T001019;T001436;T001437
0hcsp2NWAtEOXcV6lyRtZN,T000966,FIR-STOP-INSTALL,Partition L01 Room wall 4-5,L01,L01-Z6,interiors,mep_roughin,3.42,ea,95,96,,,T000965;T000992;T001000;T001005
0hcsp2NWAtEOXcV6lyRtZN,T000967,ARC-WALL-BOARD,Partition L01 Room wall 4-5,L01,L01-Z6,interiors,interiors,22.8,m2,100,101,,,T000965;T000966;T000992;T001000;T001005
0wgcjD0iNpj1Ct_PAJqF_0,T000968,ARC-WINDOW-INSTALL,Window L01 E-4,L01,L01-Z6,envelope,envelope,1.0,ea,83,84,,,T001013
0yoz$GPAMju1YvHqXLs9IE,T000969,PLB-FIXTURE-SET,Sanitary fixture L01 2,L01,L01-Z6,plumbing,mep_finish,1.0,ea,132,133,,,T000963
16QWTzhTtin6xiLlXMdGFT,T000970,PLB-FIXTURE-SET,Sanitary fixture L01 3,L01,L01-Z6,plumbing,mep_finish,1.0,ea,132,133,,,T000963;T000979
1HP_NEvRNP7NOXquDLAbAm,T000971,ARC-WINDOW-INSTALL,Window L01 N-7,L01,L01-Z6,envelope,envelope,1.0,ea,83,84,,,T001004
1Nrhb6DogiT61sKNFMJbNv,T000972,ELE-LIGHT-INSTALL,Light fixture L01 6-4,L01,L01-Z6,electrical,mep_finish,1.0,ea,109,110,,,T000785;T000985
1drglXbxFy69yOFmcq6JHP,T000973,STR-COL-POUR,Column C-6-4 L01,L01,L01-Z6,concrete,superstructure,0.95,m3,41,42,,,T000567
1mFCoRREbMKpqjRrZekDeo,T000974,ARC-WALL-FRAME,Partition L01 Room wall 6-4,L01,L01-Z6,interiors,mep_roughin,22.8,m2,91,92,,,T000956;T000980;T000992;T001000;T001004;T001005;T001010;T001012;T001013;T001019;T001473;T001474
1mFCoRREbMKpqjRrZekDeo,T000975,FIR-STOP-INSTALL,Partition L01 Room wall 6-4,L01,L01-Z6,interiors,mep_roughin,3.42,ea,95,96,,,T000974;T000992;T001000;T001005
1mFCoRREbMKpqjRrZekDeo,T000976,ARC-WALL-BOARD,Partition L01 Room wall 6-4,L01,L01-Z6,interiors,interiors,22.8,m2,100,101,,,T000974;T000975;T000992;T001000;T001005
1p$xavKMpa0gxMCnrrqO3S,T000977,ARC-WALL-FRAME,Partition L01 Room wall 6-5,L01,L01-Z6,interiors,mep_roughin,22.8,m2,91,92,,,T000956;T000980;T000992;T001000;T001004;T001005;T001010;T001012;T001013;T001019;T001473;T001474
1p$xavKMpa0gxMCnrrqO3S,T000978,FIR-STOP-INSTALL,Partition L01 Room wall 6-5,L01,L01-Z6,interiors,mep_roughin,3.42,ea,95,96,,,T000977;T000992;T001000;T001005
1p$xavKMpa0gxMCnrrqO3S,T000979,ARC-WALL-BOARD,Partition L01 Room wall 6-5,L01,L01-Z6,interiors,interiors,22.8,m2,100,101,,,T000977;T000978;T000992;T001000;T001005
25ra3TghVQ6VSmfNu08_8O,T000980,ARC-EXTWALL-BUILD,External wall L01 N-5,L01,L01-Z6,envelope,envelope,22.8,m2,69,71,,,T000997;T001436
2E9yAs7ToQreVqGCXfl7m_,T000981,MEP-DIFFUSER-SET,Air terminal L01 4-4,L01,L01-Z6,mechanical,mep_finish,1.0,ea,109,110,,,T000703;T000712;T000736;T000739;T000747;T000753;T000762;T000770;T000823;T000834;T000839;T000846;T000851;T000854;T000858;T000883;T000985
2E9yAs7ToQreVqGCXfl7m_,T000982,CX-AIR-BALANCE,Air terminal L01 4-4,L01,L01-Z6,commissioning,commissioning,1.0,ea,133,134,,,T000630;T000703;T000712;T000736;T000739;T000747;T000753;T000762;T000770;T000823;T000834;T000839;T000846;T000851;T000854;T000858;T000883;T000981
2EXVsPyDNOJTFGp4ZOIs2P,T000983,ARC-WINDOW-INSTALL,Window L01 E-5,L01,L01-Z6,envelope,envelope,1.0,ea,83,84,,,T000956
2O4TL4kU0KBZpjopP18Bai,T000984,STR-BEAM-POUR,Edge beam L01 5-5x,L01,L01-Z6,concrete,superstructure,1.44,m3,41,42,,,T000989
2OyP$Nya7uN0AMPXIOF9ON,T000985,ARC-CEILING-CLOSE,Ceiling L01 4-4,L01,L01-Z6,interiors,interiors,259.2,m2,105,109,,,T000966;T000967;T000975;T000976;T000978;T000979;T000992;T001000;T001005;T001015;T001016
2U01BE$JB9CWTwbXx6CM5b,T000986,STR-COL-POUR,Column C-4-5 L01,L01,L01-Z6,concrete,superstructure,0.95,m3,12,13,,,T000512
2ZSOwp0XMqD9bhEWWumzVh,T000987,STR-BEAM-POUR,Edge beam L01 6-5x,L01,L01-Z6,concrete,superstructure,1.44,m3,41,42,,,T001022
2cDz8hZfZXcOJU7peH3$bX,T000988,STR-COL-POUR,Column C-4-4 L01,L01,L01-Z6,concrete,superstructure,0.95,m3,41,42,,,T000529
2esEC51HLgjuYBlhNEppwY,T000989,STR-COL-POUR,Column C-5-5 L01,L01,L01-Z6,concrete,superstructure,0.95,m3,12,13,,,T000495
2qwIeNA_gMe70vZQLK_BGt,T000990,STR-COL-POUR,Column C-7-4 L01,L01,L01-Z6,concrete,superstructure,0.95,m3,12,13,,,T000535
30BIytB8XSlA4npa7M$u1P,T000991,STR-BEAM-POUR,Edge beam L01 4-5x,L01,L01-Z6,concrete,superstructure,1.44,m3,41,42,,,T000986
39J3wg4B96MW9TXqnvpte2,T000992,GEN-ICRA-SETUP,Slab L01 S-4-4,L01,L01-Z6,icra,mobilise,1.0,ea,3,4,,,
39J3wg4B96MW9TXqnvpte2,T000993,GEN-HEPA-CLEAN,Slab L01 S-4-4,L01,L01-Z6,icra,icra_closeout,144.0,m2,160,161,,,T000962;T000963;T000982;T000985;T000992;T001000;T001005
39J3wg4B96MW9TXqnvpte2,T000994,GEN-ICRA-CLOSEOUT,Slab L01 S-4-4,L01,L01-Z6,icra,icra_closeout,1.0,ea,165,166,,,T000992;T000993;T001000;T001002;T001005;T001006
39J3wg4B96MW9TXqnvpte2,T000995,STR-SLAB-FORM,Slab L01 S-4-4,L01,L01-Z6,concrete,superstructure,144.0,m2,22,27,,,T000487;T000515;T000564;T000568
39J3wg4B96MW9TXqnvpte2,T000996,STR-SLAB-REBAR,Slab L01 S-4-4,L01,L01-Z6,concrete,superstructure,3.96,t,31,33,,,T000995
39J3wg4B96MW9TXqnvpte2,T000997,STR-SLAB-POUR,Slab L01 S-4-4,L01,L01-Z6,concrete,superstructure,36.0,m3,36,39,,,T000487;T000515;T000564;T000568;T000996
39J3wg4B96MW9TXqnvpte2,T000998,STR-SLAB-STRIKE,Slab L01 S-4-4,L01,L01-Z6,concrete,superstructure,144.0,m2,66,68,,,T000997
,T000999,GEN-PERMIT-WORK,Permit to work · L01 zone 6,L01,L01-Z6,commissioning,mobilise,1.0,ea,0,1,,,
,T001000,GEN-ICRA-SETUP,Erect ICRA barrier and negative air · L01 zone 6,L01,L01-Z6,icra,mobilise,1.0,ea,4,5,,,T000999
,T001001,GEN-PRECOMM-CHECK,Pre-commissioning checks · L01 zone 6,L01,L01-Z6,commissioning,mep_finish,1.0,ea,110,111,,,T000957;T000961;T000972;T000981;T001000
,T001002,GEN-HEPA-CLEAN,HEPA terminal clean · L01 zone 6,L01,L01-Z6,icra,icra_closeout,1.0,ea,160,161,,,T000962;T000963;T000982;T000985;T000992;T001000;T001001;T001005
,T001003,GEN-ICRA-CLOSEOUT,ICRA clearance and barrier removal · L01 zone 6,L01,L01-Z6,icra,icra_closeout,1.0,ea,165,166,,,T000992;T000993;T001000;T001002;T001005;T001006
3BDiIYQod0L_0C8rratLMl,T001004,ARC-EXTWALL-BUILD,External wall L01 N-7,L01,L01-Z6,envelope,envelope,22.8,m2,69,71,,,T001010;T001473
3F0859jDbcBaumo3yKSHob,T001005,GEN-ICRA-SETUP,Slab L01 S-6-4,L01,L01-Z6,icra,mobilise,1.0,ea,4,5,,,
3F0859jDbcBaumo3yKSHob,T001006,GEN-HEPA-CLEAN,Slab L01 S-6-4,L01,L01-Z6,icra,icra_closeout,144.0,m2,160,161,,,T000962;T000963;T000982;T000985;T000992;T001000;T001005
3F0859jDbcBaumo3yKSHob,T001007,GEN-ICRA-CLOSEOUT,Slab L01 S-6-4,L01,L01-Z6,icra,icra_closeout,1.0,ea,166,167,,,T000992;T000993;T001000;T001002;T001005;T001006
3F0859jDbcBaumo3yKSHob,T001008,STR-SLAB-FORM,Slab L01 S-6-4,L01,L01-Z6,concrete,superstructure,144.0,m2,22,27,,,T000485;T000514;T000554;T000560
3F0859jDbcBaumo3yKSHob,T001009,STR-SLAB-REBAR,Slab L01 S-6-4,L01,L01-Z6,concrete,superstructure,3.96,t,31,33,,,T001008
3F0859jDbcBaumo3yKSHob,T001010,STR-SLAB-POUR,Slab L01 S-6-4,L01,L01-Z6,concrete,superstructure,36.0,m3,36,39,,,T000485;T000514;T000554;T000560;T001009
3F0859jDbcBaumo3yKSHob,T001011,STR-SLAB-STRIKE,Slab L01 S-6-4,L01,L01-Z6,concrete,superstructure,144.0,m2,66,68,,,T001010
3FTRDjfM1pe1nRwS8Zl58R,T001012,ARC-EXTWALL-BUILD,External wall L01 N-4,L01,L01-Z6,envelope,envelope,22.8,m2,69,71,,,T000997;T001436
3LlEhVFbczbXR0oRd4x_7j,T001013,ARC-EXTWALL-BUILD,External wall L01 E-4,L01,L01-Z6,envelope,envelope,22.8,m2,69,71,,,T001010;T001473
3VMACGI$tZiwVw59fl4ICm,T001014,ARC-WALL-FRAME,Partition L01 Room wall 4-4,L01,L01-Z6,interiors,mep_roughin,22.8,m2,91,92,,,T000956;T000980;T000992;T000997;T001000;T001004;T001005;T001012;T001013;T001019;T001436;T001437
3VMACGI$tZiwVw59fl4ICm,T001015,FIR-STOP-INSTALL,Partition L01 Room wall 4-4,L01,L01-Z6,interiors,mep_roughin,3.42,ea,95,96,,,T000992;T001000;T001005;T001014
3VMACGI$tZiwVw59fl4ICm,T001016,ARC-WALL-BOARD,Partition L01 Room wall 4-4,L01,L01-Z6,interiors,interiors,22.8,m2,100,101,,,T000992;T001000;T001005;T001014;T001015
3c$DLWCfnHgMez8g2vmT1T,T001017,ARC-WINDOW-INSTALL,Window L01 N-4,L01,L01-Z6,envelope,envelope,1.0,ea,83,84,,,T001012
3d9q4FnKOtWi_l7nsVVz4k,T001018,ARC-WINDOW-INSTALL,Window L01 N-6,L01,L01-Z6,envelope,envelope,1.0,ea,83,84,,,T001019
3dwamz9gHyPJO01l_proln,T001019,ARC-EXTWALL-BUILD,External wall L01 N-6,L01,L01-Z6,envelope,envelope,22.8,m2,70,72,,,T001010;T001473
3pn4OhSyjcLNbCyGXNgBSj,T001020,STR-COL-POUR,Column C-5-4 L01,L01,L01-Z6,concrete,superstructure,0.95,m3,41,42,,,T000538
3w3zEX8mSTeqj1XVaBph9M,T001021,STR-BEAM-POUR,Edge beam L01 7-5x,L01,L01-Z6,concrete,superstructure,1.44,m3,41,42,,,T000958
3zrLEG7KDrzuNmj3Gz_Equ,T001022,STR-COL-POUR,Column C-6-5 L01,L01,L01-Z6,concrete,superstructure,0.95,m3,12,13,,,T000563
3zydpHe8n3DAMZCBlWn701,T001023,PLB-FIXTURE-SET,Sanitary fixture L01 1,L01,L01-Z6,plumbing,mep_finish,1.0,ea,132,133,,,T000963;T001016
00Hiay1_zc1tbT0lOqtoVK,T001024,STR-COL-POUR,Column C-1-0 L02,L02,L02-Z1,concrete,superstructure,0.95,m3,66,67,,,T000595
01Q_Ax7krl7Y59c9RCCTnO,T001025,STR-COL-POUR,Column C-2-1 L02,L02,L02-Z1,concrete,superstructure,0.95,m3,67,68,,,T000603
0MK3_E9UufrPfTEfTCUqPm,T001026,STR-BEAM-POUR,Edge beam L02 0-0x,L02,L02-Z1,concrete,superstructure,1.44,m3,72,73,,,T001051
0R2sYWMAI8ZpAcvrRXN6Bs,T001027,ARC-WINDOW-INSTALL,Window L02 W-0,L02,L02-Z1,envelope,envelope,1.0,ea,83,84,,,T001028
0eh_RyEZw4JyIRe4m7ktyR,T001028,ARC-EXTWALL-BUILD,External wall L02 W-0,L02,L02-Z1,envelope,envelope,22.8,m2,63,65,,,T001073
19sVwpCH1Cmn2E15GVAYI1,T001029,ARC-CURTAIN-INSTALL,Curtain wall L02 S-2,L02,L02-Z1,envelope,envelope,22.8,m2,83,84,,,T001036
19y_6tIRwMnlHwOjYPgG47,T001030,STR-BEAM-POUR,Edge beam L02 1-0x,L02,L02-Z1,concrete,superstructure,1.44,m3,72,73,,,T001024
1NMjp7mNhRl6nVzV8E7Yo_,T001031,MEP-DIFFUSER-SET,Air terminal L02 2-0,L02,L02-Z1,mechanical,mep_finish,1.0,ea,110,111,,,T001064;T001066;T001147;T001161;T001167;T001172;T001181;T001200;T001224;T001228;T001275;T001276;T001291;T001307;T001309;T001325;T001332;T001355
1NMjp7mNhRl6nVzV8E7Yo_,T001032,CX-AIR-BALANCE,Air terminal L02 2-0,L02,L02-Z1,commissioning,commissioning,1.0,ea,132,133,,,T001031;T001138;T001147;T001161;T001167;T001172;T001181;T001200;T001224;T001228;T001275;T001276;T001291;T001307;T001309;T001325;T001332;T001355
1NMjp7mNhRl6nVzV8E7Yo_,T001033,CX-PRESSURE-TEST,Air terminal L02 2-0,L02,L02-Z1,commissioning,commissioning,1.0,ea,133,134,,,T001032;T001049
1OhNe1181qCDviSaWO43B7,T001034,STR-SLAB-FORM,Slab L02 S-2-0,L02,L02-Z1,concrete,superstructure,144.0,m2,41,46,,,T000573;T000581;T000587;T000589;T000597;T000603;T000608
1OhNe1181qCDviSaWO43B7,T001035,STR-SLAB-REBAR,Slab L02 S-2-0,L02,L02-Z1,concrete,superstructure,3.96,t,52,54,,,T001034
1OhNe1181qCDviSaWO43B7,T001036,STR-SLAB-POUR,Slab L02 S-2-0,L02,L02-Z1,concrete,superstructure,36.0,m3,60,63,,,T000573;T000581;T000587;T000589;T000597;T000608;T001035
1OhNe1181qCDviSaWO43B7,T001037,STR-SLAB-STRIKE,Slab L02 S-2-0,L02,L02-Z1,concrete,superstructure,144.0,m2,70,72,,,T001036
1S5Ub5IZHY6VQE0ilfAXHq,T001038,ARC-CURTAIN-INSTALL,Curtain wall L02 S-1,L02,L02-Z1,envelope,envelope,22.8,m2,83,84,,,T001073
1VMrDjwsDLNphKujeflqtf,T001039,STR-COL-POUR,Column C-3-1 L02,L02,L02-Z1,concrete,superstructure,0.95,m3,68,69,,,T000603
1VftSJ0r55y4sozCv$UA1q,T001040,STR-BEAM-POUR,Edge beam L02 3-0x,L02,L02-Z1,concrete,superstructure,1.44,m3,72,73,,,T001042
1exHjK6Ykrj6bb9ONCLfec,T001041,STR-BEAM-POUR,Edge beam L02 0-1z,L02,L02-Z1,concrete,superstructure,1.44,m3,72,73,,,T001048
22J62NDaYGu1TBJ1$Rhrd$,T001042,STR-COL-POUR,Column C-3-0 L02,L02,L02-Z1,concrete,superstructure,0.95,m3,68,69,,,T000603
22cdF$wqqjjsgEMwslMKtm,T001043,ARC-EXTWALL-BUILD,External wall L02 W-1,L02,L02-Z1,envelope,envelope,22.8,m2,65,67,,,T001073
2C9$xPb$_Xh24tFnvemuw4,T001044,ARC-ROOF-INSTALL,Roof R-2-0,L02,L02-Z1,envelope,envelope,144.0,m2,74,76,,,T001025;T001036;T001039;T001042;T001070
2DU0_eTdFfJ19SnMp7apTy,T001045,ELE-LIGHT-INSTALL,Light fixture L02 2-0,L02,L02-Z1,electrical,mep_finish,1.0,ea,110,111,,,T001064;T001066;T001194
2FkA5JMsgNsJcaiDY$lX90,T001046,ARC-CURTAIN-INSTALL,Curtain wall L02 S-3,L02,L02-Z1,envelope,envelope,22.8,m2,83,84,,,T001036
2HExwrLhSbKLTBq_RyxZ1s,T001047,STR-BEAM-POUR,Edge beam L02 2-0x,L02,L02-Z1,concrete,superstructure,1.44,m3,72,73,,,T001070
2K8JvbXkw0mN2kUf8nO$Ja,T001048,STR-COL-POUR,Column C-0-1 L02,L02,L02-Z1,concrete,superstructure,0.95,m3,68,69,,,T000595
2TKobqaRsWiU0WaK878$i7,T001049,ARC-FLOOR-FINISH,Floor finish L02 0-0,L02,L02-Z1,finishes,interiors,298.08,m2,124,132,,,T001036;T001055;T001063;T001064;T001066;T001073
2TKobqaRsWiU0WaK878$i7,T001050,GEN-HANDOVER-DOC,Floor finish L02 0-0,L02,L02-Z1,commissioning,handover,1.0,ea,170,171,,,T001032;T001049;T001059
2fyxYuHMwtdizTBudkqXJc,T001051,STR-COL-POUR,Column C-0-0 L02,L02,L02-Z1,concrete,superstructure,0.95,m3,68,69,,,T000595
2kklUZQnBDGF5OOvC9hcyP,T001052,ARC-CURTAIN-INSTALL,Curtain wall L02 S-0,L02,L02-Z1,envelope,envelope,22.8,m2,84,85,,,T001073
2plXf33g3y4Iq5mLKC1iSB,T001053,ARC-WALL-FRAME,Partition L02 Room wall 2-0,L02,L02-Z1,interiors,mep_roughin,22.8,m2,88,89,,,T001028;T001036;T001043
2plXf33g3y4Iq5mLKC1iSB,T001054,FIR-STOP-INSTALL,Partition L02 Room wall 2-0,L02,L02-Z1,interiors,mep_roughin,3.42,ea,91,92,,,T001053
2plXf33g3y4Iq5mLKC1iSB,T001055,ARC-WALL-BOARD,Partition L02 Room wall 2-0,L02,L02-Z1,interiors,interiors,22.8,m2,96,97,,,T001053;T001054
2qfEC85GM4PD_OC4n_W6kS,T001056,STR-COL-POUR,Column C-1-1 L02,L02,L02-Z1,concrete,superstructure,0.95,m3,68,69,,,T000595
2taCBDB2qD$Cu4brRSwmEP,T001057,ARC-WINDOW-INSTALL,Window L02 W-1,L02,L02-Z1,envelope,envelope,1.0,ea,84,85,,,T001043
35Nn$FKPm4C1_FJoCjSNB$,T001058,MEP-DIFFUSER-SET,Air terminal L02 0-0,L02,L02-Z1,mechanical,mep_finish,1.0,ea,110,111,,,T001064;T001066;T001147;T001161;T001167;T001172;T001181;T001200;T001224;T001228;T001275;T001276;T001291;T001307;T001309;T001325;T001332;T001355
35Nn$FKPm4C1_FJoCjSNB$,T001059,CX-AIR-BALANCE,Air terminal L02 0-0,L02,L02-Z1,commissioning,commissioning,1.0,ea,132,133,,,T001058;T001138;T001147;T001161;T001167;T001172;T001181;T001200;T001224;T001228;T001275;T001276;T001291;T001307;T001309;T001325;T001332;T001355
35Nn$FKPm4C1_FJoCjSNB$,T001060,CX-PRESSURE-TEST,Air terminal L02 0-0,L02,L02-Z1,commissioning,commissioning,1.0,ea,133,134,,,T001049;T001059
38EyxruH0dyyWGfkCz$PGS,T001061,ARC-WALL-FRAME,Partition L02 Room wall 2-1,L02,L02-Z1,interiors,mep_roughin,22.8,m2,89,90,,,T001028;T001036;T001043
38EyxruH0dyyWGfkCz$PGS,T001062,FIR-STOP-INSTALL,Partition L02 Room wall 2-1,L02,L02-Z1,interiors,mep_roughin,3.42,ea,91,92,,,T001061
38EyxruH0dyyWGfkCz$PGS,T001063,ARC-WALL-BOARD,Partition L02 Room wall 2-1,L02,L02-Z1,interiors,interiors,22.8,m2,96,97,,,T001061;T001062
3Av1Bek8Xevjzl$c_eOTL5,T001064,ARC-CEILING-CLOSE,Ceiling L02 0-0,L02,L02-Z1,interiors,interiors,259.2,m2,101,105,,,T001054;T001055;T001062;T001063
,T001065,GEN-PERMIT-HOT,Hot work permit and fire watch · L02 zone 1,L02,L02-Z1,commissioning,mobilise,1.0,ea,0,1,,,
,T001066,ARC-CEILING-CLOSE,Close ceiling · L02 zone 1,L02,L02-Z1,interiors,interiors,1.0,ea,109,110,,,T001054;T001055;T001062;T001063;T001065
,T001067,CX-PRESSURE-TEST,Room pressure differential test · L02 zone 1,L02,L02-Z1,commissioning,commissioning,1.0,ea,132,133,,,T001049;T001066
3XXpzPfuXGIQRJIK2DbWJi,T001068,ELE-LIGHT-INSTALL,Light fixture L02 0-0,L02,L02-Z1,electrical,mep_finish,1.0,ea,110,111,,,T001064;T001066;T001194
3_ZIwDFW_$TH3C68$3MmfJ,T001069,ARC-ROOF-INSTALL,Roof R-0-0,L02,L02-Z1,envelope,envelope,144.0,m2,75,77,,,T001024;T001048;T001051;T001056;T001073
3mSXAsUYaYqO8NHbEwvY_O,T001070,STR-COL-POUR,Column C-2-0 L02,L02,L02-Z1,concrete,superstructure,0.95,m3,68,69,,,T000603
3yXIt1avme5CjtYgYYCWox,T001071,STR-SLAB-FORM,Slab L02 S-0-0,L02,L02-Z1,concrete,superstructure,144.0,m2,41,46,,,T000574;T000580;T000583;T000595;T000607;T000616;T000620;T000621
3yXIt1avme5CjtYgYYCWox,T001072,STR-SLAB-REBAR,Slab L02 S-0-0,L02,L02-Z1,concrete,superstructure,3.96,t,52,54,,,T001071
3yXIt1avme5CjtYgYYCWox,T001073,STR-SLAB-POUR,Slab L02 S-0-0,L02,L02-Z1,concrete,superstructure,36.0,m3,60,63,,,T000574;T000580;T000583;T000607;T000616;T000620;T000621;T001072
3yXIt1avme5CjtYgYYCWox,T001074,STR-SLAB-STRIKE,Slab L02 S-0-0,L02,L02-Z1,concrete,superstructure,144.0,m2,71,73,,,T001073
04wjJHXkVTWcBpR9fzM_Cc,T001075,STR-COL-POUR,Column C-5-1 L02,L02,L02-Z2,concrete,superstructure,0.95,m3,68,69,,,T000675;T001142
07ikHbwIrVQS7HFIm3sl6D,T001076,ARC-CURTAIN-INSTALL,Curtain wall L02 S-4,L02,L02-Z2,envelope,envelope,22.8,m2,84,85,,,T001094;T001142
0HBJd9PVtpxwp4yR9Ls_zT,T001077,MEP-DIFFUSER-SET,Air terminal L02 6-0,L02,L02-Z2,mechanical,mep_finish,1.0,ea,96,97,,,T001102;T001147;T001161;T001167;T001172;T001181;T001200;T001224;T001228;T001275;T001276;T001291;T001307;T001309;T001325;T001332;T001355
0HBJd9PVtpxwp4yR9Ls_zT,T001078,CX-AIR-BALANCE,Air terminal L02 6-0,L02,L02-Z2,commissioning,commissioning,1.0,ea,103,104,,,T001077;T001138;T001147;T001161;T001167;T001172;T001181;T001200;T001224;T001228;T001275;T001276;T001291;T001307;T001309;T001325;T001332;T001355
0LSJsPZ6pbnryxfHc09WdQ,T001079,ARC-WALL-FRAME,Partition L02 Room wall 4-1,L02,L02-Z2,interiors,mep_roughin,22.8,m2,88,89,,,T001089;T001094;T001097;T001117;T001129;T001131
0LSJsPZ6pbnryxfHc09WdQ,T001080,FIR-STOP-INSTALL,Partition L02 Room wall 4-1,L02,L02-Z2,interiors,mep_roughin,3.42,ea,89,90,,,T001079;T001089;T001097;T001131
0LSJsPZ6pbnryxfHc09WdQ,T001081,ARC-WALL-BOARD,Partition L02 Room wall 4-1,L02,L02-Z2,interiors,interiors,22.8,m2,90,91,,,T001079;T001080;T001089;T001097;T001131
0LZFoV15yJlBVK$Bh77jJD,T001082,STR-COL-POUR,Column C-6-0 L02,L02,L02-Z2,concrete,superstructure,0.95,m3,68,69,,,T000696;T001142
0McL_tHdn_E_yyK7oX$mja,T001083,ARC-ROOF-INSTALL,Roof R-4-0,L02,L02-Z2,envelope,envelope,144.0,m2,75,77,,,T001075;T001094;T001104;T001106;T001124;T001142
0NGun3whyrjUQdPEBmgdO3,T001084,ELE-LIGHT-INSTALL,Light fixture L02 6-0,L02,L02-Z2,electrical,mep_finish,1.0,ea,96,97,,,T001102;T001194
0OwBAoMa9DLZEI$JQ2brGy,T001085,STR-BEAM-POUR,Edge beam L02 7-0x,L02,L02-Z2,concrete,superstructure,1.44,m3,72,73,,,T001105
0SoN9xzepmL6lsOYDD9kg3,T001086,ARC-CURTAIN-INSTALL,Curtain wall L02 S-5,L02,L02-Z2,envelope,envelope,22.8,m2,84,85,,,T001094;T001142
0TRIKhvGhbkt5nUQ9J$C1I,T001087,ARC-CURTAIN-INSTALL,Curtain wall L02 S-6,L02,L02-Z2,envelope,envelope,22.8,m2,84,85,,,T001136;T001142
0mA7gitrFT1m6d5eJfSJ6o,T001088,STR-COL-POUR,Column C-6-1 L02,L02,L02-Z2,concrete,superstructure,0.95,m3,68,69,,,T000696;T001142
1FFBGmNENWbx9wZsfWK9Z7,T001089,GEN-ICRA-SETUP,Slab L02 S-4-0,L02,L02-Z2,icra,mobilise,1.0,ea,4,5,,,
1FFBGmNENWbx9wZsfWK9Z7,T001090,GEN-HEPA-CLEAN,Slab L02 S-4-0,L02,L02-Z2,icra,icra_closeout,144.0,m2,160,161,,,T001078;T001089;T001097;T001102;T001121;T001122;T001131
1FFBGmNENWbx9wZsfWK9Z7,T001091,GEN-ICRA-CLOSEOUT,Slab L02 S-4-0,L02,L02-Z2,icra,icra_closeout,1.0,ea,166,167,,,T001089;T001090;T001097;T001099;T001131;T001132
1FFBGmNENWbx9wZsfWK9Z7,T001092,STR-SLAB-FORM,Slab L02 S-4-0,L02,L02-Z2,concrete,superstructure,144.0,m2,42,47,,,T000629;T000648;T000660;T000669;T000675;T000682;T000690
1FFBGmNENWbx9wZsfWK9Z7,T001093,STR-SLAB-REBAR,Slab L02 S-4-0,L02,L02-Z2,concrete,superstructure,3.96,t,52,54,,,T001092
1FFBGmNENWbx9wZsfWK9Z7,T001094,STR-SLAB-POUR,Slab L02 S-4-0,L02,L02-Z2,concrete,superstructure,36.0,m3,60,63,,,T000629;T000648;T000660;T000669;T000682;T000690;T001093
1FFBGmNENWbx9wZsfWK9Z7,T001095,STR-SLAB-STRIKE,Slab L02 S-4-0,L02,L02-Z2,concrete,superstructure,144.0,m2,72,74,,,T001094
,T001096,GEN-PERMIT-WORK,Permit to work · L02 zone 2,L02,L02-Z2,commissioning,mobilise,1.0,ea,0,1,,,
,T001097,GEN-ICRA-SETUP,Erect ICRA barrier and negative air · L02 zone 2,L02,L02-Z2,icra,mobilise,1.0,ea,4,5,,,T001096
,T001098,GEN-PRECOMM-CHECK,Pre-commissioning checks · L02 zone 2,L02,L02-Z2,commissioning,mep_finish,1.0,ea,97,98,,,T001077;T001084;T001097;T001107;T001120
,T001099,GEN-HEPA-CLEAN,HEPA terminal clean · L02 zone 2,L02,L02-Z2,icra,icra_closeout,1.0,ea,160,161,,,T001078;T001089;T001097;T001098;T001102;T001121;T001122;T001131
,T001100,GEN-ICRA-CLOSEOUT,ICRA clearance and barrier removal · L02 zone 2,L02,L02-Z2,icra,icra_closeout,1.0,ea,166,167,,,T001089;T001090;T001097;T001099;T001131;T001132
1GjbUB2zdKw3wxHpNlx09n,T001101,STR-BEAM-POUR,Edge beam L02 4-0x,L02,L02-Z2,concrete,superstructure,1.44,m3,74,75,,,T001124
1JNRC2oyJYhP2$oKcZTO_$,T001102,ARC-CEILING-CLOSE,Ceiling L02 4-0,L02,L02-Z2,interiors,interiors,259.2,m2,92,96,,,T001080;T001081;T001089;T001097;T001111;T001112;T001114;T001115;T001126;T001127;T001131
1Ni3BIZijKU8C1ROaL0CRy,T001103,STR-BEAM-POUR,Edge beam L02 7-1z,L02,L02-Z2,concrete,superstructure,1.44,m3,74,75,,,T001128
1RmWkvvo04a2Hc0cSRe2ZJ,T001104,STR-COL-POUR,Column C-4-1 L02,L02,L02-Z2,concrete,superstructure,0.95,m3,68,69,,,T000675;T001142
1_TeiuO2mjHW5_ub_ONifx,T001105,STR-COL-POUR,Column C-7-0 L02,L02,L02-Z2,concrete,superstructure,0.95,m3,68,69,,,T000696;T001142
1wCQyndfK5FWzcPk6REUtf,T001106,STR-COL-POUR,Column C-5-0 L02,L02,L02-Z2,concrete,superstructure,0.95,m3,68,69,,,T000675;T001142
22BmRfv$jN7z0H2WLtK19$,T001107,ELE-LIGHT-INSTALL,Light fixture L02 4-0,L02,L02-Z2,electrical,mep_finish,1.0,ea,96,97,,,T001102;T001194
24bsYQAg7k6Enkx5kkM8QH,T001108,STR-BEAM-POUR,Edge beam L02 5-0x,L02,L02-Z2,concrete,superstructure,1.44,m3,75,76,,,T001106
2735Gki3hmCsijqi7VVUdA,T001109,ARC-ROOF-INSTALL,Roof R-6-0,L02,L02-Z2,envelope,envelope,144.0,m2,75,77,,,T001082;T001088;T001105;T001128;T001136;T001142
2A1C_V$StYD_mm5DCCFUkr,T001110,ARC-WALL-FRAME,Partition L02 Room wall 6-0,L02,L02-Z2,interiors,mep_roughin,22.8,m2,88,89,,,T001089;T001097;T001117;T001129;T001131;T001136
2A1C_V$StYD_mm5DCCFUkr,T001111,FIR-STOP-INSTALL,Partition L02 Room wall 6-0,L02,L02-Z2,interiors,mep_roughin,3.42,ea,89,90,,,T001089;T001097;T001110;T001131
2A1C_V$StYD_mm5DCCFUkr,T001112,ARC-WALL-BOARD,Partition L02 Room wall 6-0,L02,L02-Z2,interiors,interiors,22.8,m2,90,91,,,T001089;T001097;T001110;T001111;T001131
2GidvtANoOIS2PjJ6kTLlK,T001113,ARC-WALL-FRAME,Partition L02 Room wall 4-0,L02,L02-Z2,interiors,mep_roughin,22.8,m2,88,89,,,T001089;T001094;T001097;T001117;T001129;T001131
2GidvtANoOIS2PjJ6kTLlK,T001114,FIR-STOP-INSTALL,Partition L02 Room wall 4-0,L02,L02-Z2,interiors,mep_roughin,3.42,ea,89,90,,,T001089;T001097;T001113;T001131
2GidvtANoOIS2PjJ6kTLlK,T001115,ARC-WALL-BOARD,Partition L02 Room wall 4-0,L02,L02-Z2,interiors,interiors,22.8,m2,90,91,,,T001089;T001097;T001113;T001114;T001131
2UEzQSfjYsZ68liv_Fybvl,T001116,STR-BEAM-POUR,Edge beam L02 6-0x,L02,L02-Z2,concrete,superstructure,1.44,m3,75,76,,,T001082
2cLPirzyKtjn1P9Ife1JwI,T001117,ARC-EXTWALL-BUILD,External wall L02 E-0,L02,L02-Z2,envelope,envelope,22.8,m2,65,67,,,T001136
2gLtUoOo6sGnMpeKtTCGFo,T001118,ARC-WINDOW-INSTALL,Window L02 E-1,L02,L02-Z2,envelope,envelope,1.0,ea,84,85,,,T001129
2mKp9SnxBixxxDANDotPpg,T001119,ARC-CURTAIN-INSTALL,Curtain wall L02 S-7,L02,L02-Z2,envelope,envelope,22.8,m2,85,86,,,T001136;T001142
2n8eZy5keW9M8lBsY99hgs,T001120,MEP-DIFFUSER-SET,Air terminal L02 4-0,L02,L02-Z2,mechanical,mep_finish,1.0,ea,96,97,,,T001102;T001147;T001161;T001167;T001172;T001181;T001200;T001224;T001228;T001275;T001276;T001291;T001307;T001309;T001325;T001332;T001355
2n8eZy5keW9M8lBsY99hgs,T001121,CX-AIR-BALANCE,Air terminal L02 4-0,L02,L02-Z2,commissioning,commissioning,1.0,ea,103,104,,,T001120;T001138;T001147;T001161;T001167;T001172;T001181;T001200;T001224;T001228;T001275;T001276;T001291;T001307;T001309;T001325;T001332;T001355
2qxxfpxxvJInr3HemJpk1t,T001122,ARC-FLOOR-FINISH,Floor finish L02 4-0,L02,L02-Z2,finishes,interiors,259.2,m2,96,103,,,T001081;T001094;T001102;T001112;T001115;T001127;T001136
2qxxfpxxvJInr3HemJpk1t,T001123,GEN-HANDOVER-DOC,Floor finish L02 4-0,L02,L02-Z2,commissioning,handover,1.0,ea,170,171,,,T001078;T001091;T001100;T001121;T001122;T001133
2x4gAI7Yo9yNOWm1FVnuV4,T001124,STR-COL-POUR,Column C-4-0 L02,L02,L02-Z2,concrete,superstructure,0.95,m3,68,69,,,T000675;T001142
35iuw4pt3RN3gCbq3wWjij,T001125,ARC-WALL-FRAME,Partition L02 Room wall 6-1,L02,L02-Z2,interiors,mep_roughin,22.8,m2,88,89,,,T001089;T001097;T001117;T001129;T001131;T001136
35iuw4pt3RN3gCbq3wWjij,T001126,FIR-STOP-INSTALL,Partition L02 Room wall 6-1,L02,L02-Z2,interiors,mep_roughin,3.42,ea,89,90,,,T001089;T001097;T001125;T001131
35iuw4pt3RN3gCbq3wWjij,T001127,ARC-WALL-BOARD,Partition L02 Room wall 6-1,L02,L02-Z2,interiors,interiors,22.8,m2,90,91,,,T001089;T001097;T001125;T001126;T001131
3BStboIGhAy6pXAptGHzP_,T001128,STR-COL-POUR,Column C-7-1 L02,L02,L02-Z2,concrete,superstructure,0.95,m3,68,69,,,T000696;T001142
3Fixqo0lSaYXdrU0r413Jl,T001129,ARC-EXTWALL-BUILD,External wall L02 E-1,L02,L02-Z2,envelope,envelope,22.8,m2,65,67,,,T001136
3eEqX0vGvC4ROrLmRiQO1l,T001130,ARC-WINDOW-INSTALL,Window L02 E-0,L02,L02-Z2,envelope,envelope,1.0,ea,85,86,,,T001117
3ng7XXMu8_PoM_DItRDuXD,T001131,GEN-ICRA-SETUP,Slab L02 S-6-0,L02,L02-Z2,icra,mobilise,1.0,ea,5,6,,,
3ng7XXMu8_PoM_DItRDuXD,T001132,GEN-HEPA-CLEAN,Slab L02 S-6-0,L02,L02-Z2,icra,icra_closeout,144.0,m2,160,161,,,T001078;T001089;T001097;T001102;T001121;T001122;T001131
3ng7XXMu8_PoM_DItRDuXD,T001133,GEN-ICRA-CLOSEOUT,Slab L02 S-6-0,L02,L02-Z2,icra,icra_closeout,1.0,ea,166,167,,,T001089;T001090;T001097;T001099;T001131;T001132
3ng7XXMu8_PoM_DItRDuXD,T001134,STR-SLAB-FORM,Slab L02 S-6-0,L02,L02-Z2,concrete,superstructure,144.0,m2,42,47,,,T000640;T000647;T000655;T000668;T000688;T000689;T000696;T000698
3ng7XXMu8_PoM_DItRDuXD,T001135,STR-SLAB-REBAR,Slab L02 S-6-0,L02,L02-Z2,concrete,superstructure,3.96,t,54,56,,,T001134
3ng7XXMu8_PoM_DItRDuXD,T001136,STR-SLAB-POUR,Slab L02 S-6-0,L02,L02-Z2,concrete,superstructure,36.0,m3,60,63,,,T000640;T000647;T000655;T000668;T000688;T000689;T000698;T001135
3ng7XXMu8_PoM_DItRDuXD,T001137,STR-SLAB-STRIKE,Slab L02 S-6-0,L02,L02-Z2,concrete,superstructure,144.0,m2,72,74,,,T001136
3pfqOOx0EZ75jJu83lf543,T001138,MEP-AHU-SET,Air handling unit AHU-3,L02,L02-Z2,mechanical,mep_roughin,1.0,ea,86,87,,,T000640;T000696;T001094;T001136;T001142;T001144
3pfqOOx0EZ75jJu83lf543,T001139,GEN-HANDOVER-DOC,Air handling unit AHU-3,L02,L02-Z2,commissioning,handover,1.0,ea,170,171,,,T001078;T001091;T001100;T001121;T001133;T001138
,T001140,GEN-PERMIT-WORK,Permit to work · Air handling unit AHU-3,L02,L02-Z2,commissioning,mobilise,1.0,ea,0,1,,,
,T001141,GEN-SURVEY-SETOUT,Survey set-out of the work area · Air handling unit AHU-3,L02,L02-Z2,concrete,mobilise,1.0,ea,1,2,,,T001140
,T001142,GEN-LIFT-PLAN,Prepare and approve lift plan · Air handling unit AHU-3,L02,L02-Z2,mechanical,mobilise,1.0,ea,2,3,,,T001141
,T001143,GEN-CRANE-MOBILISE,"Mobilise, assemble and load-test crane · Air handling unit AHU-3",L02,L02-Z2,mechanical,mobilise,1.0,ea,3,4,,,T001142
,T001144,GEN-ANCHOR-SURVEY,Anchor bolt and grout survey · Air handling unit AHU-3,L02,L02-Z2,concrete,superstructure,1.0,ea,75,76,,,T001094;T001136;T001143
,T001145,GEN-PRECOMM-CHECK,Pre-commissioning checks · Air handling unit AHU-3,L02,L02-Z2,commissioning,mep_finish,1.0,ea,97,98,,,T001077;T001084;T001107;T001120;T001138
,T001146,GEN-VENDOR-REP,Vendor representative attendance (time driven) · Air handling unit AHU-3,L02,L02-Z2,medical,medical_equipment,1.0,ea,152,157,,,T001122;T001145
01AbOlnBa7UbeVA6zZrHOe,T001147,MEP-DUCT-INSTALL,Supply duct L02 4,L02,L02-Z3,mechanical,mep_roughin,6.0,m,91,92,,,T001178;T001186;T001191
02qVjeSyP4nYsNxuAEjHmS,T001148,MEP-DIFFUSER-SET,Air terminal L02 2-2,L02,L02-Z3,mechanical,mep_finish,1.0,ea,110,111,,,T001147;T001161;T001167;T001172;T001181;T001200;T001224;T001228;T001230;T001232;T001275;T001276;T001291;T001307;T001309;T001325;T001332;T001355
02qVjeSyP4nYsNxuAEjHmS,T001149,CX-AIR-BALANCE,Air terminal L02 2-2,L02,L02-Z3,commissioning,commissioning,1.0,ea,139,140,,,T001138;T001147;T001148;T001161;T001167;T001172;T001181;T001200;T001224;T001228;T001275;T001276;T001291;T001307;T001309;T001325;T001332;T001355
07vVVWNVTwM5YZBO8Gc7QT,T001150,ARC-WALL-FRAME,Partition L02 Corridor N wall 2,L02,L02-Z3,interiors,mep_roughin,22.8,m2,86,87,,,T001164;T001171;T001201
07vVVWNVTwM5YZBO8Gc7QT,T001151,FIR-STOP-INSTALL,Partition L02 Corridor N wall 2,L02,L02-Z3,interiors,mep_roughin,3.42,ea,96,97,,,T001150;T001161;T001181;T001188;T001214;T001229;T001241
07vVVWNVTwM5YZBO8Gc7QT,T001152,ARC-WALL-BOARD,Partition L02 Corridor N wall 2,L02,L02-Z3,interiors,interiors,22.8,m2,101,102,,,T001150;T001151;T001188;T001229;T001240;T001241
099Wv2$J04nYJgo0_ztp8S,T001153,STR-SLAB-FORM,Slab L02 S-0-2,L02,L02-Z3,concrete,superstructure,144.0,m2,42,47,,,T000702;T000729;T000749;T000771;T000781;T000784;T000800
099Wv2$J04nYJgo0_ztp8S,T001154,STR-SLAB-REBAR,Slab L02 S-0-2,L02,L02-Z3,concrete,superstructure,3.96,t,54,56,,,T001153
099Wv2$J04nYJgo0_ztp8S,T001155,STR-SLAB-POUR,Slab L02 S-0-2,L02,L02-Z3,concrete,superstructure,36.0,m3,60,63,,,T000702;T000749;T000771;T000781;T000784;T000800;T001154
099Wv2$J04nYJgo0_ztp8S,T001156,STR-SLAB-STRIKE,Slab L02 S-0-2,L02,L02-Z3,concrete,superstructure,144.0,m2,72,74,,,T001155
0G2zidkHuhMc3FSGITdGQG,T001157,STR-BEAM-POUR,Edge beam L02 0-3z,L02,L02-Z3,concrete,superstructure,1.44,m3,75,76,,,T001245
0Rs5a89cCShMjiVlhI5kn9,T001158,PLB-PIPE-INSTALL,Cold water pipe L02 1,L02,L02-Z3,plumbing,mep_roughin,12.0,m,90,91,,,T001168;T001197
0bnTmCe_BNPw25Vdg_oK2i,T001159,STR-COL-POUR,Column C-3-2 L02,L02,L02-Z3,concrete,superstructure,0.95,m3,68,69,,,T000778
0dEhL2f4wsrY2y2emnfC_C,T001160,ARC-ROOF-INSTALL,Roof R-0-2,L02,L02-Z3,envelope,envelope,144.0,m2,76,78,,,T001155;T001190;T001234;T001235;T001245
0mWMYGQSvKUUDJE$3oKQM6,T001161,MEP-DUCT-INSTALL,Supply duct L02 3,L02,L02-Z3,mechanical,mep_roughin,6.0,m,91,92,,,T001150;T001186;T001208
0nzFjgcp7BkhAwbPM5nOcn,T001162,STR-SLAB-FORM,Slab L02 S-2-2,L02,L02-Z3,concrete,superstructure,144.0,m2,46,51,,,T000722;T000737;T000754;T000778;T000780
0nzFjgcp7BkhAwbPM5nOcn,T001163,STR-SLAB-REBAR,Slab L02 S-2-2,L02,L02-Z3,concrete,superstructure,3.96,t,54,56,,,T001162
0nzFjgcp7BkhAwbPM5nOcn,T001164,STR-SLAB-POUR,Slab L02 S-2-2,L02,L02-Z3,concrete,superstructure,36.0,m3,63,66,,,T000722;T000737;T000754;T000780;T001163
0nzFjgcp7BkhAwbPM5nOcn,T001165,STR-SLAB-STRIKE,Slab L02 S-2-2,L02,L02-Z3,concrete,superstructure,144.0,m2,73,75,,,T001164
0rXF3uz7bo5kpusFDIXELk,T001166,ARC-DOOR-INSTALL,Door L02 Corridor N wall 0,L02,L02-Z3,interiors,interiors,1.0,ea,109,110,,,T001197;T001199
15WgO4nTfIYTgTd14D8ouy,T001167,MEP-DUCT-INSTALL,Return duct L02 1,L02,L02-Z3,mechanical,mep_roughin,6.0,m,91,92,,,T001160;T001168;T001197
1Aq2fVLyBl2nOKwlUMyPfG,T001168,ARC-WALL-FRAME,Partition L02 Corridor S wall 0,L02,L02-Z3,interiors,mep_roughin,22.8,m2,86,87,,,T001155;T001171;T001201
1Aq2fVLyBl2nOKwlUMyPfG,T001169,FIR-STOP-INSTALL,Partition L02 Corridor S wall 0,L02,L02-Z3,interiors,mep_roughin,3.42,ea,96,97,,,T001158;T001167;T001168;T001211;T001222;T001226;T001227;T001228;T001236
1Aq2fVLyBl2nOKwlUMyPfG,T001170,ARC-WALL-BOARD,Partition L02 Corridor S wall 0,L02,L02-Z3,interiors,interiors,22.8,m2,101,102,,,T001158;T001168;T001169;T001212;T001215;T001222;T001227;T001237
1Bibx$tpOWMPZoDdLQ_tvs,T001171,ARC-EXTWALL-BUILD,External wall L02 W-3,L02,L02-Z3,envelope,envelope,22.8,m2,65,67,,,T001155
1FIwWnsJ7dezHzDZvHWmT4,T001172,MEP-DUCT-INSTALL,Return duct L02 2,L02,L02-Z3,mechanical,mep_roughin,6.0,m,92,93,,,T001160;T001183;T001242
1FPmiiJoM3N_ViGljRUILJ,T001173,MEP-FITTING-INSTALL,Fire damper L02 1,L02,L02-Z3,mechanical,mep_roughin,1.0,ea,93,94,,,T001161;T001181;T001188;T001229;T001241
1ISACpaDVSWNcgxYGfslI4,T001174,ARC-WALL-FRAME,Partition L02 Room wall 2-3,L02,L02-Z3,interiors,mep_roughin,22.8,m2,92,93,,,T001164;T001171;T001201
1ISACpaDVSWNcgxYGfslI4,T001175,FIR-STOP-INSTALL,Partition L02 Room wall 2-3,L02,L02-Z3,interiors,mep_roughin,3.42,ea,96,97,,,T001174
1ISACpaDVSWNcgxYGfslI4,T001176,ARC-WALL-BOARD,Partition L02 Room wall 2-3,L02,L02-Z3,interiors,interiors,22.8,m2,101,102,,,T001174;T001175
1Ia3SlkbdKdyubJGIbnWT3,T001177,ARC-DOOR-INSTALL,Door L02 Corridor S wall 1,L02,L02-Z3,interiors,interiors,1.0,ea,109,110,,,T001242;T001244
1JfKOoLKKfyrYTXyclIdgj,T001178,ARC-WALL-FRAME,Partition L02 Corridor N wall 3,L02,L02-Z3,interiors,mep_roughin,22.8,m2,86,87,,,T001164;T001171;T001201
1JfKOoLKKfyrYTXyclIdgj,T001179,FIR-STOP-INSTALL,Partition L02 Corridor N wall 3,L02,L02-Z3,interiors,mep_roughin,3.42,ea,96,97,,,T001147;T001178;T001202;T001219;T001224;T001239
1JfKOoLKKfyrYTXyclIdgj,T001180,ARC-WALL-BOARD,Partition L02 Corridor N wall 3,L02,L02-Z3,interiors,interiors,22.8,m2,101,102,,,T001178;T001179;T001203;T001220
1LIF5E1NTM028nxtmE53zn,T001181,MEP-DUCT-INSTALL,Return duct L02 3,L02,L02-Z3,mechanical,mep_roughin,6.0,m,91,92,,,T001150;T001186;T001208
1QXzI2m5WL7aPY6x18nYkD,T001182,STR-COL-POUR,Column C-2-2 L02,L02,L02-Z3,concrete,superstructure,0.95,m3,69,70,,,T000778
1cI1XkpzLiJelm_LzMzm18,T001183,ARC-WALL-FRAME,Partition L02 Corridor N wall 1,L02,L02-Z3,interiors,mep_roughin,22.8,m2,86,87,,,T001155;T001171;T001201
1cI1XkpzLiJelm_LzMzm18,T001184,FIR-STOP-INSTALL,Partition L02 Corridor N wall 1,L02,L02-Z3,interiors,mep_roughin,3.42,ea,96,97,,,T001172;T001183;T001200;T001248
1cI1XkpzLiJelm_LzMzm18,T001185,ARC-WALL-BOARD,Partition L02 Corridor N wall 1,L02,L02-Z3,interiors,interiors,22.8,m2,101,102,,,T001183;T001184
1h$hLcktP$9RaX6cpSBChY,T001186,ARC-ROOF-INSTALL,Roof R-2-2,L02,L02-Z3,envelope,envelope,144.0,m2,77,79,,,T001159;T001164;T001182;T001216;T001218
1mX6ZAI2DEwFDIaXNB9$kQ,T001187,ARC-WINDOW-INSTALL,Window L02 W-2,L02,L02-Z3,envelope,envelope,1.0,ea,85,86,,,T001201
1qiGWZyEqBIyPdAR94Xg5J,T001188,PLB-PIPE-INSTALL,Chilled water pipe L02 2,L02,L02-Z3,plumbing,mep_roughin,12.0,m,90,91,,,T001150;T001208
1rxoddt$pcvvdBrPnis4Wg,T001189,ELE-LIGHT-INSTALL,Light fixture L02 0-2,L02,L02-Z3,electrical,mep_finish,1.0,ea,110,111,,,T001194;T001214;T001215;T001226;T001230;T001232;T001239;T001248
1u5TPlJAE6VIa1hEdvy2gQ,T001190,STR-COL-POUR,Column C-1-2 L02,L02,L02-Z3,concrete,superstructure,0.95,m3,69,70,,,T000729
1w0WqY$MgzacXVhZduEN_0,T001191,ARC-WALL-FRAME,Partition L02 Corridor S wall 3,L02,L02-Z3,interiors,mep_roughin,22.8,m2,86,87,,,T001164;T001171;T001201
1w0WqY$MgzacXVhZduEN_0,T001192,FIR-STOP-INSTALL,Partition L02 Corridor S wall 3,L02,L02-Z3,interiors,mep_roughin,3.42,ea,96,97,,,T001147;T001191;T001202;T001219;T001224;T001239
1w0WqY$MgzacXVhZduEN_0,T001193,ARC-WALL-BOARD,Partition L02 Corridor S wall 3,L02,L02-Z3,interiors,interiors,22.8,m2,101,102,,,T001191;T001192;T001203;T001220
1zMG8dNexOFs3cTFRoB$L4,T001194,ELE-PANEL-INSTALL,Distribution board DB-3,L02,L02-Z3,electrical,mep_roughin,1.0,ea,88,89,,,T001155;T001168;T001197
1zMG8dNexOFs3cTFRoB$L4,T001195,CX-POWER-ENERGISE,Distribution board DB-3,L02,L02-Z3,commissioning,commissioning,1.0,ea,139,140,,,T001194;T001214;T001215;T001226;T001239;T001240;T001248;T001274;T001284;T001304;T001308;T001310;T001329
1zxC6e9PzEuAyPCR_c1tEu,T001196,ARC-DOOR-INSTALL,Door L02 Corridor N wall 2,L02,L02-Z3,interiors,interiors,1.0,ea,110,111,,,T001150;T001152
283QxwVuUMxEgKVx804qyn,T001197,ARC-WALL-FRAME,Partition L02 Corridor N wall 0,L02,L02-Z3,interiors,mep_roughin,22.8,m2,86,87,,,T001155;T001171;T001201
283QxwVuUMxEgKVx804qyn,T001198,FIR-STOP-INSTALL,Partition L02 Corridor N wall 0,L02,L02-Z3,interiors,mep_roughin,3.42,ea,96,97,,,T001158;T001167;T001197;T001211;T001222;T001226;T001227;T001228;T001236
283QxwVuUMxEgKVx804qyn,T001199,ARC-WALL-BOARD,Partition L02 Corridor N wall 0,L02,L02-Z3,interiors,interiors,22.8,m2,102,103,,,T001158;T001197;T001198;T001212;T001215;T001222;T001227;T001237
28siMZWWkXXs6Qk8yRvD1f,T001200,MEP-DUCT-INSTALL,Supply duct L02 2,L02,L02-Z3,mechanical,mep_roughin,6.0,m,92,93,,,T001160;T001183;T001242
2KfQBB3t1J3Am3GwjNUScO,T001201,ARC-EXTWALL-BUILD,External wall L02 W-2,L02,L02-Z3,envelope,envelope,22.8,m2,65,67,,,T001155
2Lo5TUrM1IwljN9Wxx3G0u,T001202,MED-GAS-PIPE-INSTALL,Oxygen line L02 2,L02,L02-Z3,plumbing,mep_roughin,18.0,m,90,91,,,T000204;T001178;T001191;T001231
2Lo5TUrM1IwljN9Wxx3G0u,T001203,MED-GAS-TEST,Oxygen line L02 2,L02,L02-Z3,plumbing,mep_roughin,18.0,m,93,94,,,T001202
2Lo5TUrM1IwljN9Wxx3G0u,T001204,MED-GAS-CERT,Oxygen line L02 2,L02,L02-Z3,commissioning,commissioning,18.0,m,139,141,,,T000200;T000205;T000216;T000350;T000764;T000794;T000836;T001202;T001203;T001211;T001254
2NTFI5KF8j3i_mYawaz060,T001205,MEP-DIFFUSER-SET,Air terminal L02 0-2,L02,L02-Z3,mechanical,mep_finish,1.0,ea,110,111,,,T001147;T001161;T001167;T001172;T001181;T001200;T001224;T001228;T001230;T001232;T001275;T001276;T001291;T001307;T001309;T001325;T001332;T001355
2NTFI5KF8j3i_mYawaz060,T001206,CX-AIR-BALANCE,Air terminal L02 0-2,L02,L02-Z3,commissioning,commissioning,1.0,ea,139,140,,,T001138;T001147;T001161;T001167;T001172;T001181;T001200;T001205;T001224;T001228;T001275;T001276;T001291;T001307;T001309;T001325;T001332;T001355
2Q6lx1MliEKKxqQscUAebg,T001207,ELE-LIGHT-INSTALL,Light fixture L02 2-2,L02,L02-Z3,electrical,mep_finish,1.0,ea,110,111,,,T001194;T001214;T001226;T001230;T001232;T001239;T001240;T001248
2SdQSJZFPj$w1TPk4pCg8Y,T001208,ARC-WALL-FRAME,Partition L02 Corridor S wall 2,L02,L02-Z3,interiors,mep_roughin,22.8,m2,86,87,,,T001164;T001171;T001201
2SdQSJZFPj$w1TPk4pCg8Y,T001209,FIR-STOP-INSTALL,Partition L02 Corridor S wall 2,L02,L02-Z3,interiors,mep_roughin,3.42,ea,96,97,,,T001161;T001181;T001188;T001208;T001214;T001229;T001241
2SdQSJZFPj$w1TPk4pCg8Y,T001210,ARC-WALL-BOARD,Partition L02 Corridor S wall 2,L02,L02-Z3,interiors,interiors,22.8,m2,102,103,,,T001188;T001208;T001209;T001229;T001240;T001241
2V1JEBnouSH0agwgvfNBLs,T001211,MED-GAS-PIPE-INSTALL,Oxygen line L02 1,L02,L02-Z3,plumbing,mep_roughin,18.0,m,91,92,,,T000204;T001168;T001197;T001231
2V1JEBnouSH0agwgvfNBLs,T001212,MED-GAS-TEST,Oxygen line L02 1,L02,L02-Z3,plumbing,mep_roughin,18.0,m,94,95,,,T001211
2V1JEBnouSH0agwgvfNBLs,T001213,MED-GAS-CERT,Oxygen line L02 1,L02,L02-Z3,commissioning,commissioning,18.0,m,139,141,,,T000200;T000205;T000216;T000350;T000764;T000794;T000836;T001202;T001211;T001212;T001254
2VZ8noKJAPFr_17kplrow5,T001214,MEP-TRAY-INSTALL,Cable tray L02 3,L02,L02-Z3,electrical,mep_roughin,6.0,m,89,90,,,T001150;T001208
2al21gdBhNpIflmocvNEU1,T001215,ELE-CABLE-PULL,Power cable L02 1,L02,L02-Z3,electrical,mep_roughin,12.0,m,90,91,,,T001194;T001226
2dvaNFGP0W1w$$0$URywqu,T001216,STR-COL-POUR,Column C-3-3 L02,L02,L02-Z3,concrete,superstructure,0.95,m3,69,70,,,T000778
2eDnsPjl8vL4Wqbjo3ENfs,T001217,ARC-WINDOW-INSTALL,Window L02 W-3,L02,L02-Z3,envelope,envelope,1.0,ea,85,86,,,T001171
2fKFBEvkAnKmm5LgJKIM6r,T001218,STR-COL-POUR,Column C-2-3 L02,L02,L02-Z3,concrete,superstructure,0.95,m3,69,70,,,T000778
2gd6CHLzK06MRbGTHJ7WBZ,T001219,MED-GAS-PIPE-INSTALL,Medical air line L02 2,L02,L02-Z3,plumbing,mep_roughin,18.0,m,91,92,,,T000276;T001178;T001191;T001231
2gd6CHLzK06MRbGTHJ7WBZ,T001220,MED-GAS-TEST,Medical air line L02 2,L02,L02-Z3,plumbing,mep_roughin,18.0,m,94,95,,,T001219
2gd6CHLzK06MRbGTHJ7WBZ,T001221,MED-GAS-CERT,Medical air line L02 2,L02,L02-Z3,commissioning,commissioning,18.0,m,139,141,,,T000272;T000277;T000285;T000329;T000715;T000791;T000842;T001219;T001220;T001236;T001319
2jAkoKQN14gfD5$d3DTCAC,T001222,PLB-PIPE-INSTALL,Heating water pipe L02 1,L02,L02-Z3,plumbing,mep_roughin,12.0,m,91,92,,,T001168;T001197
2kCjI1Hal_qhKDRJSOErw9,T001223,STR-BEAM-POUR,Edge beam L02 0-2z,L02,L02-Z3,concrete,superstructure,1.44,m3,75,76,,,T001235
2qeC40P2wpN0lZgmu9g25t,T001224,MEP-DUCT-INSTALL,Return duct L02 4,L02,L02-Z3,mechanical,mep_roughin,6.0,m,91,92,,,T001178;T001186;T001191
2y$KM8tcCuhNODTRddeyDc,T001225,ARC-DOOR-INSTALL,Door L02 Corridor S wall 3,L02,L02-Z3,interiors,interiors,1.0,ea,110,111,,,T001191;T001193
3$jGDVlO5GBrg6qWoP07iT,T001226,MEP-TRAY-INSTALL,Cable tray L02 1,L02,L02-Z3,electrical,mep_roughin,6.0,m,89,90,,,T001168;T001197
36HP54x9te10zWBdfbTIxq,T001227,PLB-PIPE-INSTALL,Chilled water pipe L02 1,L02,L02-Z3,plumbing,mep_roughin,12.0,m,91,92,,,T001168;T001197
3AvuoQVbL_L3OmL9yj178n,T001228,MEP-DUCT-INSTALL,Supply duct L02 1,L02,L02-Z3,mechanical,mep_roughin,6.0,m,91,92,,,T001160;T001168;T001197
3C2Igbun6ML3plTeYAM0AH,T001229,PLB-PIPE-INSTALL,Heating water pipe L02 2,L02,L02-Z3,plumbing,mep_roughin,12.0,m,91,92,,,T001150;T001208
3FGahlGly82vlrVQfTeyZh,T001230,ARC-CEILING-CLOSE,Ceiling L02 0-2,L02,L02-Z3,interiors,interiors,259.2,m2,105,109,,,T001147;T001151;T001152;T001158;T001161;T001167;T001169;T001170;T001172;T001173;T001175;T001176;T001179;T001180;T001181;T001184;T001185;T001188;T001192;T001193;T001198;T001199;T001200;T001202;T001203;T001209;T001210;T001211;T001212;T001214;T001215;T001219;T001220;T001222;T001224;T001226;T001227;T001228;T001229;T001236;T001237;T001239;T001240;T001241;T001243;T001244;T001248
,T001231,GEN-PERMIT-HOT,Hot work permit and fire watch · L02 zone 3,L02,L02-Z3,commissioning,mobilise,1.0,ea,0,1,,,
,T001232,ARC-CEILING-CLOSE,Close ceiling · L02 zone 3,L02,L02-Z3,interiors,interiors,1.0,ea,109,110,,,T001147;T001151;T001152;T001158;T001161;T001167;T001169;T001170;T001172;T001173;T001175;T001176;T001179;T001180;T001181;T001184;T001185;T001188;T001192;T001193;T001198;T001199;T001200;T001202;T001203;T001209;T001210;T001211;T001212;T001214;T001215;T001219;T001220;T001222;T001224;T001226;T001227;T001228;T001229;T001231;T001236;T001237;T001239;T001240;T001241;T001243;T001244;T001248
,T001233,CX-PRESSURE-TEST,Room pressure differential test · L02 zone 3,L02,L02-Z3,commissioning,commissioning,1.0,ea,139,140,,,T001232;T001246
3Lsb6IxvBENHoqfv3MwPwB,T001234,STR-COL-POUR,Column C-1-3 L02,L02,L02-Z3,concrete,superstructure,0.95,m3,69,70,,,T000729
3PVV9YtfBEqskiOfi3dLiu,T001235,STR-COL-POUR,Column C-0-2 L02,L02,L02-Z3,concrete,superstructure,0.95,m3,69,70,,,T000729
3RlgAexyLCm56hUzR8mJzM,T001236,MED-GAS-PIPE-INSTALL,Medical air line L02 1,L02,L02-Z3,plumbing,mep_roughin,18.0,m,92,93,,,T000276;T001168;T001197;T001231
3RlgAexyLCm56hUzR8mJzM,T001237,MED-GAS-TEST,Medical air line L02 1,L02,L02-Z3,plumbing,mep_roughin,18.0,m,94,95,,,T001236
3RlgAexyLCm56hUzR8mJzM,T001238,MED-GAS-CERT,Medical air line L02 1,L02,L02-Z3,commissioning,commissioning,18.0,m,139,141,,,T000272;T000277;T000285;T000329;T000715;T000791;T000842;T001219;T001236;T001237;T001319
3ToJAokk7caWc4utoPdOSr,T001239,MEP-TRAY-INSTALL,Cable tray L02 4,L02,L02-Z3,electrical,mep_roughin,6.0,m,89,90,,,T001178;T001191
3ZHUlFYNnFa6XPVKrEcedR,T001240,ELE-CABLE-PULL,Power cable L02 2,L02,L02-Z3,electrical,mep_roughin,12.0,m,90,91,,,T001194;T001214
3_12os79nuzX5UzYGROadl,T001241,PLB-PIPE-INSTALL,Cold water pipe L02 2,L02,L02-Z3,plumbing,mep_roughin,12.0,m,92,93,,,T001150;T001208
3hIVzQXCg9w_VXhbugvXZ4,T001242,ARC-WALL-FRAME,Partition L02 Corridor S wall 1,L02,L02-Z3,interiors,mep_roughin,22.8,m2,87,88,,,T001155;T001171;T001201
3hIVzQXCg9w_VXhbugvXZ4,T001243,FIR-STOP-INSTALL,Partition L02 Corridor S wall 1,L02,L02-Z3,interiors,mep_roughin,3.42,ea,96,97,,,T001172;T001200;T001242;T001248
3hIVzQXCg9w_VXhbugvXZ4,T001244,ARC-WALL-BOARD,Partition L02 Corridor S wall 1,L02,L02-Z3,interiors,interiors,22.8,m2,102,103,,,T001242;T001243
3p5meo4Dvw5Vo5n6Obuoca,T001245,STR-COL-POUR,Column C-0-3 L02,L02,L02-Z3,concrete,superstructure,0.95,m3,69,70,,,T000729
3tK_7jD8fzbIU$Rr_1dKhd,T001246,ARC-FLOOR-FINISH,Floor finish L02 0-2,L02,L02-Z3,finishes,interiors,259.2,m2,132,139,,,T001152;T001155;T001164;T001170;T001176;T001180;T001185;T001193;T001199;T001210;T001230;T001232;T001244
3tK_7jD8fzbIU$Rr_1dKhd,T001247,GEN-HANDOVER-DOC,Floor finish L02 0-2,L02,L02-Z3,commissioning,handover,1.0,ea,170,171,,,T001149;T001204;T001206;T001213;T001221;T001238;T001246
3wwjoCSG92KBr9ycm5KRF3,T001248,MEP-TRAY-INSTALL,Cable tray L02 2,L02,L02-Z3,electrical,mep_roughin,6.0,m,90,91,,,T001183;T001242
00VZQ6NI7i4I4cgB6DrMKa,T001249,STR-COL-POUR,Column C-4-3 L02,L02,L02-Z4,concrete,superstructure,0.95,m3,69,70,,,T000900
00o_wmKgf1RKi19$RmeWGo,T001250,PLB-PIPE-INSTALL,Cold water pipe L02 3,L02,L02-Z4,plumbing,mep_roughin,12.0,m,92,93,,,T001326;T001352
07qHIzKVoKroOVi9SZHpFJ,T001251,ARC-WALL-FRAME,Partition L02 Room wall 4-3,L02,L02-Z4,interiors,mep_roughin,22.8,m2,92,93,,,T001262;T001267;T001270;T001277;T001303;T001334
07qHIzKVoKroOVi9SZHpFJ,T001252,FIR-STOP-INSTALL,Partition L02 Room wall 4-3,L02,L02-Z4,interiors,mep_roughin,3.42,ea,96,97,,,T001251;T001262;T001270;T001277;T001287
07qHIzKVoKroOVi9SZHpFJ,T001253,ARC-WALL-BOARD,Partition L02 Room wall 4-3,L02,L02-Z4,interiors,interiors,22.8,m2,102,103,,,T001251;T001252;T001262;T001270;T001277
0BiKS0NOtLCL8jF_0kCtDE,T001254,MED-GAS-PIPE-INSTALL,Oxygen line L02 3,L02,L02-Z4,plumbing,mep_roughin,18.0,m,92,93,,,T000204;T001300;T001311;T001343
0BiKS0NOtLCL8jF_0kCtDE,T001255,MED-GAS-TEST,Oxygen line L02 3,L02,L02-Z4,plumbing,mep_roughin,18.0,m,94,95,,,T001254
0BiKS0NOtLCL8jF_0kCtDE,T001256,MED-GAS-CERT,Oxygen line L02 3,L02,L02-Z4,commissioning,commissioning,18.0,m,139,141,,,T000200;T000205;T000216;T000350;T000764;T000794;T000836;T001202;T001211;T001254;T001255
0BzaseXjG$$$NTbO0F3xFQ,T001257,STR-COL-POUR,Column C-6-3 L02,L02,L02-Z4,concrete,superstructure,0.95,m3,69,70,,,T000869
0H8ekvRNfxTwkgPXW2HFqs,T001258,ARC-DOOR-INSTALL,Door L02 Corridor S wall 5,L02,L02-Z4,interiors,interiors,1.0,ea,110,111,,,T001259;T001261
0hZluaEyH9fqJJcPBuVfXb,T001259,ARC-WALL-FRAME,Partition L02 Corridor S wall 5,L02,L02-Z4,interiors,mep_roughin,22.8,m2,86,87,,,T001262;T001267;T001270;T001277;T001303;T001334
0hZluaEyH9fqJJcPBuVfXb,T001260,FIR-STOP-INSTALL,Partition L02 Corridor S wall 5,L02,L02-Z4,interiors,mep_roughin,3.42,ea,96,97,,,T001259;T001262;T001270;T001275;T001277;T001310;T001325
0hZluaEyH9fqJJcPBuVfXb,T001261,ARC-WALL-BOARD,Partition L02 Corridor S wall 5,L02,L02-Z4,interiors,interiors,22.8,m2,102,103,,,T001259;T001260;T001262;T001270;T001277
0j_AuOH4O3U_n8d$v24h7h,T001262,GEN-ICRA-SETUP,Slab L02 S-4-2,L02,L02-Z4,icra,mobilise,1.0,ea,5,6,,,
0j_AuOH4O3U_n8d$v24h7h,T001263,GEN-HEPA-CLEAN,Slab L02 S-4-2,L02,L02-Z4,icra,icra_closeout,144.0,m2,160,161,,,T001262;T001270;T001277;T001289;T001296;T001315;T001351
0j_AuOH4O3U_n8d$v24h7h,T001264,GEN-ICRA-CLOSEOUT,Slab L02 S-4-2,L02,L02-Z4,icra,icra_closeout,1.0,ea,167,168,,,T001262;T001263;T001270;T001272;T001277;T001278
0j_AuOH4O3U_n8d$v24h7h,T001265,STR-SLAB-FORM,Slab L02 S-4-2,L02,L02-Z4,concrete,superstructure,144.0,m2,46,51,,,T000803;T000852;T000853;T000876;T000900
0j_AuOH4O3U_n8d$v24h7h,T001266,STR-SLAB-REBAR,Slab L02 S-4-2,L02,L02-Z4,concrete,superstructure,3.96,t,56,58,,,T001265
0j_AuOH4O3U_n8d$v24h7h,T001267,STR-SLAB-POUR,Slab L02 S-4-2,L02,L02-Z4,concrete,superstructure,36.0,m3,63,66,,,T000803;T000852;T000853;T000876;T001266
0j_AuOH4O3U_n8d$v24h7h,T001268,STR-SLAB-STRIKE,Slab L02 S-4-2,L02,L02-Z4,concrete,superstructure,144.0,m2,73,75,,,T001267
,T001269,GEN-PERMIT-WORK,Permit to work · L02 zone 4,L02,L02-Z4,commissioning,mobilise,1.0,ea,0,1,,,
,T001270,GEN-ICRA-SETUP,Erect ICRA barrier and negative air · L02 zone 4,L02,L02-Z4,icra,mobilise,1.0,ea,5,6,,,T001269
,T001271,GEN-PRECOMM-CHECK,Pre-commissioning checks · L02 zone 4,L02,L02-Z4,commissioning,mep_finish,1.0,ea,114,115,,,T001270;T001288;T001317;T001318;T001350
,T001272,GEN-HEPA-CLEAN,HEPA terminal clean · L02 zone 4,L02,L02-Z4,icra,icra_closeout,1.0,ea,160,161,,,T001262;T001270;T001271;T001277;T001289;T001296;T001315;T001351
,T001273,GEN-ICRA-CLOSEOUT,ICRA clearance and barrier removal · L02 zone 4,L02,L02-Z4,icra,icra_closeout,1.0,ea,167,168,,,T001262;T001263;T001270;T001272;T001277;T001278
0kUSVXP4U9Ak$p3lYlxnY$,T001274,MEP-TRAY-INSTALL,Cable tray L02 7,L02,L02-Z4,electrical,mep_roughin,6.0,m,90,91,,,T001300;T001311
0lH9xkgeFw_wbBH_bnN9CI,T001275,MEP-DUCT-INSTALL,Return duct L02 6,L02,L02-Z4,mechanical,mep_roughin,6.0,m,91,92,,,T001259;T001286;T001345
0lOtrPbImpKnw1TtFy_9k3,T001276,MEP-DUCT-INSTALL,Return duct L02 5,L02,L02-Z4,mechanical,mep_roughin,6.0,m,92,93,,,T001286;T001326;T001352
0pFRwJT94I_2y5VG1M6dCw,T001277,GEN-ICRA-SETUP,Slab L02 S-6-2,L02,L02-Z4,icra,mobilise,1.0,ea,5,6,,,
0pFRwJT94I_2y5VG1M6dCw,T001278,GEN-HEPA-CLEAN,Slab L02 S-6-2,L02,L02-Z4,icra,icra_closeout,144.0,m2,161,162,,,T001262;T001270;T001277;T001289;T001296;T001315;T001351
0pFRwJT94I_2y5VG1M6dCw,T001279,GEN-ICRA-CLOSEOUT,Slab L02 S-6-2,L02,L02-Z4,icra,icra_closeout,1.0,ea,167,168,,,T001262;T001263;T001270;T001272;T001277;T001278
0pFRwJT94I_2y5VG1M6dCw,T001280,STR-SLAB-FORM,Slab L02 S-6-2,L02,L02-Z4,concrete,superstructure,144.0,m2,47,52,,,T000808;T000811;T000820;T000824;T000830;T000855;T000869
0pFRwJT94I_2y5VG1M6dCw,T001281,STR-SLAB-REBAR,Slab L02 S-6-2,L02,L02-Z4,concrete,superstructure,3.96,t,56,58,,,T001280
0pFRwJT94I_2y5VG1M6dCw,T001282,STR-SLAB-POUR,Slab L02 S-6-2,L02,L02-Z4,concrete,superstructure,36.0,m3,63,66,,,T000808;T000811;T000820;T000824;T000830;T000855;T001281
0pFRwJT94I_2y5VG1M6dCw,T001283,STR-SLAB-STRIKE,Slab L02 S-6-2,L02,L02-Z4,concrete,superstructure,144.0,m2,74,76,,,T001282
0vqSwSD23F$jLIFAlvBZeK,T001284,ELE-CABLE-PULL,Power cable L02 3,L02,L02-Z4,electrical,mep_roughin,12.0,m,91,92,,,T001194;T001308
0wWN7NJSSdgC8145r5jV0q,T001285,PLB-PIPE-INSTALL,Cold water pipe L02 4,L02,L02-Z4,plumbing,mep_roughin,12.0,m,92,93,,,T001300;T001311
0ysQi9cctePrpWwN2N$RxY,T001286,ARC-ROOF-INSTALL,Roof R-4-2,L02,L02-Z4,envelope,envelope,144.0,m2,77,79,,,T001249;T001267;T001305;T001322;T001324
10PPbbcu2d$g1Yx2L1lmi9,T001287,FIR-SPRINK-INSTALL,Sprinkler main L02,L02,L02-Z4,plumbing,mep_roughin,12.0,ea,86,87,,,T001267;T001282
17MEz5zfciOaqlhyGG4V15,T001288,MEP-DIFFUSER-SET,Air terminal L02 6-2,L02,L02-Z4,mechanical,mep_finish,1.0,ea,113,114,,,T001147;T001161;T001167;T001172;T001181;T001200;T001224;T001228;T001275;T001276;T001291;T001296;T001307;T001309;T001325;T001332;T001355
17MEz5zfciOaqlhyGG4V15,T001289,CX-AIR-BALANCE,Air terminal L02 6-2,L02,L02-Z4,commissioning,commissioning,1.0,ea,139,140,,,T001138;T001147;T001161;T001167;T001172;T001181;T001200;T001224;T001228;T001275;T001276;T001288;T001291;T001307;T001309;T001325;T001332;T001355
1DZ9rteePP6$$5ZrFFvLfn,T001290,ARC-WINDOW-INSTALL,Window L02 E-3,L02,L02-Z4,envelope,envelope,1.0,ea,85,86,,,T001303
1HZyMKfZ07B_NKXvUBHr9n,T001291,MEP-DUCT-INSTALL,Supply duct L02 8,L02,L02-Z4,mechanical,mep_roughin,6.0,m,92,93,,,T001292;T001333;T001335
1JHy47QblrKrMMJNkEK3$Q,T001292,ARC-WALL-FRAME,Partition L02 Corridor N wall 7,L02,L02-Z4,interiors,mep_roughin,22.8,m2,87,88,,,T001262;T001270;T001277;T001282;T001303;T001334
1JHy47QblrKrMMJNkEK3$Q,T001293,FIR-STOP-INSTALL,Partition L02 Corridor N wall 7,L02,L02-Z4,interiors,mep_roughin,3.42,ea,96,97,,,T001262;T001270;T001277;T001291;T001292;T001307;T001329
1JHy47QblrKrMMJNkEK3$Q,T001294,ARC-WALL-BOARD,Partition L02 Corridor N wall 7,L02,L02-Z4,interiors,interiors,22.8,m2,102,103,,,T001262;T001270;T001277;T001292;T001293
1WcOcMeTmcpH6gg6vuZ6ok,T001295,PLB-PIPE-INSTALL,Chilled water pipe L02 4,L02,L02-Z4,plumbing,mep_roughin,12.0,m,93,94,,,T001300;T001311
1ZIk7yVS0fjzIYe_ePOFb7,T001296,ARC-CEILING-CLOSE,Ceiling L02 4-2,L02,L02-Z4,interiors,interiors,259.2,m2,109,113,,,T001250;T001252;T001253;T001254;T001255;T001260;T001261;T001262;T001270;T001274;T001275;T001276;T001277;T001284;T001285;T001287;T001291;T001293;T001294;T001295;T001298;T001299;T001301;T001302;T001304;T001307;T001308;T001309;T001310;T001312;T001313;T001319;T001320;T001323;T001325;T001327;T001328;T001329;T001332;T001336;T001337;T001338;T001339;T001340;T001346;T001347;T001353;T001354;T001355
1Zv6fwXKQfpiM$BgjTedCB,T001297,ARC-WALL-FRAME,Partition L02 Room wall 6-3,L02,L02-Z4,interiors,mep_roughin,22.8,m2,92,93,,,T001262;T001270;T001277;T001282;T001303;T001334
1Zv6fwXKQfpiM$BgjTedCB,T001298,FIR-STOP-INSTALL,Partition L02 Room wall 6-3,L02,L02-Z4,interiors,mep_roughin,3.42,ea,96,97,,,T001262;T001270;T001277;T001297
1Zv6fwXKQfpiM$BgjTedCB,T001299,ARC-WALL-BOARD,Partition L02 Room wall 6-3,L02,L02-Z4,interiors,interiors,22.8,m2,103,104,,,T001262;T001270;T001277;T001297;T001298
1fwPjJOIQdNC35Gi8feTQP,T001300,ARC-WALL-FRAME,Partition L02 Corridor S wall 6,L02,L02-Z4,interiors,mep_roughin,22.8,m2,87,88,,,T001262;T001270;T001277;T001282;T001303;T001334
1fwPjJOIQdNC35Gi8feTQP,T001301,FIR-STOP-INSTALL,Partition L02 Corridor S wall 6,L02,L02-Z4,interiors,mep_roughin,3.42,ea,96,97,,,T001254;T001262;T001270;T001274;T001277;T001285;T001295;T001300;T001309;T001319;T001332;T001338
1fwPjJOIQdNC35Gi8feTQP,T001302,ARC-WALL-BOARD,Partition L02 Corridor S wall 6,L02,L02-Z4,interiors,interiors,22.8,m2,103,104,,,T001255;T001262;T001270;T001277;T001285;T001295;T001300;T001301;T001304;T001320;T001338
1jV9RllIeF1e1gRxfT8naR,T001303,ARC-EXTWALL-BUILD,External wall L02 E-3,L02,L02-Z4,envelope,envelope,22.8,m2,68,70,,,T001282
1kZMtwXY$6E$OK3qhISuxv,T001304,ELE-CABLE-PULL,Power cable L02 4,L02,L02-Z4,electrical,mep_roughin,12.0,m,91,92,,,T001194;T001274
1wk4Bcflm8s8byHFZgqQQ7,T001305,STR-COL-POUR,Column C-5-3 L02,L02,L02-Z4,concrete,superstructure,0.95,m3,69,70,,,T000900
2$EnawduSqbsO8ylM1_Dou,T001306,STR-BEAM-POUR,Edge beam L02 7-3z,L02,L02-Z4,concrete,superstructure,1.44,m3,75,76,,,T001356
20z87i7BEl0MxDBeNsA5kT,T001307,MEP-DUCT-INSTALL,Return duct L02 8,L02,L02-Z4,mechanical,mep_roughin,6.0,m,92,93,,,T001292;T001333;T001335
21cmLwOGLnHtFBbIWRqHhf,T001308,MEP-TRAY-INSTALL,Cable tray L02 5,L02,L02-Z4,electrical,mep_roughin,6.0,m,90,91,,,T001326;T001352
2BpHtYMKIzg9v6XkYGDibl,T001309,MEP-DUCT-INSTALL,Supply duct L02 7,L02,L02-Z4,mechanical,mep_roughin,6.0,m,92,93,,,T001300;T001311;T001333
2JC5$CqIUdAmXSPhUHawNk,T001310,MEP-TRAY-INSTALL,Cable tray L02 6,L02,L02-Z4,electrical,mep_roughin,6.0,m,89,90,,,T001259;T001345
2KsYTRj3HuFm3uQm6vupPQ,T001311,ARC-WALL-FRAME,Partition L02 Corridor N wall 6,L02,L02-Z4,interiors,mep_roughin,22.8,m2,87,88,,,T001262;T001270;T001277;T001282;T001303;T001334
2KsYTRj3HuFm3uQm6vupPQ,T001312,FIR-STOP-INSTALL,Partition L02 Corridor N wall 6,L02,L02-Z4,interiors,mep_roughin,3.42,ea,96,97,,,T001254;T001262;T001270;T001274;T001277;T001285;T001295;T001309;T001311;T001319;T001332;T001338
2KsYTRj3HuFm3uQm6vupPQ,T001313,ARC-WALL-BOARD,Partition L02 Corridor N wall 6,L02,L02-Z4,interiors,interiors,22.8,m2,103,104,,,T001255;T001262;T001270;T001277;T001285;T001295;T001304;T001311;T001312;T001320;T001338
2NuDNjmsRTqEeFxEH$ka5A,T001314,STR-BEAM-POUR,Edge beam L02 7-2z,L02,L02-Z4,concrete,superstructure,1.44,m3,75,76,,,T001348
2OGfTUV_y2eCnIfA_xY8vn,T001315,ARC-FLOOR-FINISH,Floor finish L02 4-2,L02,L02-Z4,finishes,interiors,259.2,m2,132,139,,,T001253;T001261;T001267;T001282;T001294;T001296;T001299;T001302;T001313;T001328;T001337;T001347;T001354
2OGfTUV_y2eCnIfA_xY8vn,T001316,GEN-HANDOVER-DOC,Floor finish L02 4-2,L02,L02-Z4,commissioning,handover,1.0,ea,170,171,,,T001256;T001264;T001273;T001279;T001289;T001315;T001321;T001351
2SYqX2LIS6grGzRYCVKD1v,T001317,ELE-LIGHT-INSTALL,Light fixture L02 4-2,L02,L02-Z4,electrical,mep_finish,1.0,ea,113,114,,,T001194;T001274;T001284;T001296;T001308;T001310;T001329
2Ztcm8IS63IjDHEQxgojoO,T001318,ELE-LIGHT-INSTALL,Light fixture L02 6-2,L02,L02-Z4,electrical,mep_finish,1.0,ea,113,114,,,T001194;T001274;T001296;T001304;T001308;T001310;T001329
2_ZRGE8rkP1G1G4Q6ZJSGG,T001319,MED-GAS-PIPE-INSTALL,Medical air line L02 3,L02,L02-Z4,plumbing,mep_roughin,18.0,m,93,94,,,T000276;T001300;T001311;T001343
2_ZRGE8rkP1G1G4Q6ZJSGG,T001320,MED-GAS-TEST,Medical air line L02 3,L02,L02-Z4,plumbing,mep_roughin,18.0,m,94,95,,,T001319
2_ZRGE8rkP1G1G4Q6ZJSGG,T001321,MED-GAS-CERT,Medical air line L02 3,L02,L02-Z4,commissioning,commissioning,18.0,m,139,141,,,T000272;T000277;T000285;T000329;T000715;T000791;T000842;T001219;T001236;T001319;T001320
2gvGQHPHdHtIKe8FNeI3eq,T001322,STR-COL-POUR,Column C-5-2 L02,L02,L02-Z4,concrete,superstructure,0.95,m3,69,70,,,T000900
2j71Kr6AeEhRNiXuh4ua5$,T001323,PLB-PIPE-INSTALL,Heating water pipe L02 3,L02,L02-Z4,plumbing,mep_roughin,12.0,m,93,94,,,T001326;T001352
2jcUZ7Wn3ZSJhoHBmTrUJs,T001324,STR-COL-POUR,Column C-4-2 L02,L02,L02-Z4,concrete,superstructure,0.95,m3,69,70,,,T000900
2sNkw9wm2UG2BGtjwNm1cA,T001325,MEP-DUCT-INSTALL,Supply duct L02 6,L02,L02-Z4,mechanical,mep_roughin,6.0,m,91,92,,,T001259;T001286;T001345
2vdsor0p7qjHwZ2PQWbl3f,T001326,ARC-WALL-FRAME,Partition L02 Corridor S wall 4,L02,L02-Z4,interiors,mep_roughin,22.8,m2,87,88,,,T001262;T001267;T001270;T001277;T001303;T001334
2vdsor0p7qjHwZ2PQWbl3f,T001327,FIR-STOP-INSTALL,Partition L02 Corridor S wall 4,L02,L02-Z4,interiors,mep_roughin,3.42,ea,96,97,,,T001250;T001262;T001270;T001276;T001277;T001308;T001323;T001326;T001339;T001355
2vdsor0p7qjHwZ2PQWbl3f,T001328,ARC-WALL-BOARD,Partition L02 Corridor S wall 4,L02,L02-Z4,interiors,interiors,22.8,m2,103,104,,,T001250;T001262;T001270;T001277;T001284;T001323;T001326;T001327;T001339
2wpYgPkUtlyYonm8tQZGAM,T001329,MEP-TRAY-INSTALL,Cable tray L02 8,L02,L02-Z4,electrical,mep_roughin,6.0,m,90,91,,,T001292;T001335
2xvJg9Nhwt2pb0n21SfsJX,T001330,ARC-DOOR-INSTALL,Door L02 Corridor N wall 5,L02,L02-Z4,interiors,interiors,1.0,ea,110,111,,,T001345;T001347
30KWFO32JRkER3fHSAGYZz,T001331,ARC-WINDOW-INSTALL,Window L02 E-2,L02,L02-Z4,envelope,envelope,1.0,ea,85,86,,,T001334
35etG0IGk$0268pShqZ6wL,T001332,MEP-DUCT-INSTALL,Return duct L02 7,L02,L02-Z4,mechanical,mep_roughin,6.0,m,92,93,,,T001300;T001311;T001333
37PkxIUJctqe8QqYaKWUpU,T001333,ARC-ROOF-INSTALL,Roof R-6-2,L02,L02-Z4,envelope,envelope,144.0,m2,77,79,,,T001257;T001282;T001348;T001349;T001356
3C_2q9_9QrmevKNc1M4Fhi,T001334,ARC-EXTWALL-BUILD,External wall L02 E-2,L02,L02-Z4,envelope,envelope,22.8,m2,70,72,,,T001282
3FBMFKQF_jerOQBkzWEw20,T001335,ARC-WALL-FRAME,Partition L02 Corridor S wall 7,L02,L02-Z4,interiors,mep_roughin,22.8,m2,87,88,,,T001262;T001270;T001277;T001282;T001303;T001334
3FBMFKQF_jerOQBkzWEw20,T001336,FIR-STOP-INSTALL,Partition L02 Corridor S wall 7,L02,L02-Z4,interiors,mep_roughin,3.42,ea,96,97,,,T001262;T001270;T001277;T001291;T001307;T001329;T001335
3FBMFKQF_jerOQBkzWEw20,T001337,ARC-WALL-BOARD,Partition L02 Corridor S wall 7,L02,L02-Z4,interiors,interiors,22.8,m2,103,104,,,T001262;T001270;T001277;T001335;T001336
3OGx6jk3T861oaRc1QF0Zi,T001338,PLB-PIPE-INSTALL,Heating water pipe L02 4,L02,L02-Z4,plumbing,mep_roughin,12.0,m,93,94,,,T001300;T001311
3SN8xbRkuWUhJr7pYt4svO,T001339,PLB-PIPE-INSTALL,Chilled water pipe L02 3,L02,L02-Z4,plumbing,mep_roughin,12.0,m,93,94,,,T001326;T001352
3TOM0akySjSGTssBi4yoB6,T001340,MEP-FITTING-INSTALL,Fire damper L02 2,L02,L02-Z4,mechanical,mep_roughin,1.0,ea,92,93,,,T001275;T001325;T001343
,T001341,GEN-PERMIT-WORK,Permit to work · L02 zone 4,L02,L02-Z4,commissioning,mobilise,1.0,ea,0,1,,,
,T001342,GEN-UTIL-LOCATE,Locate and mark buried utilities · L02 zone 4,L02,L02-Z4,concrete,mobilise,1.0,ea,1,2,,,T001341
,T001343,GEN-PERMIT-HOT,Hot work permit and fire watch · L02 zone 4,L02,L02-Z4,commissioning,mobilise,1.0,ea,2,3,,,T001342
,T001344,GEN-HYDROTEST,System hydrotest or pressure test · L02 zone 4,L02,L02-Z4,plumbing,mep_roughin,1.0,ea,94,95,,,T001340
3_67l2t4f_ag89BEKBxO9t,T001345,ARC-WALL-FRAME,Partition L02 Corridor N wall 5,L02,L02-Z4,interiors,mep_roughin,22.8,m2,86,87,,,T001262;T001267;T001270;T001277;T001303;T001334
3_67l2t4f_ag89BEKBxO9t,T001346,FIR-STOP-INSTALL,Partition L02 Corridor N wall 5,L02,L02-Z4,interiors,mep_roughin,3.42,ea,96,97,,,T001262;T001270;T001275;T001277;T001310;T001325;T001345
3_67l2t4f_ag89BEKBxO9t,T001347,ARC-WALL-BOARD,Partition L02 Corridor N wall 5,L02,L02-Z4,interiors,interiors,22.8,m2,103,104,,,T001262;T001270;T001277;T001345;T001346
3_yHKOS4q1YqSPQ8Mu_fwV,T001348,STR-COL-POUR,Column C-7-2 L02,L02,L02-Z4,concrete,superstructure,0.95,m3,69,70,,,T000869
3cuZJODGN3YTTT3jAzHylN,T001349,STR-COL-POUR,Column C-6-2 L02,L02,L02-Z4,concrete,superstructure,0.95,m3,69,70,,,T000869
3iaqtVcgXbSdW9dFoVVXZv,T001350,MEP-DIFFUSER-SET,Air terminal L02 4-2,L02,L02-Z4,mechanical,mep_finish,1.0,ea,113,114,,,T001147;T001161;T001167;T001172;T001181;T001200;T001224;T001228;T001275;T001276;T001291;T001296;T001307;T001309;T001325;T001332;T001355
3iaqtVcgXbSdW9dFoVVXZv,T001351,CX-AIR-BALANCE,Air terminal L02 4-2,L02,L02-Z4,commissioning,commissioning,1.0,ea,139,140,,,T001138;T001147;T001161;T001167;T001172;T001181;T001200;T001224;T001228;T001275;T001276;T001291;T001307;T001309;T001325;T001332;T001350;T001355
3mfPRuZD9VKfzy5n_VZm7C,T001352,ARC-WALL-FRAME,Partition L02 Corridor N wall 4,L02,L02-Z4,interiors,mep_roughin,22.8,m2,87,88,,,T001262;T001267;T001270;T001277;T001303;T001334
3mfPRuZD9VKfzy5n_VZm7C,T001353,FIR-STOP-INSTALL,Partition L02 Corridor N wall 4,L02,L02-Z4,interiors,mep_roughin,3.42,ea,96,97,,,T001250;T001262;T001270;T001276;T001277;T001308;T001323;T001339;T001352;T001355
3mfPRuZD9VKfzy5n_VZm7C,T001354,ARC-WALL-BOARD,Partition L02 Corridor N wall 4,L02,L02-Z4,interiors,interiors,22.8,m2,104,105,,,T001250;T001262;T001270;T001277;T001284;T001323;T001339;T001352;T001353
3nsYB91olcBBSa0vfCpYy5,T001355,MEP-DUCT-INSTALL,Supply duct L02 5,L02,L02-Z4,mechanical,mep_roughin,6.0,m,92,93,,,T001286;T001326;T001352
3q5giR1PaW8dcf0Egho3MO,T001356,STR-COL-POUR,Column C-7-3 L02,L02,L02-Z4,concrete,superstructure,0.95,m3,69,70,,,T000869
3rpCjkd8tcTAny2Zf5IVM1,T001357,ARC-DOOR-INSTALL,Door L02 Corridor S wall 7,L02,L02-Z4,interiors,interiors,1.0,ea,110,111,,,T001335;T001337
02I_tHAHrwsNwsvnjSNs0$,T001358,STR-COL-POUR,Column C-3-5 L02,L02,L02-Z5,concrete,superstructure,0.95,m3,69,70,,,T000920
06mqdTShsz7s6cEYkZirVe,T001359,ARC-EXTWALL-BUILD,External wall L02 N-0,L02,L02-Z5,envelope,envelope,22.8,m2,71,73,,,T001376
0Aec8qkBoHUEFW$BUFegnU,T001360,ARC-ROOF-INSTALL,Roof R-2-4,L02,L02-Z5,envelope,envelope,144.0,m2,78,80,,,T001358;T001365;T001383;T001387;T001388
0DhAPHzuKdgzJV7YF25DbD,T001361,ARC-EXTWALL-BUILD,External wall L02 N-3,L02,L02-Z5,envelope,envelope,22.8,m2,71,73,,,T001383
0JO3Vdx_ts4PKYH3XZM5_2,T001362,ARC-ROOF-INSTALL,Roof R-0-4,L02,L02-Z5,envelope,envelope,144.0,m2,79,81,,,T001370;T001376;T001394;T001395;T001402
0JTk6KKZsohNvhKPPHJT1H,T001363,ELE-LIGHT-INSTALL,Light fixture L02 2-4,L02,L02-Z5,electrical,mep_finish,1.0,ea,114,115,,,T001194;T001389
0N506fRayZCtNW_kgcEC1G,T001364,ARC-WINDOW-INSTALL,Window L02 N-0,L02,L02-Z5,envelope,envelope,1.0,ea,85,86,,,T001359
0UtoempmtRMyHOnkrJaGH1,T001365,STR-COL-POUR,Column C-2-5 L02,L02,L02-Z5,concrete,superstructure,0.95,m3,69,70,,,T000920
0ZhhNWh_wChX8ks3GCTwEF,T001366,ARC-WALL-FRAME,Partition L02 Room wall 2-5,L02,L02-Z5,interiors,mep_roughin,22.8,m2,96,97,,,T001359;T001361;T001372;T001373;T001383;T001386;T001391
0ZhhNWh_wChX8ks3GCTwEF,T001367,FIR-STOP-INSTALL,Partition L02 Room wall 2-5,L02,L02-Z5,interiors,mep_roughin,3.42,ea,104,105,,,T001366
0ZhhNWh_wChX8ks3GCTwEF,T001368,ARC-WALL-BOARD,Partition L02 Room wall 2-5,L02,L02-Z5,interiors,interiors,22.8,m2,109,110,,,T001366;T001367
0e$6ocw$FlD3S61HDftSLB,T001369,ARC-WINDOW-INSTALL,Window L02 W-4,L02,L02-Z5,envelope,envelope,1.0,ea,85,86,,,T001372
0hmLnNEde4YqB$UlvcRcME,T001370,STR-COL-POUR,Column C-1-4 L02,L02,L02-Z5,concrete,superstructure,0.95,m3,69,70,,,T000936
0sE92zt5PD47yFW58c1CFQ,T001371,STR-BEAM-POUR,Edge beam L02 0-4z,L02,L02-Z5,concrete,superstructure,1.44,m3,75,76,,,T001394
12a20xaGp45h28yCrcZeip,T001372,ARC-EXTWALL-BUILD,External wall L02 W-4,L02,L02-Z5,envelope,envelope,22.8,m2,71,73,,,T001376
15GOrWikvFt8zr2LZGb57O,T001373,ARC-EXTWALL-BUILD,External wall L02 N-1,L02,L02-Z5,envelope,envelope,22.8,m2,71,73,,,T001376
18DE$S8PshpfFHfR5Mg8FZ,T001374,STR-SLAB-FORM,Slab L02 S-0-4,L02,L02-Z5,concrete,superstructure,144.0,m2,47,52,,,T000916;T000922;T000923;T000936;T000944;T000946;T000947;T000954
18DE$S8PshpfFHfR5Mg8FZ,T001375,STR-SLAB-REBAR,Slab L02 S-0-4,L02,L02-Z5,concrete,superstructure,3.96,t,56,58,,,T001374
18DE$S8PshpfFHfR5Mg8FZ,T001376,STR-SLAB-POUR,Slab L02 S-0-4,L02,L02-Z5,concrete,superstructure,36.0,m3,63,66,,,T000916;T000922;T000923;T000944;T000946;T000947;T000954;T001375
18DE$S8PshpfFHfR5Mg8FZ,T001377,STR-SLAB-STRIKE,Slab L02 S-0-4,L02,L02-Z5,concrete,superstructure,144.0,m2,74,76,,,T001376
1aVms1cXQIb33rAlxIvmKu,T001378,ARC-FLOOR-FINISH,Floor finish L02 0-4,L02,L02-Z5,finishes,interiors,259.2,m2,139,146,,,T001368;T001376;T001383;T001389;T001401
1aVms1cXQIb33rAlxIvmKu,T001379,GEN-HANDOVER-DOC,Floor finish L02 0-4,L02,L02-Z5,commissioning,handover,1.0,ea,170,171,,,T001378;T001393;T001407
1bNOqKH4VOdwbNXqQD2cTv,T001380,ELE-LIGHT-INSTALL,Light fixture L02 0-4,L02,L02-Z5,electrical,mep_finish,1.0,ea,114,115,,,T001194;T001389
1rLlLuV5HCmK2_A00MBary,T001381,STR-SLAB-FORM,Slab L02 S-2-4,L02,L02-Z5,concrete,superstructure,144.0,m2,47,52,,,T000908;T000913;T000915;T000917;T000920;T000932;T000953
1rLlLuV5HCmK2_A00MBary,T001382,STR-SLAB-REBAR,Slab L02 S-2-4,L02,L02-Z5,concrete,superstructure,3.96,t,56,58,,,T001381
1rLlLuV5HCmK2_A00MBary,T001383,STR-SLAB-POUR,Slab L02 S-2-4,L02,L02-Z5,concrete,superstructure,36.0,m3,63,66,,,T000908;T000913;T000915;T000917;T000932;T000953;T001382
1rLlLuV5HCmK2_A00MBary,T001384,STR-SLAB-STRIKE,Slab L02 S-2-4,L02,L02-Z5,concrete,superstructure,144.0,m2,74,76,,,T001383
1tlIzB$NwNMO_Na2dKMoO8,T001385,ARC-WINDOW-INSTALL,Window L02 N-2,L02,L02-Z5,envelope,envelope,1.0,ea,85,86,,,T001391
1xnO_DhQedwJDGSknvPpO8,T001386,ARC-EXTWALL-BUILD,External wall L02 W-5,L02,L02-Z5,envelope,envelope,22.8,m2,71,73,,,T001376
24PBu3zJOhzdfICGQ4wnE0,T001387,STR-COL-POUR,Column C-2-4 L02,L02,L02-Z5,concrete,superstructure,0.95,m3,69,70,,,T000920
25Bgx5Dd2dQfPOaZeuFYJK,T001388,STR-COL-POUR,Column C-3-4 L02,L02,L02-Z5,concrete,superstructure,0.95,m3,69,70,,,T000920
2DZwZPwaKGf2F6fzlIem3t,T001389,ARC-CEILING-CLOSE,Ceiling L02 0-4,L02,L02-Z5,interiors,interiors,259.2,m2,110,114,,,T001367;T001368;T001400;T001401
2NQ4eiIlvKcF3p$IweJ0gb,T001390,STR-BEAM-POUR,Edge beam L02 2-5x,L02,L02-Z5,concrete,superstructure,1.44,m3,75,76,,,T001365
2f71jSZMW2DmWQuSfYQoJv,T001391,ARC-EXTWALL-BUILD,External wall L02 N-2,L02,L02-Z5,envelope,envelope,22.8,m2,72,74,,,T001383
2hy0tAR8XkcOXfonSA9Sl6,T001392,MEP-DIFFUSER-SET,Air terminal L02 0-4,L02,L02-Z5,mechanical,mep_finish,1.0,ea,114,115,,,T001147;T001161;T001167;T001172;T001181;T001200;T001224;T001228;T001275;T001276;T001291;T001307;T001309;T001325;T001332;T001355;T001389
2hy0tAR8XkcOXfonSA9Sl6,T001393,CX-AIR-BALANCE,Air terminal L02 0-4,L02,L02-Z5,commissioning,commissioning,1.0,ea,146,147,,,T001138;T001147;T001161;T001167;T001172;T001181;T001200;T001224;T001228;T001275;T001276;T001291;T001307;T001309;T001325;T001332;T001355;T001392
2hzy4HzJwgxq7ce2Qgj8JZ,T001394,STR-COL-POUR,Column C-0-4 L02,L02,L02-Z5,concrete,superstructure,0.95,m3,69,70,,,T000936
2nvPQecctiB1pGb7l60jEa,T001395,STR-COL-POUR,Column C-1-5 L02,L02,L02-Z5,concrete,superstructure,0.95,m3,69,70,,,T000936
2ru2bO82Tgqhf_uwcGdLXT,T001396,STR-BEAM-POUR,Edge beam L02 0-5x,L02,L02-Z5,concrete,superstructure,1.44,m3,75,76,,,T001402
2sLdDIxDEU2wNY3yvjXFAj,T001397,ARC-WINDOW-INSTALL,Window L02 W-5,L02,L02-Z5,envelope,envelope,1.0,ea,85,86,,,T001386
3$9LunnpYQN0KR1wXcSbYF,T001398,ARC-WINDOW-INSTALL,Window L02 N-1,L02,L02-Z5,envelope,envelope,1.0,ea,85,86,,,T001373
36PN1I4UKof1zziOpvRwXu,T001399,ARC-WALL-FRAME,Partition L02 Room wall 2-4,L02,L02-Z5,interiors,mep_roughin,22.8,m2,96,97,,,T001359;T001361;T001372;T001373;T001383;T001386;T001391
36PN1I4UKof1zziOpvRwXu,T001400,FIR-STOP-INSTALL,Partition L02 Room wall 2-4,L02,L02-Z5,interiors,mep_roughin,3.42,ea,104,105,,,T001399
36PN1I4UKof1zziOpvRwXu,T001401,ARC-WALL-BOARD,Partition L02 Room wall 2-4,L02,L02-Z5,interiors,interiors,22.8,m2,109,110,,,T001399;T001400
3ExfCuMdp8Dmf$7BRH0IJv,T001402,STR-COL-POUR,Column C-0-5 L02,L02,L02-Z5,concrete,superstructure,0.95,m3,69,70,,,T000936
3I0S3TsnIjaSnE_LESDaj9,T001403,ARC-WINDOW-INSTALL,Window L02 N-3,L02,L02-Z5,envelope,envelope,1.0,ea,85,86,,,T001361
3bIuhEz5HEd3pSvjBf7OSZ,T001404,STR-BEAM-POUR,Edge beam L02 3-5x,L02,L02-Z5,concrete,superstructure,1.44,m3,75,76,,,T001358
3la6IjawLKaNMJKUE5eGuX,T001405,STR-BEAM-POUR,Edge beam L02 1-5x,L02,L02-Z5,concrete,superstructure,1.44,m3,75,76,,,T001395
3o34eIZm6JB_ua8xXO4cQe,T001406,MEP-DIFFUSER-SET,Air terminal L02 2-4,L02,L02-Z5,mechanical,mep_finish,1.0,ea,114,115,,,T001147;T001161;T001167;T001172;T001181;T001200;T001224;T001228;T001275;T001276;T001291;T001307;T001309;T001325;T001332;T001355;T001389
3o34eIZm6JB_ua8xXO4cQe,T001407,CX-AIR-BALANCE,Air terminal L02 2-4,L02,L02-Z5,commissioning,commissioning,1.0,ea,146,147,,,T001138;T001147;T001161;T001167;T001172;T001181;T001200;T001224;T001228;T001275;T001276;T001291;T001307;T001309;T001325;T001332;T001355;T001406
06VESE64YU8CZSpooCSY$Q,T001408,ARC-WINDOW-INSTALL,Window L02 E-5,L02,L02-Z6,envelope,envelope,1.0,ea,85,86,,,T001476
0FIopDL8kPhPpFTs$ZYpjy,T001409,STR-BEAM-POUR,Edge beam L02 7-4z,L02,L02-Z6,concrete,superstructure,1.44,m3,76,77,,,T001466
0HgpDRQ1T2SPWqxu8Fswk1,T001410,MEP-DIFFUSER-SET,Air terminal L02 4-4,L02,L02-Z6,mechanical,mep_finish,1.0,ea,113,114,,,T001147;T001161;T001167;T001172;T001181;T001200;T001224;T001228;T001275;T001276;T001291;T001307;T001309;T001325;T001332;T001355;T001417
0HgpDRQ1T2SPWqxu8Fswk1,T001411,CX-AIR-BALANCE,Air terminal L02 4-4,L02,L02-Z6,commissioning,commissioning,1.0,ea,147,148,,,T001138;T001147;T001161;T001167;T001172;T001181;T001200;T001224;T001228;T001275;T001276;T001291;T001307;T001309;T001325;T001332;T001355;T001410
0PBBpXIhjoHnDbAfSu5VJZ,T001412,ARC-WALL-FRAME,Partition L02 Room wall 6-5,L02,L02-Z6,interiors,mep_roughin,22.8,m2,92,93,,,T001424;T001429;T001431;T001439;T001444;T001445;T001449;T001468;T001473;T001476
0PBBpXIhjoHnDbAfSu5VJZ,T001413,FIR-STOP-INSTALL,Partition L02 Room wall 6-5,L02,L02-Z6,interiors,mep_roughin,3.42,ea,96,97,,,T001412;T001431;T001439;T001468
0PBBpXIhjoHnDbAfSu5VJZ,T001414,ARC-WALL-BOARD,Partition L02 Room wall 6-5,L02,L02-Z6,interiors,interiors,22.8,m2,104,105,,,T001412;T001413;T001431;T001439;T001468
0_5kapqGukelAqvX57V1JD,T001415,ARC-WINDOW-INSTALL,Window L02 N-7,L02,L02-Z6,envelope,envelope,1.0,ea,85,86,,,T001449
0arM_V3FZ$8kztXyFl2XK7,T001416,STR-BEAM-POUR,Edge beam L02 7-5x,L02,L02-Z6,concrete,superstructure,1.44,m3,76,77,,,T001430
0qh8$p7roJBQvKEXTU736S,T001417,ARC-CEILING-CLOSE,Ceiling L02 4-4,L02,L02-Z6,interiors,interiors,259.2,m2,109,113,,,T001413;T001414;T001421;T001422;T001431;T001439;T001447;T001448;T001468;T001478;T001479
0rApiAIH3lKJaE9fqR5Jee,T001418,MEP-CHILLER-SET,Boiler B-1,L02,L02-Z6,mechanical,mep_roughin,1.0,ea,86,88,,,T001473
0rApiAIH3lKJaE9fqR5Jee,T001419,GEN-HANDOVER-DOC,Boiler B-1,L02,L02-Z6,commissioning,handover,1.0,ea,170,171,,,T001411;T001418;T001433;T001442;T001453;T001470
0xsL_bSDBkU$tr7DZZWgrW,T001420,ARC-WALL-FRAME,Partition L02 Room wall 4-5,L02,L02-Z6,interiors,mep_roughin,22.8,m2,92,93,,,T001424;T001429;T001431;T001436;T001439;T001444;T001445;T001449;T001468;T001476
0xsL_bSDBkU$tr7DZZWgrW,T001421,FIR-STOP-INSTALL,Partition L02 Room wall 4-5,L02,L02-Z6,interiors,mep_roughin,3.42,ea,96,97,,,T001420;T001431;T001439;T001468
0xsL_bSDBkU$tr7DZZWgrW,T001422,ARC-WALL-BOARD,Partition L02 Room wall 4-5,L02,L02-Z6,interiors,interiors,22.8,m2,104,105,,,T001420;T001421;T001431;T001439;T001468
0ywygrjbbL4cX7yL6b3a_A,T001423,STR-COL-POUR,Column C-5-5 L02,L02,L02-Z6,concrete,superstructure,0.95,m3,69,70,,,T000997
0zK3IkIAV91rJNyHcyqhu1,T001424,ARC-EXTWALL-BUILD,External wall L02 N-5,L02,L02-Z6,envelope,envelope,22.8,m2,72,74,,,T001436
1$nWVSwNK2kbJIEmMmfXmO,T001425,PLB-FIXTURE-SET,Sanitary fixture L02 3,L02,L02-Z6,plumbing,mep_finish,1.0,ea,146,147,,,T001414;T001459
12AvBoO_e7koIslnl1aiid,T001426,STR-BEAM-POUR,Edge beam L02 4-5x,L02,L02-Z6,concrete,superstructure,1.44,m3,76,77,,,T001443
19ZWGZZW1EMJvlMXU_N4hA,T001427,STR-COL-POUR,Column C-6-5 L02,L02,L02-Z6,concrete,superstructure,0.95,m3,69,70,,,T001010
1IXkoNgfw_38yEizxLaiGD,T001428,STR-COL-POUR,Column C-6-4 L02,L02,L02-Z6,concrete,superstructure,0.95,m3,69,70,,,T001010
1IeInvz8EsZIBfGNnje$sz,T001429,ARC-EXTWALL-BUILD,External wall L02 N-4,L02,L02-Z6,envelope,envelope,22.8,m2,73,75,,,T001436
1J$qnUuLQi6XE6LxpycyTm,T001430,STR-COL-POUR,Column C-7-5 L02,L02,L02-Z6,concrete,superstructure,0.95,m3,70,71,,,T001010
1QIYvqUM4N$Bcir0UOFCkS,T001431,GEN-ICRA-SETUP,Slab L02 S-4-4,L02,L02-Z6,icra,mobilise,1.0,ea,6,7,,,
1QIYvqUM4N$Bcir0UOFCkS,T001432,GEN-HEPA-CLEAN,Slab L02 S-4-4,L02,L02-Z6,icra,icra_closeout,144.0,m2,161,162,,,T001411;T001417;T001431;T001439;T001453;T001459;T001468
1QIYvqUM4N$Bcir0UOFCkS,T001433,GEN-ICRA-CLOSEOUT,Slab L02 S-4-4,L02,L02-Z6,icra,icra_closeout,1.0,ea,167,168,,,T001431;T001432;T001439;T001441;T001468;T001469
1QIYvqUM4N$Bcir0UOFCkS,T001434,STR-SLAB-FORM,Slab L02 S-4-4,L02,L02-Z6,concrete,superstructure,144.0,m2,51,56,,,T000984;T000986;T000988;T000989;T000991;T000997;T001020
1QIYvqUM4N$Bcir0UOFCkS,T001435,STR-SLAB-REBAR,Slab L02 S-4-4,L02,L02-Z6,concrete,superstructure,3.96,t,56,58,,,T001434
1QIYvqUM4N$Bcir0UOFCkS,T001436,STR-SLAB-POUR,Slab L02 S-4-4,L02,L02-Z6,concrete,superstructure,36.0,m3,66,69,,,T000984;T000986;T000988;T000989;T000991;T001020;T001435
1QIYvqUM4N$Bcir0UOFCkS,T001437,STR-SLAB-STRIKE,Slab L02 S-4-4,L02,L02-Z6,concrete,superstructure,144.0,m2,76,78,,,T001436
,T001438,GEN-PERMIT-WORK,Permit to work · L02 zone 6,L02,L02-Z6,commissioning,mobilise,1.0,ea,0,1,,,
,T001439,GEN-ICRA-SETUP,Erect ICRA barrier and negative air · L02 zone 6,L02,L02-Z6,icra,mobilise,1.0,ea,6,7,,,T001438
,T001440,GEN-PRECOMM-CHECK,Pre-commissioning checks · L02 zone 6,L02,L02-Z6,commissioning,mep_finish,1.0,ea,114,115,,,T001410;T001439;T001452;T001463;T001481
,T001441,GEN-HEPA-CLEAN,HEPA terminal clean · L02 zone 6,L02,L02-Z6,icra,icra_closeout,1.0,ea,161,162,,,T001411;T001417;T001431;T001439;T001440;T001453;T001459;T001468
,T001442,GEN-ICRA-CLOSEOUT,ICRA clearance and barrier removal · L02 zone 6,L02,L02-Z6,icra,icra_closeout,1.0,ea,168,169,,,T001431;T001432;T001439;T001441;T001468;T001469
1Yqk44zlEzAIZxABVy9d6h,T001443,STR-COL-POUR,Column C-4-5 L02,L02,L02-Z6,concrete,superstructure,0.95,m3,70,71,,,T000997
1aKD8R1dOP4UYA5z56eBd1,T001444,ARC-EXTWALL-BUILD,External wall L02 N-6,L02,L02-Z6,envelope,envelope,22.8,m2,73,75,,,T001473
1l06X5E6c9XgmYLHwFGeIq,T001445,ARC-EXTWALL-BUILD,External wall L02 E-4,L02,L02-Z6,envelope,envelope,22.8,m2,73,75,,,T001473
1uIZf1FdDyTucFwJ9hY5mW,T001446,ARC-WALL-FRAME,Partition L02 Room wall 4-4,L02,L02-Z6,interiors,mep_roughin,22.8,m2,93,94,,,T001424;T001429;T001431;T001436;T001439;T001444;T001445;T001449;T001468;T001476
1uIZf1FdDyTucFwJ9hY5mW,T001447,FIR-STOP-INSTALL,Partition L02 Room wall 4-4,L02,L02-Z6,interiors,mep_roughin,3.42,ea,96,97,,,T001431;T001439;T001446;T001468
1uIZf1FdDyTucFwJ9hY5mW,T001448,ARC-WALL-BOARD,Partition L02 Room wall 4-4,L02,L02-Z6,interiors,interiors,22.8,m2,104,105,,,T001431;T001439;T001446;T001447;T001468
2B$CweLbK8ZkjB9MwXyWuH,T001449,ARC-EXTWALL-BUILD,External wall L02 N-7,L02,L02-Z6,envelope,envelope,22.8,m2,73,75,,,T001473
2E1DQieYIaVL9dhu6G3y6D,T001450,STR-COL-POUR,Column C-4-4 L02,L02,L02-Z6,concrete,superstructure,0.95,m3,70,71,,,T000997
2EJ74MK1oswXdTsKYBmGRp,T001451,ARC-WINDOW-INSTALL,Window L02 N-5,L02,L02-Z6,envelope,envelope,1.0,ea,85,86,,,T001424
2G5Gbw82BwKKGb6l7uqXxD,T001452,MEP-DIFFUSER-SET,Air terminal L02 6-4,L02,L02-Z6,mechanical,mep_finish,1.0,ea,113,114,,,T001147;T001161;T001167;T001172;T001181;T001200;T001224;T001228;T001275;T001276;T001291;T001307;T001309;T001325;T001332;T001355;T001417
2G5Gbw82BwKKGb6l7uqXxD,T001453,CX-AIR-BALANCE,Air terminal L02 6-4,L02,L02-Z6,commissioning,commissioning,1.0,ea,147,148,,,T001138;T001147;T001161;T001167;T001172;T001181;T001200;T001224;T001228;T001275;T001276;T001291;T001307;T001309;T001325;T001332;T001355;T001452
2Ov$WNosQKerTYNv$yeLKj,T001454,MEP-CHILLER-SET,Chiller CH-1,L02,L02-Z6,mechanical,mep_roughin,1.0,ea,86,88,,,T001473
2Ov$WNosQKerTYNv$yeLKj,T001455,GEN-HANDOVER-DOC,Chiller CH-1,L02,L02-Z6,commissioning,handover,1.0,ea,170,171,,,T001411;T001433;T001442;T001453;T001454;T001470
2aoOeojGCgqCJ3mz4bKJxA,T001456,ARC-WINDOW-INSTALL,Window L02 N-6,L02,L02-Z6,envelope,envelope,1.0,ea,85,86,,,T001444
2d246UWndkFUun1oWcBUcQ,T001457,ARC-ROOF-INSTALL,Roof R-6-4,L02,L02-Z6,envelope,envelope,144.0,m2,79,81,,,T001427;T001428;T001430;T001466;T001473
2noaWIV_VOv9NCGAB6Fw5U,T001458,PLB-FIXTURE-SET,Sanitary fixture L02 1,L02,L02-Z6,plumbing,mep_finish,1.0,ea,146,147,,,T001448;T001459
2oMf4af57G$88HJDKUBkjh,T001459,ARC-FLOOR-FINISH,Floor finish L02 4-4,L02,L02-Z6,finishes,interiors,259.2,m2,139,146,,,T001414;T001417;T001422;T001436;T001448;T001473;T001479
2oMf4af57G$88HJDKUBkjh,T001460,GEN-HANDOVER-DOC,Floor finish L02 4-4,L02,L02-Z6,commissioning,handover,1.0,ea,170,171,,,T001411;T001433;T001442;T001453;T001459;T001470
2r69w6_b4SJjDWjMeE$DMM,T001461,PLB-FIXTURE-SET,Sanitary fixture L02 2,L02,L02-Z6,plumbing,mep_finish,1.0,ea,146,147,,,T001459
2rMxHPNmb_5cc$xS30JXcy,T001462,STR-BEAM-POUR,Edge beam L02 6-5x,L02,L02-Z6,concrete,superstructure,1.44,m3,76,77,,,T001427
3$fXqDNX6nkTuJyIh8NJe5,T001463,ELE-LIGHT-INSTALL,Light fixture L02 6-4,L02,L02-Z6,electrical,mep_finish,1.0,ea,113,114,,,T001194;T001417
36BsoMvjdgPAxGBxCwdxyT,T001464,STR-COL-POUR,Column C-5-4 L02,L02,L02-Z6,concrete,superstructure,0.95,m3,70,71,,,T000997
3BRuruaKsrHBIQcyg8mB0q,T001465,STR-BEAM-POUR,Edge beam L02 5-5x,L02,L02-Z6,concrete,superstructure,1.44,m3,76,77,,,T001423
3Df9cxpqUVKzn8hQtthUM9,T001466,STR-COL-POUR,Column C-7-4 L02,L02,L02-Z6,concrete,superstructure,0.95,m3,70,71,,,T001010
3FUz_ZfzSBXbAjVQ99$7R1,T001467,ARC-WINDOW-INSTALL,Window L02 E-4,L02,L02-Z6,envelope,envelope,1.0,ea,85,86,,,T001445
3QZ6OEJy$MK56kaQtWgw5D,T001468,GEN-ICRA-SETUP,Slab L02 S-6-4,L02,L02-Z6,icra,mobilise,1.0,ea,6,7,,,
3QZ6OEJy$MK56kaQtWgw5D,T001469,GEN-HEPA-CLEAN,Slab L02 S-6-4,L02,L02-Z6,icra,icra_closeout,144.0,m2,161,162,,,T001411;T001417;T001431;T001439;T001453;T001459;T001468
3QZ6OEJy$MK56kaQtWgw5D,T001470,GEN-ICRA-CLOSEOUT,Slab L02 S-6-4,L02,L02-Z6,icra,icra_closeout,1.0,ea,168,169,,,T001431;T001432;T001439;T001441;T001468;T001469
3QZ6OEJy$MK56kaQtWgw5D,T001471,STR-SLAB-FORM,Slab L02 S-6-4,L02,L02-Z6,concrete,superstructure,144.0,m2,51,56,,,T000958;T000959;T000973;T000987;T000990;T001010;T001021;T001022
3QZ6OEJy$MK56kaQtWgw5D,T001472,STR-SLAB-REBAR,Slab L02 S-6-4,L02,L02-Z6,concrete,superstructure,3.96,t,58,60,,,T001471
3QZ6OEJy$MK56kaQtWgw5D,T001473,STR-SLAB-POUR,Slab L02 S-6-4,L02,L02-Z6,concrete,superstructure,36.0,m3,66,69,,,T000958;T000959;T000973;T000987;T000990;T001021;T001022;T001472
3QZ6OEJy$MK56kaQtWgw5D,T001474,STR-SLAB-STRIKE,Slab L02 S-6-4,L02,L02-Z6,concrete,superstructure,144.0,m2,76,78,,,T001473
3RIDMRZuqW7_lEesyVZIky,T001475,ARC-ROOF-INSTALL,Roof R-4-4,L02,L02-Z6,envelope,envelope,144.0,m2,79,81,,,T001423;T001436;T001443;T001450;T001464
3RJotg6uYlC6msObOpMZ$t,T001476,ARC-EXTWALL-BUILD,External wall L02 E-5,L02,L02-Z6,envelope,envelope,22.8,m2,73,75,,,T001473
3e$NmPX_ihukKLf2EOdbMo,T001477,ARC-WALL-FRAME,Partition L02 Room wall 6-4,L02,L02-Z6,interiors,mep_roughin,22.8,m2,93,94,,,T001424;T001429;T001431;T001439;T001444;T001445;T001449;T001468;T001473;T001476
3e$NmPX_ihukKLf2EOdbMo,T001478,FIR-STOP-INSTALL,Partition L02 Room wall 6-4,L02,L02-Z6,interiors,mep_roughin,3.42,ea,96,97,,,T001431;T001439;T001468;T001477
3e$NmPX_ihukKLf2EOdbMo,T001479,ARC-WALL-BOARD,Partition L02 Room wall 6-4,L02,L02-Z6,interiors,interiors,22.8,m2,104,105,,,T001431;T001439;T001468;T001477;T001478
3gHVnr$$TnArSBUk0Q2kyH,T001480,ARC-WINDOW-INSTALL,Window L02 N-4,L02,L02-Z6,envelope,envelope,1.0,ea,85,86,,,T001429
3sIzieV7MZlQ7AMTX_LU3R,T001481,ELE-LIGHT-INSTALL,Light fixture L02 4-4,L02,L02-Z6,electrical,mep_finish,1.0,ea,113,114,,,T001194;T001417
