element_guid,task_id,step_id,element_name,storey_id,zone_id,trade,phase,quantity,unit,planned_start_day,planned_finish_day,actual_start_day,actual_finish_day,predecessor_task_ids
0IaXNB9$kQoC_2q9_9Qrme,T000001,ARC-DOOR-INSTALL,Roller door S-3,L00,L00-Z1,insulation,insulation,1.0,ea,30,31,,,T000094
0LIS6grGzRYCVKD1vG7MEz,T000002,ELE-TRAY-INSTALL,Cable tray S-1,L00,L00-Z1,electrical,electrical_instrumentation,6.0,m,26,27,,,T000009;T000012;T000039;T000053
0P9Ife1JwI$eEqX0vGvC4R,T000003,ARC-CLAD-INSTALL,Cladding S-1,L00,L00-Z1,steel,steel,60.0,m2,23,24,,,T000012;T000014;T000059;T000083
0R8XkcOXfonSA9Sl6QbNOq,T000004,ELE-TRAY-INSTALL,Cable tray S-2,L00,L00-Z1,electrical,electrical_instrumentation,6.0,m,26,27,,,T000012;T000014;T000059;T000083
0ZVSHDBs43BRT3PrSvZ0Ks,T000005,CIV-EARTH-CUT,Pad footing F-0-0,L00,L00-Z1,civil,earthworks,17.34,m3,1,2,,,T000010;T000108
0ZVSHDBs43BRT3PrSvZ0Ks,T000006,STR-FOOT-REBAR,Pad footing F-0-0,L00,L00-Z1,concrete,foundations,0.578,t,3,4,,,T000005
0ZVSHDBs43BRT3PrSvZ0Ks,T000007,STR-FOOT-POUR,Pad footing F-0-0,L00,L00-Z1,concrete,foundations,5.78,m3,4,5,,,T000006
0cBoFHZtQehXvYVfhQwg2H,T000008,STR-STEEL-BEAM,Roof beam Z B-0-0,L00,L00-Z1,steel,steel,0.56,t,21,22,,,T000052
0cBoFHZtQehXvYVfhQwg2H,T000009,STR-STEEL-CONN,Roof beam Z B-0-0,L00,L00-Z1,steel,steel,0.56,t,22,23,,,T000008;T000038
0fn1bqnAVLmLHYcY$I8LtZ,T000010,GEN-SITE-PREP,Ground slab S-0-0,L00,L00-Z1,civil,mobilise,144.0,m2,0,1,,,
0fn1bqnAVLmLHYcY$I8LtZ,T000011,CIV-EARTH-FILL,Ground slab S-0-0,L00,L00-Z1,civil,earthworks,43.2,m3,2,3,,,T000005;T000010;T000019;T000025;T000035;T000040;T000079;T000085;T000088;T000104
0fn1bqnAVLmLHYcY$I8LtZ,T000012,STR-GSLAB-POUR,Ground slab S-0-0,L00,L00-Z1,concrete,foundations,43.2,m3,13,17,,,T000007;T000011;T000021;T000037;T000042
0y01Mq_oA93uFjmjnM1Fxl,T000013,STR-STEEL-BEAM,Roof beam Z B-1-0,L00,L00-Z1,steel,steel,0.76,t,21,22,,,T000082
0y01Mq_oA93uFjmjnM1Fxl,T000014,STR-STEEL-CONN,Roof beam Z B-1-0,L00,L00-Z1,steel,steel,0.76,t,22,23,,,T000013;T000058
11k0mIALNSifKBok1gvDXp,T000015,PRC-MOD-SET,Process module M-01,L00,L00-Z1,mechanical,equipment,1.0,ea,26,28,,,T000012;T000106;T000110
11k0mIALNSifKBok1gvDXp,T000016,PRC-MOD-CONNECT,Process module M-01,L00,L00-Z1,piping,piping,1.0,ea,28,30,,,T000015
11k0mIALNSifKBok1gvDXp,T000017,CX-PROCESS-STARTUP,Process module M-01,L00,L00-Z1,commissioning,commissioning,1.0,ea,143,145,,,T000016;T000142;T000143;T000152;T000153;T001274;T001275;T001291;T001292;T001627;T001628;T001640;T001641
11k0mIALNSifKBok1gvDXp,T000018,GEN-HANDOVER-DOC,Process module M-01,L00,L00-Z1,commissioning,handover,1.0,ea,175,176,,,T000017;T000608;T001240
14lItG5dk5jQVDjqJUKMq3,T000019,CIV-EARTH-CUT,Pad footing F-1-1,L00,L00-Z1,civil,earthworks,14.16,m3,1,2,,,T000010;T000108
14lItG5dk5jQVDjqJUKMq3,T000020,STR-FOOT-REBAR,Pad footing F-1-1,L00,L00-Z1,concrete,foundations,0.472,t,3,4,,,T000019
14lItG5dk5jQVDjqJUKMq3,T000021,STR-FOOT-POUR,Pad footing F-1-1,L00,L00-Z1,concrete,foundations,4.72,m3,4,5,,,T000020
17nryUycAo4IFvMLROG5sA,T000022,STR-STEEL-COL,Steel column C-2-1,L00,L00-Z1,steel,steel,1.58,t,20,21,,,T000090
17nryUycAo4IFvMLROG5sA,T000023,STR-STEEL-CONN,Steel column C-2-1,L00,L00-Z1,steel,steel,1.58,t,22,23,,,T000022;T000045;T000111
17nryUycAo4IFvMLROG5sA,T000024,INS-COATING-APPLY,Steel column C-2-1,L00,L00-Z1,insulation,insulation,34.76,m2,30,31,,,T000023
1CmZwkKljQY9LVKxmYSf7T,T000025,CIV-EARTH-CUT,Pad footing F-2-0,L00,L00-Z1,civil,earthworks,19.41,m3,1,2,,,T000010;T000108
1CmZwkKljQY9LVKxmYSf7T,T000026,STR-FOOT-REBAR,Pad footing F-2-0,L00,L00-Z1,concrete,foundations,0.647,t,3,4,,,T000025
1CmZwkKljQY9LVKxmYSf7T,T000027,STR-FOOT-POUR,Pad footing F-2-0,L00,L00-Z1,concrete,foundations,6.47,m3,4,5,,,T000026
1F17SGPplAX928PuGBgF5x,T000028,STR-STEEL-COL,Steel column C-3-0,L00,L00-Z1,steel,steel,1.22,t,20,21,,,T000087
1F17SGPplAX928PuGBgF5x,T000029,STR-STEEL-CONN,Steel column C-3-0,L00,L00-Z1,steel,steel,1.22,t,22,23,,,T000028;T000047;T000099
1F17SGPplAX928PuGBgF5x,T000030,INS-COATING-APPLY,Steel column C-3-0,L00,L00-Z1,insulation,insulation,26.84,m2,30,31,,,T000029
1KZsohNvhKPPHJT1H2HgpD,T000031,ELE-TRAY-INSTALL,Cable tray S-3,L00,L00-Z1,electrical,electrical_instrumentation,6.0,m,26,27,,,T000068;T000077;T000093;T000110
1OOmlesV5ObJfV6ZG_QAy8,T000032,STR-STEEL-BEAM,Roof beam Z B-0-1,L00,L00-Z1,steel,steel,0.56,t,21,22,,,T000096
1OOmlesV5ObJfV6ZG_QAy8,T000033,STR-STEEL-CONN,Roof beam Z B-0-1,L00,L00-Z1,steel,steel,0.56,t,22,23,,,T000032;T000043
1Re4m7ktyR6R2sYWMAI8Zp,T000034,ARC-CLAD-INSTALL,Cladding S-0,L00,L00-Z1,steel,steel,60.0,m2,23,24,,,T000009;T000012;T000039;T000053
1RhDBmCjiX5wFmAbkO85Tb,T000035,CIV-EARTH-CUT,Pad footing F-1-0,L00,L00-Z1,civil,earthworks,15.54,m3,1,2,,,T000010;T000108
1RhDBmCjiX5wFmAbkO85Tb,T000036,STR-FOOT-REBAR,Pad footing F-1-0,L00,L00-Z1,concrete,foundations,0.518,t,3,4,,,T000035
1RhDBmCjiX5wFmAbkO85Tb,T000037,STR-FOOT-POUR,Pad footing F-1-0,L00,L00-Z1,concrete,foundations,5.18,m3,5,6,,,T000036
1TbO0F3xFQrq5giR1PaW8d,T000038,STR-STEEL-BEAM,Roof beam X B-0-0,L00,L00-Z1,steel,steel,1.0,t,21,22,,,T000052
1TbO0F3xFQrq5giR1PaW8d,T000039,STR-STEEL-CONN,Roof beam X B-0-0,L00,L00-Z1,steel,steel,1.0,t,22,23,,,T000008;T000038
1YaQhQX_W6BsZ50gGXKus1,T000040,CIV-EARTH-CUT,Pad footing F-0-1,L00,L00-Z1,civil,earthworks,18.84,m3,1,2,,,T000010;T000108
1YaQhQX_W6BsZ50gGXKus1,T000041,STR-FOOT-REBAR,Pad footing F-0-1,L00,L00-Z1,concrete,foundations,0.628,t,3,4,,,T000040
1YaQhQX_W6BsZ50gGXKus1,T000042,STR-FOOT-POUR,Pad footing F-0-1,L00,L00-Z1,concrete,foundations,6.28,m3,5,6,,,T000041
1_tHAHrwsNwsvnjSNs0$UY,T000043,STR-STEEL-BEAM,Roof beam X B-0-1,L00,L00-Z1,steel,steel,1.09,t,21,22,,,T000096
1_tHAHrwsNwsvnjSNs0$UY,T000044,STR-STEEL-CONN,Roof beam X B-0-1,L00,L00-Z1,steel,steel,1.09,t,22,23,,,T000032;T000043
1lWAHAbujT5xhsvxtql$eY,T000045,STR-STEEL-BEAM,Roof beam Z B-2-1,L00,L00-Z1,steel,steel,0.86,t,21,22,,,T000022
1lWAHAbujT5xhsvxtql$eY,T000046,STR-STEEL-CONN,Roof beam Z B-2-1,L00,L00-Z1,steel,steel,0.86,t,22,23,,,T000045;T000111
1lvcRcMEl4PBu3zJOhzdfI,T000047,STR-STEEL-BEAM,Roof beam X B-3-0,L00,L00-Z1,steel,steel,1.0,t,21,22,,,T000028
1lvcRcMEl4PBu3zJOhzdfI,T000048,STR-STEEL-CONN,Roof beam X B-3-0,L00,L00-Z1,steel,steel,1.0,t,22,23,,,T000047;T000099
1lwAVdOGd6maMZHeqSOYPM,T000049,ARC-RAIL-INSTALL,Handrail ST-1-3,L00,L00-Z1,steel,steel,6.0,m,24,25,,,T000009;T000039;T000053;T000073
1qM0dZiFhxBxBEBNBNe2L1,T000050,ARC-RAIL-INSTALL,Handrail ST-1-2,L00,L00-Z1,steel,steel,6.0,m,24,25,,,T000009;T000039;T000053;T000073
1rLmRiQO1lk2cdF$wqqjjs,T000051,ARC-WINDOW-INSTALL,Clerestory window S-1,L00,L00-Z1,steel,steel,1.0,ea,24,25,,,T000003
1r_7IZB5TqlwACHo97tGUb,T000052,STR-STEEL-COL,Steel column C-0-0,L00,L00-Z1,steel,steel,1.04,t,20,21,,,T000007
1r_7IZB5TqlwACHo97tGUb,T000053,STR-STEEL-CONN,Steel column C-0-0,L00,L00-Z1,steel,steel,1.04,t,22,23,,,T000008;T000038;T000052
1r_7IZB5TqlwACHo97tGUb,T000054,INS-COATING-APPLY,Steel column C-0-0,L00,L00-Z1,insulation,insulation,22.88,m2,30,31,,,T000053
1uTX9jAbAZTCF9k4PgPgWc,T000055,STR-STEEL-BEAM,Roof beam Z B-3-1,L00,L00-Z1,steel,steel,0.65,t,21,22,,,T000101
1uTX9jAbAZTCF9k4PgPgWc,T000056,STR-STEEL-CONN,Roof beam Z B-3-1,L00,L00-Z1,steel,steel,0.65,t,22,23,,,T000055;T000074
1weEUuqkAj9kzTvrTGVqHX,T000057,ARC-ROOF-DECK,Roof sheeting R-0-0,L00,L00-Z1,steel,steel,144.0,m2,23,24,,,T000009;T000014;T000033;T000039;T000044;T000053;T000059;T000062;T000064;T000083;T000097;T000114
20Egho3MOghzy4HzJwgxq7,T000058,STR-STEEL-BEAM,Roof beam X B-1-0,L00,L00-Z1,steel,steel,0.88,t,21,22,,,T000082
20Egho3MOghzy4HzJwgxq7,T000059,STR-STEEL-CONN,Roof beam X B-1-0,L00,L00-Z1,steel,steel,0.88,t,22,23,,,T000013;T000058
21KjQin8MJjhwHZco8zmyN,T000060,ARC-CLAD-INSTALL,Cladding W-1,L00,L00-Z1,steel,steel,60.0,m2,24,25,,,T000012;T000033;T000044;T000097
244zlEzAIZxABVy9d6h1yw,T000061,STR-STEEL-BEAM,Roof beam X B-1-1,L00,L00-Z1,steel,steel,0.95,t,21,22,,,T000063
244zlEzAIZxABVy9d6h1yw,T000062,STR-STEEL-CONN,Roof beam X B-1-1,L00,L00-Z1,steel,steel,0.95,t,22,23,,,T000061;T000113
2BnNlmlNv5XuxXSY7JCAiq,T000063,STR-STEEL-COL,Steel column C-1-1,L00,L00-Z1,steel,steel,1.53,t,20,21,,,T000021
2BnNlmlNv5XuxXSY7JCAiq,T000064,STR-STEEL-CONN,Steel column C-1-1,L00,L00-Z1,steel,steel,1.53,t,22,23,,,T000061;T000063;T000113
2BnNlmlNv5XuxXSY7JCAiq,T000065,INS-COATING-APPLY,Steel column C-1-1,L00,L00-Z1,insulation,insulation,33.66,m2,30,31,,,T000064
2CZO2geLk1pr78OIYAMu5Z,T000066,ARC-RAIL-INSTALL,Handrail ST-1-1,L00,L00-Z1,steel,steel,6.0,m,24,25,,,T000009;T000039;T000053;T000073
2FBKc5RfIBVjo6cXM3pvVC,T000067,STR-STEEL-COL,Steel column C-2-0,L00,L00-Z1,steel,steel,1.12,t,20,21,,,T000027
2FBKc5RfIBVjo6cXM3pvVC,T000068,STR-STEEL-CONN,Steel column C-2-0,L00,L00-Z1,steel,steel,1.12,t,22,23,,,T000067;T000076;T000092
2FBKc5RfIBVjo6cXM3pvVC,T000069,INS-COATING-APPLY,Steel column C-2-0,L00,L00-Z1,insulation,insulation,24.64,m2,30,31,,,T000068
2SyP4nYsNxuAEjHmSfQ6lx,T000070,ELE-SWGR-SET,MCC-3,L00,L00-Z1,electrical,equipment,1.0,ea,26,27,,,T000012;T000034;T000057;T000115
2SyP4nYsNxuAEjHmSfQ6lx,T000071,CX-POWER-ENERGISE,MCC-3,L00,L00-Z1,commissioning,commissioning,1.0,ea,171,172,,,T000070;T000122;T000126;T000145;T000155;T000162;T000255;T000314;T000322;T000333;T000416;T000478;T000479;T000483;T000511;T001131
2SyP4nYsNxuAEjHmSfQ6lx,T000072,GEN-HANDOVER-DOC,MCC-3,L00,L00-Z1,commissioning,handover,1.0,ea,175,176,,,T000071;T000123;T000480;T001132
2Z73yw_MyD4l3JMGArF7u7,T000073,ARC-STAIR-INSTALL,Access stair ST-1,L00,L00-Z1,steel,steel,1.0,ea,23,24,,,T000009;T000039;T000053
2ZW1EMJvlMXU_N4hAIJ$qn,T000074,STR-STEEL-BEAM,Roof beam X B-3-1,L00,L00-Z1,steel,steel,0.85,t,21,22,,,T000101
2ZW1EMJvlMXU_N4hAIJ$qn,T000075,STR-STEEL-CONN,Roof beam X B-3-1,L00,L00-Z1,steel,steel,0.85,t,22,23,,,T000055;T000074
2e2Qgj8JZ3hmLnNEde4YqB,T000076,STR-STEEL-BEAM,Roof beam X B-2-0,L00,L00-Z1,steel,steel,1.2,t,21,22,,,T000067
2e2Qgj8JZ3hmLnNEde4YqB,T000077,STR-STEEL-CONN,Roof beam X B-2-0,L00,L00-Z1,steel,steel,1.2,t,22,23,,,T000076;T000092
2heFAqrI$PNw1LFrXyCG4t,T000078,ARC-ROOF-DECK,Roof sheeting R-2-0,L00,L00-Z1,steel,steel,144.0,m2,24,25,,,T000023;T000029;T000046;T000048;T000056;T000068;T000075;T000077;T000093;T000100;T000102;T000112
2ipg3EXMX4DtietEnOW5t0,T000079,CIV-EARTH-CUT,Pad footing F-3-1,L00,L00-Z1,civil,earthworks,19.29,m3,1,2,,,T000010;T000108
2ipg3EXMX4DtietEnOW5t0,T000080,STR-FOOT-REBAR,Pad footing F-3-1,L00,L00-Z1,concrete,foundations,0.643,t,3,4,,,T000079
2ipg3EXMX4DtietEnOW5t0,T000081,STR-FOOT-POUR,Pad footing F-3-1,L00,L00-Z1,concrete,foundations,6.43,m3,5,6,,,T000080
2ofevYT9PHDJDLvxeqFjQv,T000082,STR-STEEL-COL,Steel column C-1-0,L00,L00-Z1,steel,steel,1.08,t,20,21,,,T000037
2ofevYT9PHDJDLvxeqFjQv,T000083,STR-STEEL-CONN,Steel column C-1-0,L00,L00-Z1,steel,steel,1.08,t,22,23,,,T000013;T000058;T000082
2ofevYT9PHDJDLvxeqFjQv,T000084,INS-COATING-APPLY,Steel column C-1-0,L00,L00-Z1,insulation,insulation,23.76,m2,30,31,,,T000083
2pY8ReR$owIXHVXspkSH$B,T000085,CIV-EARTH-CUT,Pad footing F-3-0,L00,L00-Z1,civil,earthworks,18.42,m3,1,2,,,T000010;T000108
2pY8ReR$owIXHVXspkSH$B,T000086,STR-FOOT-REBAR,Pad footing F-3-0,L00,L00-Z1,concrete,foundations,0.614,t,4,5,,,T000085
2pY8ReR$owIXHVXspkSH$B,T000087,STR-FOOT-POUR,Pad footing F-3-0,L00,L00-Z1,concrete,foundations,6.14,m3,6,7,,,T000086
2qVYKDm4ySPwidTS3OpgZ8,T000088,CIV-EARTH-CUT,Pad footing F-2-1,L00,L00-Z1,civil,earthworks,14.58,m3,1,2,,,T000010;T000108
2qVYKDm4ySPwidTS3OpgZ8,T000089,STR-FOOT-REBAR,Pad footing F-2-1,L00,L00-Z1,concrete,foundations,0.486,t,4,5,,,T000088
2qVYKDm4ySPwidTS3OpgZ8,T000090,STR-FOOT-POUR,Pad footing F-2-1,L00,L00-Z1,concrete,foundations,4.86,m3,6,7,,,T000089
2rU0r413JlegLtUoOo6sGn,T000091,ARC-CLAD-INSTALL,Cladding S-2,L00,L00-Z1,steel,steel,60.0,m2,24,25,,,T000068;T000077;T000093;T000110
31S2ZjOBcST$k4Z$Q0PoEZ,T000092,STR-STEEL-BEAM,Roof beam Z B-2-0,L00,L00-Z1,steel,steel,0.87,t,21,22,,,T000067
31S2ZjOBcST$k4Z$Q0PoEZ,T000093,STR-STEEL-CONN,Roof beam Z B-2-0,L00,L00-Z1,steel,steel,0.87,t,22,23,,,T000076;T000092
33GwjNUScOVmX6ZAI2DEwF,T000094,ARC-CLAD-INSTALL,Cladding S-3,L00,L00-Z1,steel,steel,60.0,m2,25,26,,,T000029;T000048;T000100;T000110
382BwKKGb6l7uqXxDy$fXq,T000095,ELE-TRAY-INSTALL,Cable tray S-4,L00,L00-Z1,electrical,electrical_instrumentation,6.0,m,26,27,,,T000029;T000048;T000100;T000110
3J6k0sBbzPC3QLbAyEdoy_,T000096,STR-STEEL-COL,Steel column C-0-1,L00,L00-Z1,steel,steel,0.93,t,20,21,,,T000042
3J6k0sBbzPC3QLbAyEdoy_,T000097,STR-STEEL-CONN,Steel column C-0-1,L00,L00-Z1,steel,steel,0.93,t,22,23,,,T000032;T000043;T000096
3J6k0sBbzPC3QLbAyEdoy_,T000098,INS-COATING-APPLY,Steel column C-0-1,L00,L00-Z1,insulation,insulation,20.46,m2,30,31,,,T000097
3LOM8G8GXTZO2Ww0s6ftqZ,T000099,STR-STEEL-BEAM,Roof beam Z B-3-0,L00,L00-Z1,steel,steel,0.73,t,21,22,,,T000028
3LOM8G8GXTZO2Ww0s6ftqZ,T000100,STR-STEEL-CONN,Roof beam Z B-3-0,L00,L00-Z1,steel,steel,0.73,t,22,23,,,T000047;T000099
3PIXe8BnofZw1rErJICDCa,T000101,STR-STEEL-COL,Steel column C-3-1,L00,L00-Z1,steel,steel,1.59,t,20,21,,,T000081
3PIXe8BnofZw1rErJICDCa,T000102,STR-STEEL-CONN,Steel column C-3-1,L00,L00-Z1,steel,steel,1.59,t,22,23,,,T000055;T000074;T000101
3PIXe8BnofZw1rErJICDCa,T000103,INS-COATING-APPLY,Steel column C-3-1,L00,L00-Z1,insulation,insulation,34.98,m2,31,32,,,T000102
3TVEMeq3hTv2$spFwz7p$U,T000104,CIV-EARTH-CUT,Module foundation MF-1,L00,L00-Z1,civil,earthworks,38.0,m3,1,2,,,T000010;T000108
3TVEMeq3hTv2$spFwz7p$U,T000105,STR-FOOT-REBAR,Module foundation MF-1,L00,L00-Z1,concrete,foundations,1.52,t,6,7,,,T000104
3TVEMeq3hTv2$spFwz7p$U,T000106,STR-EQPAD-POUR,Module foundation MF-1,L00,L00-Z1,concrete,foundations,15.2,m3,13,16,,,T000105
3TVEMeq3hTv2$spFwz7p$U,T000107,CIV-BACKFILL-COMPACT,Module foundation MF-1,L00,L00-Z1,civil,foundations,15.2,m3,16,17,,,T000106
3cz9kWV$PwDHc0ogmgugtH,T000108,GEN-SITE-PREP,Ground slab S-2-0,L00,L00-Z1,civil,mobilise,144.0,m2,0,1,,,
3cz9kWV$PwDHc0ogmgugtH,T000109,CIV-EARTH-FILL,Ground slab S-2-0,L00,L00-Z1,civil,earthworks,43.2,m3,2,3,,,T000005;T000019;T000025;T000035;T000040;T000079;T000085;T000088;T000104;T000108
3cz9kWV$PwDHc0ogmgugtH,T000110,STR-GSLAB-POUR,Ground slab S-2-0,L00,L00-Z1,concrete,foundations,43.2,m3,16,20,,,T000027;T000081;T000087;T000090;T000109
3grjbbL4cX7yL6b3a_AG9Z,T000111,STR-STEEL-BEAM,Roof beam X B-2-1,L00,L00-Z1,steel,steel,1.01,t,21,22,,,T000022
3grjbbL4cX7yL6b3a_AG9Z,T000112,STR-STEEL-CONN,Roof beam X B-2-1,L00,L00-Z1,steel,steel,1.01,t,22,23,,,T000045;T000111
3l$xMflz$yYp4QSPvUoRds,T000113,STR-STEEL-BEAM,Roof beam Z B-1-1,L00,L00-Z1,steel,steel,0.57,t,21,22,,,T000063
3l$xMflz$yYp4QSPvUoRds,T000114,STR-STEEL-CONN,Roof beam Z B-1-1,L00,L00-Z1,steel,steel,0.57,t,22,23,,,T000061;T000113
3zNUXuFtI2NIULPyzbbC$l,T000115,ARC-CLAD-INSTALL,Cladding W-0,L00,L00-Z1,steel,steel,60.0,m2,25,26,,,T000009;T000012;T000039;T000053
0DsqCxWjWA2ExMNo5Arcew,T000116,STR-STEEL-BEAM,Roof beam X B-3-6,L00,L00-Z10,steel,steel,1.03,t,76,77,,,T000225
0DsqCxWjWA2ExMNo5Arcew,T000117,STR-STEEL-CONN,Roof beam X B-3-6,L00,L00-Z10,steel,steel,1.03,t,77,78,,,T000116;T000147
0FWzcPk6REUtf1LZFoV15y,T000118,STR-STEEL-COL,Steel column C-0-6,L00,L00-Z10,steel,steel,1.01,t,75,76,,,T000233
0FWzcPk6REUtf1LZFoV15y,T000119,STR-STEEL-CONN,Steel column C-0-6,L00,L00-Z10,steel,steel,1.01,t,77,78,,,T000118;T000139;T000159
0FWzcPk6REUtf1LZFoV15y,T000120,INS-COATING-APPLY,Steel column C-0-6,L00,L00-Z10,insulation,insulation,22.22,m2,135,136,,,T000119
0IS63IjDHEQxgojoOghy0t,T000121,ELE-TRAY-INSTALL,Cable tray N-2,L00,L00-Z10,electrical,electrical_instrumentation,6.0,m,81,82,,,T000128;T000209;T000229
0KF8j3i_mYawaz060Hrxod,T000122,ELE-SWGR-SET,MCC-1,L00,L00-Z10,electrical,equipment,1.0,ea,81,82,,,T000129;T000135;T000205;T000209
0KF8j3i_mYawaz060Hrxod,T000123,CX-POWER-ENERGISE,MCC-1,L00,L00-Z10,commissioning,commissioning,1.0,ea,172,173,,,T000070;T000122;T000126;T000145;T000155;T000162;T000255;T000314;T000322;T000333;T000416;T000478;T000479;T000483;T000511;T001131
0KF8j3i_mYawaz060Hrxod,T000124,GEN-HANDOVER-DOC,MCC-1,L00,L00-Z10,commissioning,handover,1.0,ea,175,176,,,T000071;T000123;T000480;T001132
0NX6nkTuJyIh8NJe5hnoaW,T000125,ELE-CABLE-PULL,Power cable run 4,L00,L00-Z10,electrical,electrical_instrumentation,6.0,m,110,111,,,T000070;T000122;T000204;T000479;T001131
0NX6nkTuJyIh8NJe5hnoaW,T000126,ELE-CABLE-TEST,Power cable run 4,L00,L00-Z10,electrical,electrical_instrumentation,6.0,m,111,112,,,T000125
0ZIpvQuipPcA4gnGaRBdhK,T000127,STR-STEEL-BEAM,Roof beam X B-1-7,L00,L00-Z10,steel,steel,1.25,t,76,77,,,T000228
0ZIpvQuipPcA4gnGaRBdhK,T000128,STR-STEEL-CONN,Roof beam X B-1-7,L00,L00-Z10,steel,steel,1.25,t,77,78,,,T000127
0cvrRXN6BshcLPirzyKtjn,T000129,ARC-CLAD-INSTALL,Cladding N-0,L00,L00-Z10,steel,steel,60.0,m2,78,79,,,T000164;T000196;T000209
0ikHbwIrVQS7HFIm3sl6D9,T000130,STR-STEEL-BEAM,Roof beam Z B-2-6,L00,L00-Z10,steel,steel,0.87,t,76,77,,,T000168
0ikHbwIrVQS7HFIm3sl6D9,T000131,STR-STEEL-CONN,Roof beam Z B-2-6,L00,L00-Z10,steel,steel,0.87,t,77,78,,,T000130;T000219
0kplrow5nToJAokk7caWc4,T000132,PIP-PIPE-INSTALL,Process pipe P-108 seg 2,L00,L00-Z10,piping,piping,6.0,m,100,101,,,T000166;T000172;T000203;T001583
0kplrow5nToJAokk7caWc4,T000133,PIP-PIPE-TEST,Process pipe P-108 seg 2,L00,L00-Z10,piping,piping,6.0,m,102,103,,,T000132;T000146;T000237;T000246
0kplrow5nToJAokk7caWc4,T000134,CX-PIPE-FLUSH,Process pipe P-108 seg 2,L00,L00-Z10,commissioning,precommissioning,6.0,m,133,134,,,T000133
0saI3fkgqlyb3Kl5bJ3DRe,T000135,ARC-CLAD-INSTALL,Cladding W-7,L00,L00-Z10,steel,steel,60.0,m2,79,80,,,T000164;T000196;T000209
0v6V5puTR7HbTefUcISqcZ,T000136,CIV-EARTH-CUT,Pad footing F-1-7,L00,L00-Z10,civil,earthworks,13.89,m3,2,3,,,T000174;T000207
0v6V5puTR7HbTefUcISqcZ,T000137,STR-FOOT-REBAR,Pad footing F-1-7,L00,L00-Z10,concrete,foundations,0.463,t,16,17,,,T000136
0v6V5puTR7HbTefUcISqcZ,T000138,STR-FOOT-POUR,Pad footing F-1-7,L00,L00-Z10,concrete,foundations,4.63,m3,35,36,,,T000137
0vfGR6af79mBpWMUpB2QKn,T000139,STR-STEEL-BEAM,Roof beam X B-0-6,L00,L00-Z10,steel,steel,0.9,t,76,77,,,T000118
0vfGR6af79mBpWMUpB2QKn,T000140,STR-STEEL-CONN,Roof beam X B-0-6,L00,L00-Z10,steel,steel,0.9,t,77,78,,,T000139;T000159
0y7Gz0YkGUipKHgsr7frvu,T000141,PIP-PIPE-INSTALL,Process pipe P-101 seg 6,L00,L00-Z10,piping,piping,6.0,m,127,128,,,T000015;T000128;T000229;T000607;T000873;T001239
0y7Gz0YkGUipKHgsr7frvu,T000142,PIP-PIPE-TEST,Process pipe P-101 seg 6,L00,L00-Z10,piping,piping,6.0,m,132,133,,,T000141;T000206;T001264;T001324
0y7Gz0YkGUipKHgsr7frvu,T000143,CX-PIPE-FLUSH,Process pipe P-101 seg 6,L00,L00-Z10,commissioning,precommissioning,6.0,m,133,134,,,T000142
0zfciOaqlhyGG4V15cZtcm,T000144,ELE-CABLE-PULL,Power cable run 1,L00,L00-Z10,electrical,electrical_instrumentation,6.0,m,110,111,,,T000070;T000122;T000178;T000479;T001131
0zfciOaqlhyGG4V15cZtcm,T000145,ELE-CABLE-TEST,Power cable run 1,L00,L00-Z10,electrical,electrical_instrumentation,6.0,m,111,112,,,T000144
11G4Q6ZJSGGu$jGDVlO5GB,T000146,PIP-FITTING-INSTALL,Isolation valve P-108-1,L00,L00-Z10,piping,piping,1.0,ea,101,102,,,T000132;T000216
13IkIAV91rJNyHcyqhu1aE,T000147,STR-STEEL-BEAM,Roof beam Z B-3-6,L00,L00-Z10,steel,steel,0.69,t,76,77,,,T000225
13IkIAV91rJNyHcyqhu1aE,T000148,STR-STEEL-CONN,Roof beam Z B-3-6,L00,L00-Z10,steel,steel,0.69,t,77,78,,,T000116;T000147
13fHSAGYZzPBibx$tpOWMP,T000149,ARC-WINDOW-INSTALL,Clerestory window N-3,L00,L00-Z10,steel,steel,1.0,ea,79,80,,,T000224
13sGVlXpmGNrhb6DogiT61,T000150,PIP-FITTING-INSTALL,Process tee P-104,L00,L00-Z10,piping,piping,1.0,ea,129,130,,,T000141;T000189;T000243;T001603;T001648
1DRMkRryCUsve52YJDaB4j,T000151,PIP-PIPE-INSTALL,Process pipe P-101 seg 5,L00,L00-Z10,piping,piping,6.0,m,129,130,,,T000015;T000180;T000201;T000239;T000607;T000873;T001239
1DRMkRryCUsve52YJDaB4j,T000152,PIP-PIPE-TEST,Process pipe P-101 seg 5,L00,L00-Z10,piping,piping,6.0,m,132,133,,,T000151;T000206;T001264;T001324
1DRMkRryCUsve52YJDaB4j,T000153,CX-PIPE-FLUSH,Process pipe P-101 seg 5,L00,L00-Z10,commissioning,precommissioning,6.0,m,133,134,,,T000152
1H4VOdwbNXqQD2cTvro34e,T000154,ELE-CABLE-PULL,Power cable run 2,L00,L00-Z10,electrical,electrical_instrumentation,6.0,m,110,111,,,T000070;T000121;T000122;T000479;T001131
1H4VOdwbNXqQD2cTvro34e,T000155,ELE-CABLE-TEST,Power cable run 2,L00,L00-Z10,electrical,electrical_instrumentation,6.0,m,111,112,,,T000154
1HPHdHtIKe8FNeI3eqqcuZ,T000156,STR-STEEL-COL,Steel column C-3-7,L00,L00-Z10,steel,steel,1.28,t,75,76,,,T000186
1HPHdHtIKe8FNeI3eqqcuZ,T000157,STR-STEEL-CONN,Steel column C-3-7,L00,L00-Z10,steel,steel,1.28,t,77,78,,,T000156;T000182
1HPHdHtIKe8FNeI3eqqcuZ,T000158,INS-COATING-APPLY,Steel column C-3-7,L00,L00-Z10,insulation,insulation,28.16,m2,135,136,,,T000157
1IeInvz8EsZIBfGNnje$sz,T000159,STR-STEEL-BEAM,Roof beam Z B-0-6,L00,L00-Z10,steel,steel,0.84,t,76,77,,,T000118
1IeInvz8EsZIBfGNnje$sz,T000160,STR-STEEL-CONN,Roof beam Z B-0-6,L00,L00-Z10,steel,steel,0.84,t,77,78,,,T000139;T000159
1Q1T2SPWqxu8Fswk1usIzi,T000161,ELE-CABLE-PULL,Power cable run 3,L00,L00-Z10,electrical,electrical_instrumentation,6.0,m,110,111,,,T000070;T000122;T000177;T000479;T001131
1Q1T2SPWqxu8Fswk1usIzi,T000162,ELE-CABLE-TEST,Power cable run 3,L00,L00-Z10,electrical,electrical_instrumentation,6.0,m,111,112,,,T000161
1QXzI2m5WL7aPY6x18nYkD,T000163,STR-STEEL-COL,Steel column C-0-7,L00,L00-Z10,steel,steel,1.13,t,75,76,,,T000223
1QXzI2m5WL7aPY6x18nYkD,T000164,STR-STEEL-CONN,Steel column C-0-7,L00,L00-Z10,steel,steel,1.13,t,77,78,,,T000163;T000195
1QXzI2m5WL7aPY6x18nYkD,T000165,INS-COATING-APPLY,Steel column C-0-7,L00,L00-Z10,insulation,insulation,24.86,m2,135,136,,,T000164
1RbGTHJ7WBZZ_ZRGE8rkP1,T000166,PRC-PUMP-SET,Pump P-108A,L00,L00-Z10,mechanical,equipment,1.0,ea,81,82,,,T000176
1RbGTHJ7WBZZ_ZRGE8rkP1,T000167,CX-PROCESS-STARTUP,Pump P-108A,L00,L00-Z10,commissioning,commissioning,1.0,ea,143,145,,,T000133;T000134;T000166;T000217;T000218
1W5_ub_ONifxZK8JvbXkw0,T000168,STR-STEEL-COL,Steel column C-2-6,L00,L00-Z10,steel,steel,1.15,t,75,76,,,T000236
1W5_ub_ONifxZK8JvbXkw0,T000169,STR-STEEL-CONN,Steel column C-2-6,L00,L00-Z10,steel,steel,1.15,t,77,78,,,T000130;T000168;T000219
1W5_ub_ONifxZK8JvbXkw0,T000170,INS-COATING-APPLY,Steel column C-2-6,L00,L00-Z10,insulation,insulation,25.3,m2,135,136,,,T000169
1Z7Wn3ZSJhoHBmTrUJsdgv,T000171,STR-STEEL-COL,Steel column C-2-7,L00,L00-Z10,steel,steel,1.34,t,75,76,,,T000194
1Z7Wn3ZSJhoHBmTrUJsdgv,T000172,STR-STEEL-CONN,Steel column C-2-7,L00,L00-Z10,steel,steel,1.34,t,77,78,,,T000171;T000202
1Z7Wn3ZSJhoHBmTrUJsdgv,T000173,INS-COATING-APPLY,Steel column C-2-7,L00,L00-Z10,insulation,insulation,29.48,m2,135,136,,,T000172
1ZAdAQJfo8dtU7VBtEw7dM,T000174,GEN-SITE-PREP,Ground slab S-2-6,L00,L00-Z10,civil,mobilise,144.0,m2,0,1,,,
1ZAdAQJfo8dtU7VBtEw7dM,T000175,CIV-EARTH-FILL,Ground slab S-2-6,L00,L00-Z10,civil,earthworks,43.2,m3,3,4,,,T000136;T000174;T000184;T000192;T000211;T000221;T000231;T000234;T000240
1ZAdAQJfo8dtU7VBtEw7dM,T000176,STR-GSLAB-POUR,Ground slab S-2-6,L00,L00-Z10,concrete,foundations,43.2,m3,71,75,,,T000175;T000186;T000194;T000213;T000236
1Zm6JB_ua8xXO4cQe7JTk6,T000177,ELE-TRAY-INSTALL,Cable tray N-3,L00,L00-Z10,electrical,electrical_instrumentation,6.0,m,81,82,,,T000172;T000176;T000203
1cgXbSdW9dFoVVXZvaSYqX,T000178,ELE-TRAY-INSTALL,Cable tray N-1,L00,L00-Z10,electrical,electrical_instrumentation,6.0,m,81,82,,,T000164;T000196;T000209
1lBVK$Bh77jJDG_TeiuO2m,T000179,STR-STEEL-COL,Steel column C-1-6,L00,L00-Z10,steel,steel,1.38,t,75,76,,,T000242
1lBVK$Bh77jJDG_TeiuO2m,T000180,STR-STEEL-CONN,Steel column C-1-6,L00,L00-Z10,steel,steel,1.38,t,77,78,,,T000179;T000200;T000238
1lBVK$Bh77jJDG_TeiuO2m,T000181,INS-COATING-APPLY,Steel column C-1-6,L00,L00-Z10,insulation,insulation,30.36,m2,135,136,,,T000180
1mVDfOkwCIsqAB7sGyRv9l,T000182,STR-STEEL-BEAM,Roof beam X B-3-7,L00,L00-Z10,steel,steel,1.1,t,76,77,,,T000156
1mVDfOkwCIsqAB7sGyRv9l,T000183,STR-STEEL-CONN,Roof beam X B-3-7,L00,L00-Z10,steel,steel,1.1,t,77,78,,,T000182
1nVWQgAvlBO6Ym59ORzQgc,T000184,CIV-EARTH-CUT,Pad footing F-3-7,L00,L00-Z10,civil,earthworks,16.83,m3,2,3,,,T000174;T000207
1nVWQgAvlBO6Ym59ORzQgc,T000185,STR-FOOT-REBAR,Pad footing F-3-7,L00,L00-Z10,concrete,foundations,0.561,t,17,18,,,T000184
1nVWQgAvlBO6Ym59ORzQgc,T000186,STR-FOOT-POUR,Pad footing F-3-7,L00,L00-Z10,concrete,foundations,5.61,m3,35,36,,,T000185
1peKtTCGFoXKfQBB3t1J3A,T000187,ARC-CLAD-INSTALL,Cladding N-2,L00,L00-Z10,steel,steel,60.0,m2,79,80,,,T000172;T000176;T000203
1q7AZe8uNXZX$GTMI6TE4N,T000188,ARC-WINDOW-INSTALL,Clerestory window W-6,L00,L00-Z10,steel,steel,1.0,ea,79,80,,,T000210
1qGCXfl7m_063cHcWM6bmm,T000189,PIP-PIPE-INSTALL,Process pipe P-104 seg 3,L00,L00-Z10,piping,piping,6.0,m,126,127,,,T000180;T000201;T000239;T000836;T001306;T001670
1qGCXfl7m_063cHcWM6bmm,T000190,PIP-PIPE-TEST,Process pipe P-104 seg 3,L00,L00-Z10,piping,piping,6.0,m,130,131,,,T000150;T000189;T001629;T001663
1qGCXfl7m_063cHcWM6bmm,T000191,CX-PIPE-FLUSH,Process pipe P-104 seg 3,L00,L00-Z10,commissioning,precommissioning,6.0,m,133,134,,,T000190
1s$6imerqJcmNyUScIx7qr,T000192,CIV-EARTH-CUT,Pad footing F-2-7,L00,L00-Z10,civil,earthworks,13.86,m3,2,3,,,T000174;T000207
1s$6imerqJcmNyUScIx7qr,T000193,STR-FOOT-REBAR,Pad footing F-2-7,L00,L00-Z10,concrete,foundations,0.462,t,17,18,,,T000192
1s$6imerqJcmNyUScIx7qr,T000194,STR-FOOT-POUR,Pad footing F-2-7,L00,L00-Z10,concrete,foundations,4.62,m3,35,36,,,T000193
23uI18AhepLt7o4J7brpce,T000195,STR-STEEL-BEAM,Roof beam X B-0-7,L00,L00-Z10,steel,steel,1.24,t,76,77,,,T000163
23uI18AhepLt7o4J7brpce,T000196,STR-STEEL-CONN,Roof beam X B-0-7,L00,L00-Z10,steel,steel,1.24,t,77,78,,,T000195
2EMwslMKtmataCBDB2qD$C,T000197,ARC-CLAD-INSTALL,Cladding N-1,L00,L00-Z10,steel,steel,60.0,m2,78,79,,,T000128;T000209;T000229
2IWRqHhfYJC5$CqIUdAmXS,T000198,IC-INSTR-INSTALL,Pressure transmitter P-108,L00,L00-Z10,instrumentation,electrical_instrumentation,1.0,ea,101,102,,,T000121;T000177;T000178;T000204;T000216
2IWRqHhfYJC5$CqIUdAmXS,T000199,IC-LOOP-CHECK,Pressure transmitter P-108,L00,L00-Z10,instrumentation,precommissioning,1.0,ea,133,134,,,T000198
2JFc_tdGjClP_vnyYsBslN,T000200,STR-STEEL-BEAM,Roof beam X B-1-6,L00,L00-Z10,steel,steel,1.17,t,76,77,,,T000179
2JFc_tdGjClP_vnyYsBslN,T000201,STR-STEEL-CONN,Roof beam X B-1-6,L00,L00-Z10,steel,steel,1.17,t,77,78,,,T000200;T000238
2UcsE7lXjF6Fvc0whUTica,T000202,STR-STEEL-BEAM,Roof beam X B-2-7,L00,L00-Z10,steel,steel,0.71,t,76,77,,,T000171
2UcsE7lXjF6Fvc0whUTica,T000203,STR-STEEL-CONN,Roof beam X B-2-7,L00,L00-Z10,steel,steel,0.71,t,77,78,,,T000202
2V7MZlQ7AMTX_LU3RYG5Gb,T000204,ELE-TRAY-INSTALL,Cable tray N-4,L00,L00-Z10,electrical,electrical_instrumentation,6.0,m,81,82,,,T000157;T000176;T000183
2YflLIbQlWyxQgHLy1erMJ,T000205,ARC-ROOF-DECK,Roof sheeting R-0-6,L00,L00-Z10,steel,steel,144.0,m2,79,80,,,T000119;T000128;T000140;T000160;T000164;T000180;T000196;T000201;T000229;T000239
2cLH$hhZhskeaMGcFAsg3H,T000206,PIP-FITTING-INSTALL,Process tee P-101,L00,L00-Z10,piping,piping,1.0,ea,130,131,,,T000141;T000151;T000243;T001273;T001290;T001626;T001639
2eGnrkMy9281XR57oarspA,T000207,GEN-SITE-PREP,Ground slab S-0-6,L00,L00-Z10,civil,mobilise,144.0,m2,0,1,,,
2eGnrkMy9281XR57oarspA,T000208,CIV-EARTH-FILL,Ground slab S-0-6,L00,L00-Z10,civil,earthworks,43.2,m3,3,4,,,T000136;T000184;T000192;T000207;T000211;T000221;T000231;T000234;T000240
2eGnrkMy9281XR57oarspA,T000209,STR-GSLAB-POUR,Ground slab S-0-6,L00,L00-Z10,concrete,foundations,43.2,m3,71,75,,,T000138;T000208;T000223;T000233;T000242
2o4ZkYW1FdfXMux2u1x4jz,T000210,ARC-CLAD-INSTALL,Cladding W-6,L00,L00-Z10,steel,steel,60.0,m2,78,79,,,T000119;T000140;T000160;T000209
2rJqQqy7HQfzmeMwhjXzOV,T000211,CIV-EARTH-CUT,Pad footing F-3-6,L00,L00-Z10,civil,earthworks,13.62,m3,2,3,,,T000174;T000207
2rJqQqy7HQfzmeMwhjXzOV,T000212,STR-FOOT-REBAR,Pad footing F-3-6,L00,L00-Z10,concrete,foundations,0.454,t,17,18,,,T000211
2rJqQqy7HQfzmeMwhjXzOV,T000213,STR-FOOT-POUR,Pad footing F-3-6,L00,L00-Z10,concrete,foundations,4.54,m3,35,36,,,T000212
34brRSwmEPyFixqo0lSaYX,T000214,ARC-WINDOW-INSTALL,Clerestory window N-1,L00,L00-Z10,steel,steel,1.0,ea,80,81,,,T000197
380dOPCwgC7xK8iSi1OZas,T000215,ARC-ROOF-DECK,Roof sheeting R-2-6,L00,L00-Z10,steel,steel,144.0,m2,80,81,,,T000117;T000131;T000148;T000157;T000169;T000172;T000183;T000203;T000220;T000226
39ycm5KRF3XVZ8noKJAPFr,T000216,PIP-PIPE-INSTALL,Process pipe P-108 seg 1,L00,L00-Z10,piping,piping,6.0,m,100,101,,,T000131;T000166;T000169;T000220;T001583
39ycm5KRF3XVZ8noKJAPFr,T000217,PIP-PIPE-TEST,Process pipe P-108 seg 1,L00,L00-Z10,piping,piping,6.0,m,102,103,,,T000146;T000216;T000237;T000246
39ycm5KRF3XVZ8noKJAPFr,T000218,CX-PIPE-FLUSH,Process pipe P-108 seg 1,L00,L00-Z10,commissioning,precommissioning,6.0,m,133,134,,,T000217
3B5hxSJ$AbxtAzcJGcVsb6,T000219,STR-STEEL-BEAM,Roof beam X B-2-6,L00,L00-Z10,steel,steel,0.96,t,76,77,,,T000168
3B5hxSJ$AbxtAzcJGcVsb6,T000220,STR-STEEL-CONN,Roof beam X B-2-6,L00,L00-Z10,steel,steel,0.96,t,77,78,,,T000130;T000219
3GS02cxsmTVwiJZOE4r2UQ,T000221,CIV-EARTH-CUT,Pad footing F-0-7,L00,L00-Z10,civil,earthworks,14.58,m3,2,3,,,T000174;T000207
3GS02cxsmTVwiJZOE4r2UQ,T000222,STR-FOOT-REBAR,Pad footing F-0-7,L00,L00-Z10,concrete,foundations,0.486,t,17,18,,,T000221
3GS02cxsmTVwiJZOE4r2UQ,T000223,STR-FOOT-POUR,Pad footing F-0-7,L00,L00-Z10,concrete,foundations,4.86,m3,36,37,,,T000222
3KNc1M4Fhiz0KWFO32JRkE,T000224,ARC-CLAD-INSTALL,Cladding N-3,L00,L00-Z10,steel,steel,60.0,m2,78,79,,,T000157;T000176;T000183
3N2kUf8nO$JafqfEC85GM4,T000225,STR-STEEL-COL,Steel column C-3-6,L00,L00-Z10,steel,steel,1.44,t,75,76,,,T000213
3N2kUf8nO$JafqfEC85GM4,T000226,STR-STEEL-CONN,Steel column C-3-6,L00,L00-Z10,steel,steel,1.44,t,77,78,,,T000116;T000147;T000225
3N2kUf8nO$JafqfEC85GM4,T000227,INS-COATING-APPLY,Steel column C-3-6,L00,L00-Z10,insulation,insulation,31.68,m2,135,136,,,T000226
3TmCe_BNPw25Vdg_oK2ijj,T000228,STR-STEEL-COL,Steel column C-1-7,L00,L00-Z10,steel,steel,0.91,t,75,76,,,T000138
3TmCe_BNPw25Vdg_oK2ijj,T000229,STR-STEEL-CONN,Steel column C-1-7,L00,L00-Z10,steel,steel,0.91,t,77,78,,,T000127;T000228
3TmCe_BNPw25Vdg_oK2ijj,T000230,INS-COATING-APPLY,Steel column C-1-7,L00,L00-Z10,insulation,insulation,20.02,m2,136,137,,,T000229
3a1DtHXkpk5p6Oka9nvZFG,T000231,CIV-EARTH-CUT,Pad footing F-0-6,L00,L00-Z10,civil,earthworks,15.18,m3,2,3,,,T000174;T000207
3a1DtHXkpk5p6Oka9nvZFG,T000232,STR-FOOT-REBAR,Pad footing F-0-6,L00,L00-Z10,concrete,foundations,0.506,t,18,19,,,T000231
3a1DtHXkpk5p6Oka9nvZFG,T000233,STR-FOOT-POUR,Pad footing F-0-6,L00,L00-Z10,concrete,foundations,5.06,m3,36,37,,,T000232
3cy2lgErd3yXT6zLmIV4EO,T000234,CIV-EARTH-CUT,Pad footing F-2-6,L00,L00-Z10,civil,earthworks,16.53,m3,2,3,,,T000174;T000207
3cy2lgErd3yXT6zLmIV4EO,T000235,STR-FOOT-REBAR,Pad footing F-2-6,L00,L00-Z10,concrete,foundations,0.551,t,18,19,,,T000234
3cy2lgErd3yXT6zLmIV4EO,T000236,STR-FOOT-POUR,Pad footing F-2-6,L00,L00-Z10,concrete,foundations,5.51,m3,36,37,,,T000235
3g6qWoP07iTuwwjoCSG92K,T000237,PIP-FITTING-INSTALL,Isolation valve P-108-2,L00,L00-Z10,piping,piping,1.0,ea,101,102,,,T000132;T000216
3gHVnr$$TnArSBUk0Q2kyH,T000238,STR-STEEL-BEAM,Roof beam Z B-1-6,L00,L00-Z10,steel,steel,0.78,t,76,77,,,T000179
3gHVnr$$TnArSBUk0Q2kyH,T000239,STR-STEEL-CONN,Roof beam Z B-1-6,L00,L00-Z10,steel,steel,0.78,t,77,78,,,T000200;T000238
3lhkIPp554HgywJHfeKoch,T000240,CIV-EARTH-CUT,Pad footing F-1-6,L00,L00-Z10,civil,earthworks,19.35,m3,2,3,,,T000174;T000207
3lhkIPp554HgywJHfeKoch,T000241,STR-FOOT-REBAR,Pad footing F-1-6,L00,L00-Z10,concrete,foundations,0.645,t,18,19,,,T000240
3lhkIPp554HgywJHfeKoch,T000242,STR-FOOT-POUR,Pad footing F-1-6,L00,L00-Z10,concrete,foundations,6.45,m3,36,37,,,T000241
3t$q6ftXK1desk_uh3vdeS,T000243,PIP-PIPE-INSTALL,Process pipe P-104 seg 4,L00,L00-Z10,piping,piping,6.0,m,126,127,,,T000128;T000229;T000836;T001306;T001670
3t$q6ftXK1desk_uh3vdeS,T000244,PIP-PIPE-TEST,Process pipe P-104 seg 4,L00,L00-Z10,piping,piping,6.0,m,130,131,,,T000150;T000243;T001629;T001663
3t$q6ftXK1desk_uh3vdeS,T000245,CX-PIPE-FLUSH,Process pipe P-104 seg 4,L00,L00-Z10,commissioning,precommissioning,6.0,m,133,134,,,T000244
3toPdOSri1cmLwOGLnHtFB,T000246,PIP-FITTING-INSTALL,Process tee P-108,L00,L00-Z10,piping,piping,1.0,ea,101,102,,,T000132;T000216
01H1K$iXLlGYF3gsY8X9$w,T000247,GEN-SITE-PREP,Ground slab S-4-6,L00,L00-Z11,civil,mobilise,144.0,m2,0,1,,,
01H1K$iXLlGYF3gsY8X9$w,T000248,CIV-EARTH-FILL,Ground slab S-4-6,L00,L00-Z11,civil,earthworks,43.2,m3,3,4,,,T000247;T000277;T000325;T000329;T000334;T000342;T000349;T000363;T000383
01H1K$iXLlGYF3gsY8X9$w,T000249,STR-GSLAB-POUR,Ground slab S-4-6,L00,L00-Z11,concrete,foundations,43.2,m3,75,79,,,T000248;T000279;T000331;T000344;T000365
03JzMG8dNexOFs3cTFRoB$,T000250,PIP-FITTING-INSTALL,Process tee P-109,L00,L00-Z11,piping,piping,1.0,ea,86,87,,,T000338;T000356
04vHhuVPR4bOtmhQ1MwcDJ,T000251,PIP-PIPE-INSTALL,Process pipe P-102 seg 6,L00,L00-Z11,piping,piping,6.0,m,121,122,,,T000299;T000379;T000562;T001080;T001408
04vHhuVPR4bOtmhQ1MwcDJ,T000252,PIP-PIPE-TEST,Process pipe P-102 seg 6,L00,L00-Z11,piping,piping,6.0,m,131,132,,,T000251;T000328;T001366;T001367
04vHhuVPR4bOtmhQ1MwcDJ,T000253,CX-PIPE-FLUSH,Process pipe P-102 seg 6,L00,L00-Z11,commissioning,precommissioning,6.0,m,132,133,,,T000252
070iPKhOoOC0f5fMYVU0jK,T000254,ELE-CABLE-PULL,Power cable run 8,L00,L00-Z11,electrical,electrical_instrumentation,6.0,m,110,111,,,T000070;T000122;T000289;T000479;T001131
070iPKhOoOC0f5fMYVU0jK,T000255,ELE-CABLE-TEST,Power cable run 8,L00,L00-Z11,electrical,electrical_instrumentation,6.0,m,111,112,,,T000254
08yCrcZeipAe$6ocw$FlD3,T000256,ARC-WINDOW-INSTALL,Clerestory window N-5,L00,L00-Z11,steel,steel,1.0,ea,83,84,,,T000352
0BEl0MxDBeNsA5kTu6HP54,T000257,PIP-PIPE-INSTALL,Process pipe P-106 seg 3,L00,L00-Z11,piping,piping,6.0,m,124,125,,,T000297;T000303;T000367;T000768;T001404;T001792
0BEl0MxDBeNsA5kTu6HP54,T000258,PIP-PIPE-TEST,Process pipe P-106 seg 3,L00,L00-Z11,piping,piping,6.0,m,131,132,,,T000257;T000263;T001806;T001813
0BEl0MxDBeNsA5kTu6HP54,T000259,CX-PIPE-FLUSH,Process pipe P-106 seg 3,L00,L00-Z11,commissioning,precommissioning,6.0,m,132,133,,,T000258
0BmWMYGQSvKUUDJE$3oKQM,T000260,PIP-PIPE-INSTALL,Process pipe P-105 seg 3,L00,L00-Z11,piping,piping,6.0,m,126,127,,,T000270;T000361;T000369;T000804;T001453;T001748
0BmWMYGQSvKUUDJE$3oKQM,T000261,PIP-PIPE-TEST,Process pipe P-105 seg 3,L00,L00-Z11,piping,piping,6.0,m,131,132,,,T000260;T000355;T001692;T001812
0BmWMYGQSvKUUDJE$3oKQM,T000262,CX-PIPE-FLUSH,Process pipe P-105 seg 3,L00,L00-Z11,commissioning,precommissioning,6.0,m,132,133,,,T000261
0IyPdAR94Xg5JjpSN8xbRk,T000263,PIP-FITTING-INSTALL,Process tee P-106,L00,L00-Z11,piping,piping,1.0,ea,130,131,,,T000257;T000264;T000315;T001693;T001756
0K3XCAUlvIEAu2b39pXcHK,T000264,PIP-PIPE-INSTALL,Process pipe P-103 seg 6,L00,L00-Z11,piping,piping,6.0,m,124,125,,,T000272;T000374;T000695;T001049;T001413
0K3XCAUlvIEAu2b39pXcHK,T000265,PIP-PIPE-TEST,Process pipe P-103 seg 6,L00,L00-Z11,piping,piping,6.0,m,131,132,,,T000264;T000290;T001342;T001368
0K3XCAUlvIEAu2b39pXcHK,T000266,CX-PIPE-FLUSH,Process pipe P-103 seg 6,L00,L00-Z11,commissioning,precommissioning,6.0,m,132,133,,,T000265
0LJu_y2vVPbo6g1Dtr$b4_,T000267,STR-STEEL-BEAM,Roof beam X B-6-6,L00,L00-Z11,steel,steel,0.95,t,80,81,,,T000375
0LJu_y2vVPbo6g1Dtr$b4_,T000268,STR-STEEL-CONN,Roof beam X B-6-6,L00,L00-Z11,steel,steel,0.95,t,81,82,,,T000267;T000283
0MK1oswXdTsKYBmGRp7SoN,T000269,STR-STEEL-BEAM,Roof beam Z B-4-6,L00,L00-Z11,steel,steel,0.56,t,80,81,,,T000360
0MK1oswXdTsKYBmGRp7SoN,T000270,STR-STEEL-CONN,Roof beam Z B-4-6,L00,L00-Z11,steel,steel,0.56,t,81,82,,,T000269;T000368
0NHoqfv3MwPwBWfKFBEvkA,T000271,STR-STEEL-COL,Steel column C-7-7,L00,L00-Z11,steel,steel,0.96,t,79,80,,,T000351
0NHoqfv3MwPwBWfKFBEvkA,T000272,STR-STEEL-CONN,Steel column C-7-7,L00,L00-Z11,steel,steel,0.96,t,81,82,,,T000271;T000373
0NHoqfv3MwPwBWfKFBEvkA,T000273,INS-COATING-APPLY,Steel column C-7-7,L00,L00-Z11,insulation,insulation,21.12,m2,136,137,,,T000272
0RLIF5E1NTM028nxtmE53z,T000274,PIP-PIPE-INSTALL,Process pipe P-105 seg 4,L00,L00-Z11,piping,piping,6.0,m,126,127,,,T000299;T000379;T000804;T001453;T001748
0RLIF5E1NTM028nxtmE53z,T000275,PIP-PIPE-TEST,Process pipe P-105 seg 4,L00,L00-Z11,piping,piping,6.0,m,131,132,,,T000274;T000355;T001692;T001812
0RLIF5E1NTM028nxtmE53z,T000276,CX-PIPE-FLUSH,Process pipe P-105 seg 4,L00,L00-Z11,commissioning,precommissioning,6.0,m,132,133,,,T000275
0ROFzVQoUfamxjdXk$xCye,T000277,CIV-EARTH-CUT,Pad footing F-4-7,L00,L00-Z11,civil,earthworks,19.23,m3,2,3,,,T000247;T000318
0ROFzVQoUfamxjdXk$xCye,T000278,STR-FOOT-REBAR,Pad footing F-4-7,L00,L00-Z11,concrete,foundations,0.641,t,18,19,,,T000277
0ROFzVQoUfamxjdXk$xCye,T000279,STR-FOOT-POUR,Pad footing F-4-7,L00,L00-Z11,concrete,foundations,6.41,m3,37,38,,,T000278
0c9RCCTnOOVMrDjwsDLNph,T000280,STR-STEEL-COL,Steel column C-5-6,L00,L00-Z11,steel,steel,1.27,t,79,80,,,T000365
0c9RCCTnOOVMrDjwsDLNph,T000281,STR-STEEL-CONN,Steel column C-5-6,L00,L00-Z11,steel,steel,1.27,t,81,82,,,T000280;T000291;T000371
0c9RCCTnOOVMrDjwsDLNph,T000282,INS-COATING-APPLY,Steel column C-5-6,L00,L00-Z11,insulation,insulation,27.94,m2,136,137,,,T000281
0dOP4UYA5z56eBd1jaoOeo,T000283,STR-STEEL-BEAM,Roof beam Z B-6-6,L00,L00-Z11,steel,steel,0.53,t,80,81,,,T000375
0dOP4UYA5z56eBd1jaoOeo,T000284,STR-STEEL-CONN,Roof beam Z B-6-6,L00,L00-Z11,steel,steel,0.53,t,81,82,,,T000267;T000283
0jVQ99$7R1RxnO_DhQedwJ,T000285,ARC-DOOR-INSTALL,Roller door N-6,L00,L00-Z11,insulation,insulation,1.0,ea,136,137,,,T000370
0q1YqSPQ8Mu_fwVsp5meo4,T000286,STR-STEEL-COL,Steel column C-5-7,L00,L00-Z11,steel,steel,1.04,t,79,80,,,T000344
0q1YqSPQ8Mu_fwVsp5meo4,T000287,STR-STEEL-CONN,Steel column C-5-7,L00,L00-Z11,steel,steel,1.04,t,81,82,,,T000286;T000353
0q1YqSPQ8Mu_fwVsp5meo4,T000288,INS-COATING-APPLY,Steel column C-5-7,L00,L00-Z11,insulation,insulation,22.88,m2,136,137,,,T000287
0tGRbNEItIM9ON2d85aKWR,T000289,ELE-TRAY-INSTALL,Cable tray N-8,L00,L00-Z11,electrical,electrical_instrumentation,6.0,m,84,85,,,T000272;T000320;T000374
0vjTulu1M73X5ryeyBNOmA,T000290,PIP-FITTING-INSTALL,Process tee P-103,L00,L00-Z11,piping,piping,1.0,ea,130,131,,,T000264;T000305;T000315;T001389;T001439;T001717;T001814
0xzepmL6lsOYDD9kg3UaKD,T000291,STR-STEEL-BEAM,Roof beam Z B-5-6,L00,L00-Z11,steel,steel,0.83,t,80,81,,,T000280
0xzepmL6lsOYDD9kg3UaKD,T000292,STR-STEEL-CONN,Roof beam Z B-5-6,L00,L00-Z11,steel,steel,0.83,t,81,82,,,T000291;T000371
14PFPmiiJoM3N_ViGljRUI,T000293,IC-INSTR-INSTALL,Pressure transmitter P-109,L00,L00-Z11,instrumentation,electrical_instrumentation,1.0,ea,86,87,,,T000289;T000308;T000337;T000338;T000359
14PFPmiiJoM3N_ViGljRUI,T000294,IC-LOOP-CHECK,Pressure transmitter P-109,L00,L00-Z11,instrumentation,precommissioning,1.0,ea,132,133,,,T000293
1BIILy0f96HusyfcFUomny,T000295,ARC-ROOF-DECK,Roof sheeting R-6-6,L00,L00-Z11,steel,steel,144.0,m2,82,83,,,T000268;T000272;T000284;T000297;T000303;T000348;T000367;T000374;T000376;T000381
1CgqCJ3mz4bKJxABTRIKhv,T000296,STR-STEEL-BEAM,Roof beam Z B-7-6,L00,L00-Z11,steel,steel,0.79,t,80,81,,,T000302
1CgqCJ3mz4bKJxABTRIKhv,T000297,STR-STEEL-CONN,Roof beam Z B-7-6,L00,L00-Z11,steel,steel,0.79,t,81,82,,,T000296;T000366
1DGN3YTTT3jAzHylNn_yHK,T000298,STR-STEEL-COL,Steel column C-4-7,L00,L00-Z11,steel,steel,1.01,t,79,80,,,T000279
1DGN3YTTT3jAzHylNn_yHK,T000299,STR-STEEL-CONN,Steel column C-4-7,L00,L00-Z11,steel,steel,1.01,t,81,82,,,T000298;T000378
1DGN3YTTT3jAzHylNn_yHK,T000300,INS-COATING-APPLY,Steel column C-4-7,L00,L00-Z11,insulation,insulation,22.22,m2,136,137,,,T000299
1EU1wZHUlFYNnFa6XPVKrE,T000301,PIP-FITTING-INSTALL,Isolation valve P-109-1,L00,L00-Z11,piping,piping,1.0,ea,86,87,,,T000338;T000356
1Re2ZJC4wjJHXkVTWcBpR9,T000302,STR-STEEL-COL,Steel column C-7-6,L00,L00-Z11,steel,steel,0.9,t,79,80,,,T000336
1Re2ZJC4wjJHXkVTWcBpR9,T000303,STR-STEEL-CONN,Steel column C-7-6,L00,L00-Z11,steel,steel,0.9,t,81,82,,,T000296;T000302;T000366
1Re2ZJC4wjJHXkVTWcBpR9,T000304,INS-COATING-APPLY,Steel column C-7-6,L00,L00-Z11,insulation,insulation,19.8,m2,136,137,,,T000303
1TMftNQbEv18XLtH3Rx6wL,T000305,PIP-PIPE-INSTALL,Process pipe P-103 seg 5,L00,L00-Z11,piping,piping,6.0,m,124,125,,,T000297;T000303;T000367;T000695;T001049;T001413
1TMftNQbEv18XLtH3Rx6wL,T000306,PIP-PIPE-TEST,Process pipe P-103 seg 5,L00,L00-Z11,piping,piping,6.0,m,131,132,,,T000290;T000305;T001342;T001368
1TMftNQbEv18XLtH3Rx6wL,T000307,CX-PIPE-FLUSH,Process pipe P-103 seg 5,L00,L00-Z11,commissioning,precommissioning,6.0,m,132,133,,,T000306
1V_VOv9NCGAB6Fw5Uir69w,T000308,ELE-TRAY-INSTALL,Cable tray N-5,L00,L00-Z11,electrical,electrical_instrumentation,6.0,m,84,85,,,T000249;T000299;T000379
1Y3yvjXFAjtRJotg6uYlC6,T000309,ARC-CLAD-INSTALL,Cladding N-7,L00,L00-Z11,steel,steel,60.0,m2,82,83,,,T000272;T000320;T000374
1o6JJEQKFwqxH6EBEEmpDG,T000310,PIP-PIPE-INSTALL,Process pipe P-102 seg 5,L00,L00-Z11,piping,piping,6.0,m,121,122,,,T000270;T000361;T000369;T000562;T001080;T001408
1o6JJEQKFwqxH6EBEEmpDG,T000311,PIP-PIPE-TEST,Process pipe P-102 seg 5,L00,L00-Z11,piping,piping,6.0,m,131,132,,,T000310;T000328;T001366;T001367
1o6JJEQKFwqxH6EBEEmpDG,T000312,CX-PIPE-FLUSH,Process pipe P-102 seg 5,L00,L00-Z11,commissioning,precommissioning,6.0,m,132,133,,,T000311
1wNK2kbJIEmMmfXmOO0PPb,T000313,ELE-CABLE-PULL,Power cable run 5,L00,L00-Z11,electrical,electrical_instrumentation,6.0,m,110,111,,,T000070;T000122;T000308;T000479;T001131
1wNK2kbJIEmMmfXmOO0PPb,T000314,ELE-CABLE-TEST,Power cable run 5,L00,L00-Z11,electrical,electrical_instrumentation,6.0,m,111,112,,,T000313
210zWBdfbTIxqRqiGWZyEq,T000315,PIP-PIPE-INSTALL,Process pipe P-106 seg 4,L00,L00-Z11,piping,piping,6.0,m,124,125,,,T000272;T000374;T000768;T001404;T001792
210zWBdfbTIxqRqiGWZyEq,T000316,PIP-PIPE-TEST,Process pipe P-106 seg 4,L00,L00-Z11,piping,piping,6.0,m,131,132,,,T000263;T000315;T001806;T001813
210zWBdfbTIxqRqiGWZyEq,T000317,CX-PIPE-FLUSH,Process pipe P-106 seg 4,L00,L00-Z11,commissioning,precommissioning,6.0,m,132,133,,,T000316
27$LlKWDET051V5yknJM4r,T000318,GEN-SITE-PREP,Ground slab S-6-6,L00,L00-Z11,civil,mobilise,144.0,m2,0,1,,,
27$LlKWDET051V5yknJM4r,T000319,CIV-EARTH-FILL,Ground slab S-6-6,L00,L00-Z11,civil,earthworks,43.2,m3,3,4,,,T000277;T000318;T000325;T000329;T000334;T000342;T000349;T000363;T000383
27$LlKWDET051V5yknJM4r,T000320,STR-GSLAB-POUR,Ground slab S-6-6,L00,L00-Z11,concrete,foundations,43.2,m3,75,79,,,T000319;T000327;T000336;T000351;T000385
2AIH3lKJaE9fqR5JeepTtV,T000321,ELE-CABLE-PULL,Power cable run 6,L00,L00-Z11,electrical,electrical_instrumentation,6.0,m,110,111,,,T000070;T000122;T000337;T000479;T001131
2AIH3lKJaE9fqR5JeepTtV,T000322,ELE-CABLE-TEST,Power cable run 6,L00,L00-Z11,electrical,electrical_instrumentation,6.0,m,111,112,,,T000321
2GAMhal21gdBhNpIflmocv,T000323,PRC-PUMP-SET,Pump P-109A,L00,L00-Z11,mechanical,equipment,1.0,ea,84,85,,,T000249
2GAMhal21gdBhNpIflmocv,T000324,CX-PROCESS-STARTUP,Pump P-109A,L00,L00-Z11,commissioning,commissioning,1.0,ea,145,147,,,T000323;T000339;T000340;T000357;T000358
2LH_N74960qHT8J1Rwl7z_,T000325,CIV-EARTH-CUT,Pad footing F-6-7,L00,L00-Z11,civil,earthworks,14.52,m3,2,3,,,T000247;T000318
2LH_N74960qHT8J1Rwl7z_,T000326,STR-FOOT-REBAR,Pad footing F-6-7,L00,L00-Z11,concrete,foundations,0.484,t,19,20,,,T000325
2LH_N74960qHT8J1Rwl7z_,T000327,STR-FOOT-POUR,Pad footing F-6-7,L00,L00-Z11,concrete,foundations,4.84,m3,37,38,,,T000326
2MCBa2oHh1fHJamG2Okim8,T000328,PIP-FITTING-INSTALL,Process tee P-102,L00,L00-Z11,piping,piping,1.0,ea,129,130,,,T000251;T000274;T000310;T001350;T001433;T001729;T001759
2ScaQ_eziZaFmoiIb5aAiu,T000329,CIV-EARTH-CUT,Pad footing F-4-6,L00,L00-Z11,civil,earthworks,15.18,m3,2,3,,,T000247;T000318
2ScaQ_eziZaFmoiIb5aAiu,T000330,STR-FOOT-REBAR,Pad footing F-4-6,L00,L00-Z11,concrete,foundations,0.506,t,19,20,,,T000329
2ScaQ_eziZaFmoiIb5aAiu,T000331,STR-FOOT-POUR,Pad footing F-4-6,L00,L00-Z11,concrete,foundations,5.06,m3,37,38,,,T000330
2X7nddH05nM$uzVefnpapd,T000332,ELE-CABLE-PULL,Power cable run 7,L00,L00-Z11,electrical,electrical_instrumentation,6.0,m,110,111,,,T000070;T000122;T000359;T000479;T001131
2X7nddH05nM$uzVefnpapd,T000333,ELE-CABLE-TEST,Power cable run 7,L00,L00-Z11,electrical,electrical_instrumentation,6.0,m,111,112,,,T000332
2aw$HxYOEgKwWN1hbOMpsf,T000334,CIV-EARTH-CUT,Pad footing F-7-6,L00,L00-Z11,civil,earthworks,19.08,m3,2,3,,,T000247;T000318
2aw$HxYOEgKwWN1hbOMpsf,T000335,STR-FOOT-REBAR,Pad footing F-7-6,L00,L00-Z11,concrete,foundations,0.636,t,19,20,,,T000334
2aw$HxYOEgKwWN1hbOMpsf,T000336,STR-FOOT-POUR,Pad footing F-7-6,L00,L00-Z11,concrete,foundations,6.36,m3,37,38,,,T000335
2cu2d$g1Yx2L1lmi9eOv$W,T000337,ELE-TRAY-INSTALL,Cable tray N-6,L00,L00-Z11,electrical,electrical_instrumentation,6.0,m,84,85,,,T000249;T000287;T000354
2eKQkZMtwXY$6E$OK3qhIS,T000338,PIP-PIPE-INSTALL,Process pipe P-109 seg 1,L00,L00-Z11,piping,piping,6.0,m,85,86,,,T000281;T000292;T000323;T000372;T001775
2eKQkZMtwXY$6E$OK3qhIS,T000339,PIP-PIPE-TEST,Process pipe P-109 seg 1,L00,L00-Z11,piping,piping,6.0,m,87,88,,,T000250;T000301;T000338;T000341
2eKQkZMtwXY$6E$OK3qhIS,T000340,CX-PIPE-FLUSH,Process pipe P-109 seg 1,L00,L00-Z11,commissioning,precommissioning,6.0,m,132,133,,,T000339
2edR7vqSwSD23F$jLIFAlv,T000341,PIP-FITTING-INSTALL,Isolation valve P-109-2,L00,L00-Z11,piping,piping,1.0,ea,86,87,,,T000338;T000356
2eq5SI2XrbJPgTmV$hW__w,T000342,CIV-EARTH-CUT,Pad footing F-5-7,L00,L00-Z11,civil,earthworks,18.99,m3,2,3,,,T000247;T000318
2eq5SI2XrbJPgTmV$hW__w,T000343,STR-FOOT-REBAR,Pad footing F-5-7,L00,L00-Z11,concrete,foundations,0.633,t,19,20,,,T000342
2eq5SI2XrbJPgTmV$hW__w,T000344,STR-FOOT-POUR,Pad footing F-5-7,L00,L00-Z11,concrete,foundations,6.33,m3,38,39,,,T000343
2lpWP9JDRZMXDGngZyQL0T,T000345,ARC-ROOF-DECK,Roof sheeting R-4-6,L00,L00-Z11,steel,steel,144.0,m2,82,83,,,T000270;T000281;T000287;T000292;T000299;T000354;T000361;T000369;T000372;T000379
2qbjo3ENfsNjV9RllIeF1e,T000346,ARC-CLAD-INSTALL,Cladding N-4,L00,L00-Z11,steel,steel,60.0,m2,83,84,,,T000249;T000299;T000379
30Fi85rzdvhmyGHwvvJfBq,T000347,STR-STEEL-BEAM,Roof beam X B-6-7,L00,L00-Z11,steel,steel,0.81,t,80,81,,,T000380
30Fi85rzdvhmyGHwvvJfBq,T000348,STR-STEEL-CONN,Roof beam X B-6-7,L00,L00-Z11,steel,steel,0.81,t,81,82,,,T000347
312Za2tMDCJUOWjYoAlpwV,T000349,CIV-EARTH-CUT,Pad footing F-7-7,L00,L00-Z11,civil,earthworks,13.59,m3,2,3,,,T000247;T000318
312Za2tMDCJUOWjYoAlpwV,T000350,STR-FOOT-REBAR,Pad footing F-7-7,L00,L00-Z11,concrete,foundations,0.453,t,20,21,,,T000349
312Za2tMDCJUOWjYoAlpwV,T000351,STR-FOOT-POUR,Pad footing F-7-7,L00,L00-Z11,concrete,foundations,4.53,m3,38,39,,,T000350
35ZrFFvLfnU2a20xaGp45h,T000352,ARC-CLAD-INSTALL,Cladding N-5,L00,L00-Z11,steel,steel,60.0,m2,82,83,,,T000249;T000287;T000354
3EFlb5JFldlcb_3IIr6daR,T000353,STR-STEEL-BEAM,Roof beam X B-5-7,L00,L00-Z11,steel,steel,1.06,t,80,81,,,T000286
3EFlb5JFldlcb_3IIr6daR,T000354,STR-STEEL-CONN,Roof beam X B-5-7,L00,L00-Z11,steel,steel,1.06,t,81,82,,,T000353
3F1AbOlnBa7UbeVA6zZrHO,T000355,PIP-FITTING-INSTALL,Process tee P-105,L00,L00-Z11,piping,piping,1.0,ea,130,131,,,T000251;T000260;T000274;T001687;T001796
3GtpfqOOx0EZ75jJu83lf5,T000356,PIP-PIPE-INSTALL,Process pipe P-109 seg 2,L00,L00-Z11,piping,piping,6.0,m,85,86,,,T000287;T000323;T000354;T001775
3GtpfqOOx0EZ75jJu83lf5,T000357,PIP-PIPE-TEST,Process pipe P-109 seg 2,L00,L00-Z11,piping,piping,6.0,m,87,88,,,T000250;T000301;T000341;T000356
3GtpfqOOx0EZ75jJu83lf5,T000358,CX-PIPE-FLUSH,Process pipe P-109 seg 2,L00,L00-Z11,commissioning,precommissioning,6.0,m,132,133,,,T000357
3JqMbN5tm9gX3hCOQDS55Y,T000359,ELE-TRAY-INSTALL,Cable tray N-7,L00,L00-Z11,electrical,electrical_instrumentation,6.0,m,84,85,,,T000320;T000348;T000381
3OC4n_W6kS91Q_Ax7krl7Y,T000360,STR-STEEL-COL,Steel column C-4-6,L00,L00-Z11,steel,steel,1.04,t,79,80,,,T000331
3OC4n_W6kS91Q_Ax7krl7Y,T000361,STR-STEEL-CONN,Steel column C-4-6,L00,L00-Z11,steel,steel,1.04,t,81,82,,,T000269;T000360;T000368
3OC4n_W6kS91Q_Ax7krl7Y,T000362,INS-COATING-APPLY,Steel column C-4-6,L00,L00-Z11,insulation,insulation,22.88,m2,136,137,,,T000361
3RPYYHDUV6ST6CqgyCH0Kq,T000363,CIV-EARTH-CUT,Pad footing F-5-6,L00,L00-Z11,civil,earthworks,17.43,m3,2,3,,,T000247;T000318
3RPYYHDUV6ST6CqgyCH0Kq,T000364,STR-FOOT-REBAR,Pad footing F-5-6,L00,L00-Z11,concrete,foundations,0.581,t,20,21,,,T000363
3RPYYHDUV6ST6CqgyCH0Kq,T000365,STR-FOOT-POUR,Pad footing F-5-6,L00,L00-Z11,concrete,foundations,5.81,m3,38,39,,,T000364
3T72se8YryE$ivt2KaOyiu,T000366,STR-STEEL-BEAM,Roof beam X B-7-6,L00,L00-Z11,steel,steel,0.94,t,80,81,,,T000302
3T72se8YryE$ivt2KaOyiu,T000367,STR-STEEL-CONN,Roof beam X B-7-6,L00,L00-Z11,steel,steel,0.94,t,81,82,,,T000296;T000366
3XhNRNAXDt20oE1Lzwp_ck,T000368,STR-STEEL-BEAM,Roof beam X B-4-6,L00,L00-Z11,steel,steel,1.15,t,80,81,,,T000360
3XhNRNAXDt20oE1Lzwp_ck,T000369,STR-STEEL-CONN,Roof beam X B-4-6,L00,L00-Z11,steel,steel,1.15,t,81,82,,,T000269;T000368
3YLHwFGeIqvFUz_ZfzSBXb,T000370,ARC-CLAD-INSTALL,Cladding N-6,L00,L00-Z11,steel,steel,60.0,m2,83,84,,,T000320;T000348;T000381
3cBGH1OE2O3QzIUtOBcxIy,T000371,STR-STEEL-BEAM,Roof beam X B-5-6,L00,L00-Z11,steel,steel,1.11,t,80,81,,,T000280
3cBGH1OE2O3QzIUtOBcxIy,T000372,STR-STEEL-CONN,Roof beam X B-5-6,L00,L00-Z11,steel,steel,1.11,t,81,82,,,T000291;T000371
3h5uZBL3dFAO6Oy2FN2ZQV,T000373,STR-STEEL-BEAM,Roof beam X B-7-7,L00,L00-Z11,steel,steel,0.93,t,80,81,,,T000271
3h5uZBL3dFAO6Oy2FN2ZQV,T000374,STR-STEEL-CONN,Roof beam X B-7-7,L00,L00-Z11,steel,steel,0.93,t,81,82,,,T000373
3jeflqtfURmWkvvo04a2Hc,T000375,STR-STEEL-COL,Steel column C-6-6,L00,L00-Z11,steel,steel,1.36,t,79,80,,,T000385
3jeflqtfURmWkvvo04a2Hc,T000376,STR-STEEL-CONN,Steel column C-6-6,L00,L00-Z11,steel,steel,1.36,t,81,82,,,T000267;T000283;T000375
3jeflqtfURmWkvvo04a2Hc,T000377,INS-COATING-APPLY,Steel column C-6-6,L00,L00-Z11,insulation,insulation,29.92,m2,136,137,,,T000376
3oX$su_rKIG_wGFRwy4KlF,T000378,STR-STEEL-BEAM,Roof beam X B-4-7,L00,L00-Z11,steel,steel,1.11,t,80,81,,,T000298
3oX$su_rKIG_wGFRwy4KlF,T000379,STR-STEEL-CONN,Roof beam X B-4-7,L00,L00-Z11,steel,steel,1.11,t,81,82,,,T000378
3w5Vo5n6ObuocaxLsb6Ixv,T000380,STR-STEEL-COL,Steel column C-6-7,L00,L00-Z11,steel,steel,1.26,t,79,80,,,T000327
3w5Vo5n6ObuocaxLsb6Ixv,T000381,STR-STEEL-CONN,Steel column C-6-7,L00,L00-Z11,steel,steel,1.26,t,81,82,,,T000347;T000380
3w5Vo5n6ObuocaxLsb6Ixv,T000382,INS-COATING-APPLY,Steel column C-6-7,L00,L00-Z11,insulation,insulation,27.72,m2,137,138,,,T000381
3zPafa7BT4MrM4o$Nb41cD,T000383,CIV-EARTH-CUT,Pad footing F-6-6,L00,L00-Z11,civil,earthworks,17.43,m3,2,3,,,T000247;T000318
3zPafa7BT4MrM4o$Nb41cD,T000384,STR-FOOT-REBAR,Pad footing F-6-6,L00,L00-Z11,concrete,foundations,0.581,t,20,21,,,T000383
3zPafa7BT4MrM4o$Nb41cD,T000385,STR-FOOT-POUR,Pad footing F-6-6,L00,L00-Z11,concrete,foundations,5.81,m3,38,39,,,T000384
06uwEDD5DLFQkKbu$CJkgH,T000386,STR-STEEL-BEAM,Roof beam X B-10-6,L00,L00-Z12,steel,steel,1.24,t,84,85,,,T000506
06uwEDD5DLFQkKbu$CJkgH,T000387,STR-STEEL-CONN,Roof beam X B-10-6,L00,L00-Z12,steel,steel,1.24,t,85,86,,,T000386;T000475
0I4cgB6DrMKaMwk4Bcflm8,T000388,STR-STEEL-COL,Steel column C-10-7,L00,L00-Z12,steel,steel,1.36,t,83,84,,,T000408
0I4cgB6DrMKaMwk4Bcflm8,T000389,STR-STEEL-CONN,Steel column C-10-7,L00,L00-Z12,steel,steel,1.36,t,85,86,,,T000388;T000417
0I4cgB6DrMKaMwk4Bcflm8,T000390,INS-COATING-APPLY,Steel column C-10-7,L00,L00-Z12,insulation,insulation,29.92,m2,137,138,,,T000389
0JdqL7fN37cnCeIqfXmF6P,T000391,STR-STEEL-BEAM,Roof beam X B-9-7,L00,L00-Z12,steel,steel,0.85,t,84,85,,,T000449
0JdqL7fN37cnCeIqfXmF6P,T000392,STR-STEEL-CONN,Roof beam X B-9-7,L00,L00-Z12,steel,steel,0.85,t,85,86,,,T000391
0NHzfV0XnUvYgc1XkU7Fxd,T000393,CIV-EARTH-CUT,Pad footing F-8-6,L00,L00-Z12,civil,earthworks,14.01,m3,2,3,,,T000438;T000456
0NHzfV0XnUvYgc1XkU7Fxd,T000394,STR-FOOT-REBAR,Pad footing F-8-6,L00,L00-Z12,concrete,foundations,0.467,t,20,21,,,T000393
0NHzfV0XnUvYgc1XkU7Fxd,T000395,STR-FOOT-POUR,Pad footing F-8-6,L00,L00-Z12,concrete,foundations,4.67,m3,39,40,,,T000394
0PVtpxwp4yR9Ls_zTANGun,T000396,PIP-FITTING-INSTALL,Process tee P-110,L00,L00-Z12,piping,piping,1.0,ea,130,131,,,T000487;T000490
0TDrsYp3KLcPHGg6BdIiwo,T000397,ARC-RAIL-INSTALL,Handrail ST-2-3,L00,L00-Z12,steel,steel,6.0,m,87,88,,,T000404;T000422;T000463
0U0_eTdFfJ19SnMp7apTyk,T000398,PIP-FITTING-INSTALL,Isolation valve P-110-2,L00,L00-Z12,piping,piping,1.0,ea,130,131,,,T000487;T000490
0XOubtv6z2FyKr43EQslF6,T000399,ELE-TRAY-INSTALL,Cable tray N-12,L00,L00-Z12,electrical,electrical_instrumentation,6.0,m,89,90,,,T000404;T000422;T000458
0Z4Me2QIo9cKUngnHAi6Ct,T000400,CIV-EARTH-CUT,Pad footing F-9-7,L00,L00-Z12,civil,earthworks,13.77,m3,2,3,,,T000438;T000456
0Z4Me2QIo9cKUngnHAi6Ct,T000401,STR-FOOT-REBAR,Pad footing F-9-7,L00,L00-Z12,concrete,foundations,0.459,t,20,21,,,T000400
0Z4Me2QIo9cKUngnHAi6Ct,T000402,STR-FOOT-POUR,Pad footing F-9-7,L00,L00-Z12,concrete,foundations,4.59,m3,39,40,,,T000401
0byHFZgqQQ7DBzaseXjG$$,T000403,STR-STEEL-COL,Steel column C-11-7,L00,L00-Z12,steel,steel,1.43,t,83,84,,,T000446
0byHFZgqQQ7DBzaseXjG$$,T000404,STR-STEEL-CONN,Steel column C-11-7,L00,L00-Z12,steel,steel,1.43,t,85,86,,,T000403;T000421
0byHFZgqQQ7DBzaseXjG$$,T000405,INS-COATING-APPLY,Steel column C-11-7,L00,L00-Z12,insulation,insulation,31.46,m2,137,138,,,T000404
0hof3Yv_TjmtNmAbV9AYJm,T000406,CIV-EARTH-CUT,Pad footing F-10-7,L00,L00-Z12,civil,earthworks,14.88,m3,2,3,,,T000438;T000456
0hof3Yv_TjmtNmAbV9AYJm,T000407,STR-FOOT-REBAR,Pad footing F-10-7,L00,L00-Z12,concrete,foundations,0.496,t,20,21,,,T000406
0hof3Yv_TjmtNmAbV9AYJm,T000408,STR-FOOT-POUR,Pad footing F-10-7,L00,L00-Z12,concrete,foundations,4.96,m3,39,40,,,T000407
0si878y4aqNHrlmvmmAHiF,T000409,CIV-EARTH-CUT,Pad footing F-11-6,L00,L00-Z12,civil,earthworks,16.98,m3,2,3,,,T000438;T000456
0si878y4aqNHrlmvmmAHiF,T000410,STR-FOOT-REBAR,Pad footing F-11-6,L00,L00-Z12,concrete,foundations,0.566,t,20,21,,,T000409
0si878y4aqNHrlmvmmAHiF,T000411,STR-FOOT-POUR,Pad footing F-11-6,L00,L00-Z12,concrete,foundations,5.66,m3,39,40,,,T000410
0wEjrVci$M2JomlpnLjCHf,T000412,ELE-TRAY-INSTALL,Cable tray N-10,L00,L00-Z12,electrical,electrical_instrumentation,6.0,m,89,90,,,T000392;T000440;T000450
0whyrjUQdPEBmgdO3gNTFI,T000413,IC-INSTR-INSTALL,Pressure transmitter P-110,L00,L00-Z12,instrumentation,electrical_instrumentation,1.0,ea,130,131,,,T000399;T000412;T000459;T000490;T000501
0whyrjUQdPEBmgdO3gNTFI,T000414,IC-LOOP-CHECK,Pressure transmitter P-110,L00,L00-Z12,instrumentation,precommissioning,1.0,ea,132,133,,,T000413
0zf2pz$nC5slL0CYV9Gxuq,T000415,ELE-CABLE-PULL,Power cable run 9,L00,L00-Z12,electrical,electrical_instrumentation,6.0,m,110,111,,,T000070;T000122;T000479;T000501;T001131
0zf2pz$nC5slL0CYV9Gxuq,T000416,ELE-CABLE-TEST,Power cable run 9,L00,L00-Z12,electrical,electrical_instrumentation,6.0,m,111,112,,,T000415
1$nEY7exq8z3qT2YCVGcqv,T000417,STR-STEEL-BEAM,Roof beam X B-10-7,L00,L00-Z12,steel,steel,0.84,t,84,85,,,T000388
1$nEY7exq8z3qT2YCVGcqv,T000418,STR-STEEL-CONN,Roof beam X B-10-7,L00,L00-Z12,steel,steel,0.84,t,85,86,,,T000417
162jXjKM48htETFS_Xhj5Y,T000419,STR-STEEL-BEAM,Roof beam X B-9-6,L00,L00-Z12,steel,steel,0.88,t,84,85,,,T000423
162jXjKM48htETFS_Xhj5Y,T000420,STR-STEEL-CONN,Roof beam X B-9-6,L00,L00-Z12,steel,steel,0.88,t,85,86,,,T000419;T000473
1IlLVsv50xbL07zYWmiRa5,T000421,STR-STEEL-BEAM,Roof beam X B-11-7,L00,L00-Z12,steel,steel,0.75,t,84,85,,,T000403
1IlLVsv50xbL07zYWmiRa5,T000422,STR-STEEL-CONN,Roof beam X B-11-7,L00,L00-Z12,steel,steel,0.75,t,85,86,,,T000421
1J6ovBStboIGhAy6pXAptG,T000423,STR-STEEL-COL,Steel column C-9-6,L00,L00-Z12,steel,steel,1.13,t,83,84,,,T000455
1J6ovBStboIGhAy6pXAptG,T000424,STR-STEEL-CONN,Steel column C-9-6,L00,L00-Z12,steel,steel,1.13,t,85,86,,,T000419;T000423;T000473
1J6ovBStboIGhAy6pXAptG,T000425,INS-COATING-APPLY,Steel column C-9-6,L00,L00-Z12,insulation,insulation,24.86,m2,137,138,,,T000424
1LfuEQ_Bv7wGrw7xd2oW0R,T000426,CIV-EARTH-CUT,Pad footing F-10-6,L00,L00-Z12,civil,earthworks,16.95,m3,2,3,,,T000438;T000456
1LfuEQ_Bv7wGrw7xd2oW0R,T000427,STR-FOOT-REBAR,Pad footing F-10-6,L00,L00-Z12,concrete,foundations,0.565,t,21,22,,,T000426
1LfuEQ_Bv7wGrw7xd2oW0R,T000428,STR-FOOT-POUR,Pad footing F-10-6,L00,L00-Z12,concrete,foundations,5.65,m3,40,41,,,T000427
1Mjp7mNhRl6nVzV8E7Yo_Z,T000429,PIP-FITTING-INSTALL,Isolation valve P-110-1,L00,L00-Z12,piping,piping,1.0,ea,130,131,,,T000487;T000490
1SSdgC8145r5jV0qWV1JEB,T000430,PIP-PIPE-INSTALL,Process pipe P-107 seg 4,L00,L00-Z12,piping,piping,6.0,m,103,104,,,T000389;T000418;T001488;T001850
1SSdgC8145r5jV0qWV1JEB,T000431,PIP-PIPE-TEST,Process pipe P-107 seg 4,L00,L00-Z12,piping,piping,6.0,m,105,106,,,T000430;T000512;T001838;T001863
1SSdgC8145r5jV0qWV1JEB,T000432,CX-PIPE-FLUSH,Process pipe P-107 seg 4,L00,L00-Z12,commissioning,precommissioning,6.0,m,132,133,,,T000431
1XRxX4ENyHxflm4fDj1Kry,T000433,ARC-RAIL-INSTALL,Handrail ST-2-1,L00,L00-Z12,steel,steel,6.0,m,87,88,,,T000404;T000422;T000463
1cA4Bpmmy71LA$tgC5TRyY,T000434,CIV-EARTH-CUT,Pad footing F-8-7,L00,L00-Z12,civil,earthworks,19.44,m3,2,3,,,T000438;T000456
1cA4Bpmmy71LA$tgC5TRyY,T000435,STR-FOOT-REBAR,Pad footing F-8-7,L00,L00-Z12,concrete,foundations,0.648,t,21,22,,,T000434
1cA4Bpmmy71LA$tgC5TRyY,T000436,STR-FOOT-POUR,Pad footing F-8-7,L00,L00-Z12,concrete,foundations,6.48,m3,40,41,,,T000435
1cd0_PE80JFCVQDy3uo7Fc,T000437,ARC-CLAD-INSTALL,Cladding N-11,L00,L00-Z12,steel,steel,60.0,m2,86,87,,,T000404;T000422;T000458
1fVreY9lF6MS5p8xadfBw1,T000438,GEN-SITE-PREP,Ground slab S-8-6,L00,L00-Z12,civil,mobilise,144.0,m2,0,1,,,
1fVreY9lF6MS5p8xadfBw1,T000439,CIV-EARTH-FILL,Ground slab S-8-6,L00,L00-Z12,civil,earthworks,43.2,m3,3,4,,,T000393;T000400;T000406;T000409;T000426;T000434;T000438;T000444;T000453
1fVreY9lF6MS5p8xadfBw1,T000440,STR-GSLAB-POUR,Ground slab S-8-6,L00,L00-Z12,concrete,foundations,43.2,m3,79,83,,,T000395;T000402;T000436;T000439;T000455
1hxGbnrkyKQaBzGMPK_Cr$,T000441,STR-STEEL-BEAM,Roof beam X B-8-6,L00,L00-Z12,steel,steel,0.84,t,84,85,,,T000503
1hxGbnrkyKQaBzGMPK_Cr$,T000442,STR-STEEL-CONN,Roof beam X B-8-6,L00,L00-Z12,steel,steel,0.84,t,85,86,,,T000441;T000464
1mlM1PukO0dgClW1Y4Zzo5,T000443,ARC-ROOF-DECK,Roof sheeting R-10-6,L00,L00-Z12,steel,steel,144.0,m2,87,88,,,T000387;T000389;T000404;T000418;T000422;T000448;T000476;T000485;T000496;T000507
1nekDB0dukYDGBNtvqD3Bj,T000444,CIV-EARTH-CUT,Pad footing F-11-7,L00,L00-Z12,civil,earthworks,17.76,m3,2,3,,,T000438;T000456
1nekDB0dukYDGBNtvqD3Bj,T000445,STR-FOOT-REBAR,Pad footing F-11-7,L00,L00-Z12,concrete,foundations,0.592,t,21,22,,,T000444
1nekDB0dukYDGBNtvqD3Bj,T000446,STR-FOOT-POUR,Pad footing F-11-7,L00,L00-Z12,concrete,foundations,5.92,m3,40,41,,,T000445
1ur0VyhaLAYlrkVJrTHsqq,T000447,STR-STEEL-BEAM,Roof beam X B-11-6,L00,L00-Z12,steel,steel,0.77,t,84,85,,,T000484
1ur0VyhaLAYlrkVJrTHsqq,T000448,STR-STEEL-CONN,Roof beam X B-11-6,L00,L00-Z12,steel,steel,0.77,t,85,86,,,T000447;T000495
21w$$0$URywquA0VZQ6NI7,T000449,STR-STEEL-COL,Steel column C-9-7,L00,L00-Z12,steel,steel,1.34,t,83,84,,,T000402
21w$$0$URywquA0VZQ6NI7,T000450,STR-STEEL-CONN,Steel column C-9-7,L00,L00-Z12,steel,steel,1.34,t,85,86,,,T000391;T000449
21w$$0$URywquA0VZQ6NI7,T000451,INS-COATING-APPLY,Steel column C-9-7,L00,L00-Z12,insulation,insulation,29.48,m2,137,138,,,T000450
28LNgwI1ysg2MX9L1jy0_V,T000452,ARC-CLAD-INSTALL,Cladding N-8,L00,L00-Z12,steel,steel,60.0,m2,86,87,,,T000440;T000494;T000499
2FblSSHzJwlryRVAvk9E7P,T000453,CIV-EARTH-CUT,Pad footing F-9-6,L00,L00-Z12,civil,earthworks,14.46,m3,2,3,,,T000438;T000456
2FblSSHzJwlryRVAvk9E7P,T000454,STR-FOOT-REBAR,Pad footing F-9-6,L00,L00-Z12,concrete,foundations,0.482,t,21,22,,,T000453
2FblSSHzJwlryRVAvk9E7P,T000455,STR-FOOT-POUR,Pad footing F-9-6,L00,L00-Z12,concrete,foundations,4.82,m3,40,41,,,T000454
2PbcVxl$PVJ0q3Ti1g0mdD,T000456,GEN-SITE-PREP,Ground slab S-10-6,L00,L00-Z12,civil,mobilise,144.0,m2,0,1,,,
2PbcVxl$PVJ0q3Ti1g0mdD,T000457,CIV-EARTH-FILL,Ground slab S-10-6,L00,L00-Z12,civil,earthworks,43.2,m3,3,4,,,T000393;T000400;T000406;T000409;T000426;T000434;T000444;T000453;T000456
2PbcVxl$PVJ0q3Ti1g0mdD,T000458,STR-GSLAB-POUR,Ground slab S-10-6,L00,L00-Z12,concrete,foundations,43.2,m3,79,83,,,T000408;T000411;T000428;T000446;T000457
2QpDmb3Xbe1Lo1fLF4KpHw,T000459,ELE-TRAY-INSTALL,Cable tray N-11,L00,L00-Z12,electrical,electrical_instrumentation,6.0,m,89,90,,,T000389;T000418;T000458
2Rm4JmA9SrF6yueYObVgVk,T000460,ARC-CLAD-INSTALL,Cladding E-7,L00,L00-Z12,steel,steel,60.0,m2,87,88,,,T000404;T000422;T000458
2XpzPfuXGIQRJIK2DbWJiJ,T000461,PRC-PUMP-SET,Pump P-110A,L00,L00-Z12,mechanical,equipment,1.0,ea,89,90,,,T000440
2XpzPfuXGIQRJIK2DbWJiJ,T000462,CX-PROCESS-STARTUP,Pump P-110A,L00,L00-Z12,commissioning,commissioning,1.0,ea,145,147,,,T000461;T000488;T000489;T000491;T000492
2XuXB_jkivL4nJQtiaQhYB,T000463,ARC-STAIR-INSTALL,Access stair ST-2,L00,L00-Z12,steel,steel,1.0,ea,86,87,,,T000404;T000422
2bkt5nUQ9J$C1IdB$CweLb,T000464,STR-STEEL-BEAM,Roof beam Z B-8-6,L00,L00-Z12,steel,steel,0.81,t,84,85,,,T000503
2bkt5nUQ9J$C1IdB$CweLb,T000465,STR-STEEL-CONN,Roof beam Z B-8-6,L00,L00-Z12,steel,steel,0.81,t,85,86,,,T000441;T000464
2dMtfHPWHrPcdAcxNmtCHu,T000466,ARC-CLAD-INSTALL,Cladding N-10,L00,L00-Z12,steel,steel,60.0,m2,86,87,,,T000389;T000418;T000458
2deARLZItu_WFtiM3kxisR,T000467,ARC-ROOF-DECK,Roof sheeting R-8-6,L00,L00-Z12,steel,steel,144.0,m2,87,88,,,T000392;T000420;T000424;T000442;T000450;T000465;T000474;T000494;T000499;T000504
2f1RKi19$RmeWGoNaDwWN7,T000468,PIP-PIPE-INSTALL,Process pipe P-107 seg 3,L00,L00-Z12,piping,piping,6.0,m,103,104,,,T000387;T000476;T000507;T001488;T001850
2f1RKi19$RmeWGoNaDwWN7,T000469,PIP-PIPE-TEST,Process pipe P-107 seg 3,L00,L00-Z12,piping,piping,6.0,m,105,106,,,T000468;T000512;T001838;T001863
2f1RKi19$RmeWGoNaDwWN7,T000470,CX-PIPE-FLUSH,Process pipe P-107 seg 3,L00,L00-Z12,commissioning,precommissioning,6.0,m,132,133,,,T000469
2hCNjdKxN2uwtpyVWlhzpc,T000471,ARC-RAIL-INSTALL,Handrail ST-2-2,L00,L00-Z12,steel,steel,6.0,m,87,88,,,T000404;T000422;T000463
2jxjsxrqx33rBHcVlGb6oG,T000472,ARC-WINDOW-INSTALL,Clerestory window N-10,L00,L00-Z12,steel,steel,1.0,ea,87,88,,,T000466
2kjB9MwXyWuHF_5kapqGuk,T000473,STR-STEEL-BEAM,Roof beam Z B-9-6,L00,L00-Z12,steel,steel,0.56,t,84,85,,,T000423
2kjB9MwXyWuHF_5kapqGuk,T000474,STR-STEEL-CONN,Roof beam Z B-9-6,L00,L00-Z12,steel,steel,0.56,t,85,86,,,T000419;T000473
2lAqvX57V1JDbmKp9SnxBi,T000475,STR-STEEL-BEAM,Roof beam Z B-10-6,L00,L00-Z12,steel,steel,0.7,t,84,85,,,T000506
2lAqvX57V1JDbmKp9SnxBi,T000476,STR-STEEL-CONN,Roof beam Z B-10-6,L00,L00-Z12,steel,steel,0.7,t,85,86,,,T000386;T000475
2rU1Jvl160R5inpDjQ2jnb,T000477,ELE-CABLE-PULL,Power cable run 11,L00,L00-Z12,electrical,electrical_instrumentation,6.0,m,110,111,,,T000070;T000122;T000459;T000479;T001131
2rU1Jvl160R5inpDjQ2jnb,T000478,ELE-CABLE-TEST,Power cable run 11,L00,L00-Z12,electrical,electrical_instrumentation,6.0,m,111,112,,,T000477
2t$pcvvdBrPnis4Wg42qVj,T000479,ELE-SWGR-SET,MCC-2,L00,L00-Z12,electrical,equipment,1.0,ea,89,90,,,T000437;T000443;T000458;T000460
2t$pcvvdBrPnis4Wg42qVj,T000480,CX-POWER-ENERGISE,MCC-2,L00,L00-Z12,commissioning,commissioning,1.0,ea,173,174,,,T000070;T000122;T000126;T000145;T000155;T000162;T000255;T000314;T000322;T000333;T000416;T000478;T000479;T000483;T000511;T001131
2t$pcvvdBrPnis4Wg42qVj,T000481,GEN-HANDOVER-DOC,MCC-2,L00,L00-Z12,commissioning,handover,1.0,ea,175,176,,,T000071;T000123;T000480;T001132
2tzHesMNNF1gURbu3X$dzn,T000482,ELE-CABLE-PULL,Power cable run 12,L00,L00-Z12,electrical,electrical_instrumentation,6.0,m,110,111,,,T000070;T000122;T000399;T000479;T001131
2tzHesMNNF1gURbu3X$dzn,T000483,ELE-CABLE-TEST,Power cable run 12,L00,L00-Z12,electrical,electrical_instrumentation,6.0,m,111,112,,,T000482
2uIu5TPlJAE6VIa1hEdvy2,T000484,STR-STEEL-COL,Steel column C-11-6,L00,L00-Z12,steel,steel,1.02,t,83,84,,,T000411
2uIu5TPlJAE6VIa1hEdvy2,T000485,STR-STEEL-CONN,Steel column C-11-6,L00,L00-Z12,steel,steel,1.02,t,85,86,,,T000447;T000484;T000495
2uIu5TPlJAE6VIa1hEdvy2,T000486,INS-COATING-APPLY,Steel column C-11-6,L00,L00-Z12,insulation,insulation,22.44,m2,137,138,,,T000485
2v$jN7z0H2WLtK19$CHBJd,T000487,PIP-PIPE-INSTALL,Process pipe P-110 seg 2,L00,L00-Z12,piping,piping,6.0,m,129,130,,,T000461;T000494;T000499;T000864;T000977;T000986;T001826
2v$jN7z0H2WLtK19$CHBJd,T000488,PIP-PIPE-TEST,Process pipe P-110 seg 2,L00,L00-Z12,piping,piping,6.0,m,131,132,,,T000396;T000398;T000429;T000487
2v$jN7z0H2WLtK19$CHBJd,T000489,CX-PIPE-FLUSH,Process pipe P-110 seg 2,L00,L00-Z12,commissioning,precommissioning,6.0,m,132,133,,,T000488
2y5keW9M8lBsY99hgsY2Bm,T000490,PIP-PIPE-INSTALL,Process pipe P-110 seg 1,L00,L00-Z12,piping,piping,6.0,m,129,130,,,T000442;T000461;T000465;T000504;T000864;T000977;T000986;T001826
2y5keW9M8lBsY99hgsY2Bm,T000491,PIP-PIPE-TEST,Process pipe P-110 seg 1,L00,L00-Z12,piping,piping,6.0,m,131,132,,,T000396;T000398;T000429;T000490
2y5keW9M8lBsY99hgsY2Bm,T000492,CX-PIPE-FLUSH,Process pipe P-110 seg 1,L00,L00-Z12,commissioning,precommissioning,6.0,m,132,133,,,T000491
3Afp5_2htNr3emWBECLaIN,T000493,STR-STEEL-BEAM,Roof beam X B-8-7,L00,L00-Z12,steel,steel,1.2,t,84,85,,,T000498
3Afp5_2htNr3emWBECLaIN,T000494,STR-STEEL-CONN,Roof beam X B-8-7,L00,L00-Z12,steel,steel,1.2,t,85,86,,,T000493
3DANDotPpg8eh_RyEZw4Jy,T000495,STR-STEEL-BEAM,Roof beam Z B-11-6,L00,L00-Z12,steel,steel,0.69,t,84,85,,,T000484
3DANDotPpg8eh_RyEZw4Jy,T000496,STR-STEEL-CONN,Roof beam Z B-11-6,L00,L00-Z12,steel,steel,0.69,t,85,86,,,T000447;T000495
3E52bTLICCcgv_iW_Wkw1j,T000497,ARC-WINDOW-INSTALL,Clerestory window N-8,L00,L00-Z12,steel,steel,1.0,ea,87,88,,,T000452
3Kmm5LgJKIM6rddvaNFGP0,T000498,STR-STEEL-COL,Steel column C-8-7,L00,L00-Z12,steel,steel,1.27,t,83,84,,,T000436
3Kmm5LgJKIM6rddvaNFGP0,T000499,STR-STEEL-CONN,Steel column C-8-7,L00,L00-Z12,steel,steel,1.27,t,85,86,,,T000493;T000498
3Kmm5LgJKIM6rddvaNFGP0,T000500,INS-COATING-APPLY,Steel column C-8-7,L00,L00-Z12,insulation,insulation,27.94,m2,137,138,,,T000499
3L77votKwtVTMQnQRzqAhE,T000501,ELE-TRAY-INSTALL,Cable tray N-9,L00,L00-Z12,electrical,electrical_instrumentation,6.0,m,89,90,,,T000440;T000494;T000499
3MXigorZdO5hFtwiaE1$Ix,T000502,ARC-CLAD-INSTALL,Cladding N-9,L00,L00-Z12,steel,steel,60.0,m2,87,88,,,T000392;T000440;T000450
3M_Cc4mA7gitrFT1m6d5eJ,T000503,STR-STEEL-COL,Steel column C-8-6,L00,L00-Z12,steel,steel,1.41,t,83,84,,,T000395
3M_Cc4mA7gitrFT1m6d5eJ,T000504,STR-STEEL-CONN,Steel column C-8-6,L00,L00-Z12,steel,steel,1.41,t,85,86,,,T000441;T000464;T000503
3M_Cc4mA7gitrFT1m6d5eJ,T000505,INS-COATING-APPLY,Steel column C-8-6,L00,L00-Z12,insulation,insulation,31.02,m2,138,139,,,T000504
3P_oPVV9YtfBEqskiOfi3d,T000506,STR-STEEL-COL,Steel column C-10-6,L00,L00-Z12,steel,steel,1.43,t,83,84,,,T000428
3P_oPVV9YtfBEqskiOfi3d,T000507,STR-STEEL-CONN,Steel column C-10-6,L00,L00-Z12,steel,steel,1.43,t,85,86,,,T000386;T000475;T000506
3P_oPVV9YtfBEqskiOfi3d,T000508,INS-COATING-APPLY,Steel column C-10-6,L00,L00-Z12,insulation,insulation,31.46,m2,138,139,,,T000507
3e5T7XW2j5UiD9uE9UQflr,T000509,ARC-CLAD-INSTALL,Cladding E-6,L00,L00-Z12,steel,steel,60.0,m2,88,89,,,T000448;T000458;T000485;T000496
3o_20wd$WjapZ9OcEqxVaw,T000510,ELE-CABLE-PULL,Power cable run 10,L00,L00-Z12,electrical,electrical_instrumentation,6.0,m,110,111,,,T000070;T000122;T000412;T000479;T001131
3o_20wd$WjapZ9OcEqxVaw,T000511,ELE-CABLE-TEST,Power cable run 10,L00,L00-Z12,electrical,electrical_instrumentation,6.0,m,111,112,,,T000510
3ouSH0agwgvfNBLsdLo5TU,T000512,PIP-FITTING-INSTALL,Process tee P-107,L00,L00-Z12,piping,piping,1.0,ea,104,105,,,T000430;T000468;T001823;T001864
00VoGNB8yUIx$KsYVifffL,T000513,ELE-XFMR-SET,Transformer T-1,L00,L00-Z13,electrical,equipment,1.0,ea,120,121,,,T000518
00VoGNB8yUIx$KsYVifffL,T000514,CX-POWER-ENERGISE,Transformer T-1,L00,L00-Z13,commissioning,commissioning,1.0,ea,173,174,,,T000513;T000520;T000568;T000582;T000591;T000639
00VoGNB8yUIx$KsYVifffL,T000515,GEN-HANDOVER-DOC,Transformer T-1,L00,L00-Z13,commissioning,handover,1.0,ea,175,176,,,T000514;T000640
01YdwX3TuBE4_bGAtc56pP,T000516,GEN-SITE-PREP,Yard slab Y-0,L00,L00-Z13,civil,mobilise,72.0,m2,3,4,,,
01YdwX3TuBE4_bGAtc56pP,T000517,CIV-EARTH-FILL,Yard slab Y-0,L00,L00-Z13,civil,earthworks,21.6,m3,5,6,,,T000516;T000525;T000534;T000578;T000601;T000610;T000613;T000626;T000656
01YdwX3TuBE4_bGAtc56pP,T000518,STR-GSLAB-POUR,Yard slab Y-0,L00,L00-Z13,concrete,foundations,21.6,m3,111,113,,,T000517;T000580;T000628
04gUorH8kPq31hxye37C$V,T000519,ELE-CABLE-PULL,HV cable run 3,L00,L00-Z13,electrical,electrical_instrumentation,6.0,m,121,122,,,T000513;T000639
04gUorH8kPq31hxye37C$V,T000520,ELE-CABLE-TEST,HV cable run 3,L00,L00-Z13,electrical,electrical_instrumentation,6.0,m,122,123,,,T000519
06Sz55STJHefno2b$3r85P,T000521,PIP-SPOOL-LAY,Rack pipe PR-02 seg 2,L00,L00-Z13,piping,pipe_rack,6.0,m,122,123,,,T000552;T000554;T000660;T000672
06Sz55STJHefno2b$3r85P,T000522,PIP-PIPE-TEST,Rack pipe PR-02 seg 2,L00,L00-Z13,piping,piping,6.0,m,130,131,,,T000521;T000682
06Sz55STJHefno2b$3r85P,T000523,CX-PIPE-FLUSH,Rack pipe PR-02 seg 2,L00,L00-Z13,commissioning,precommissioning,6.0,m,135,136,,,T000522;T000538;T000542;T000651;T000678;T000757;T000786;T000808;T000824;T000892;T000979;T001002;T001003
0B0tTQ6AnfOyP$Nya7uN0A,T000524,INS-PIPE-INSULATE,Rack insulation PR-01 1,L00,L00-Z13,insulation,insulation,6.0,m,132,133,,,T000532;T000643;T000662;T000667;T000738;T000755;T000763;T000831;T000908;T000911;T000924;T001000
0CDjszObZm$BzumKo8dSQo,T000525,CIV-EARTH-CUT,Heat exchanger E-1 plinth,L00,L00-Z13,civil,earthworks,18.0,m3,4,5,,,T000516;T000653
0CDjszObZm$BzumKo8dSQo,T000526,STR-FOOT-REBAR,Heat exchanger E-1 plinth,L00,L00-Z13,concrete,foundations,0.6,t,100,101,,,T000525
0CDjszObZm$BzumKo8dSQo,T000527,STR-FOOT-POUR,Heat exchanger E-1 plinth,L00,L00-Z13,concrete,foundations,6.0,m3,107,108,,,T000526
0DuHSRRlC4W1qFZvQBhUFB,T000528,PIP-SPOOL-LAY,Rack pipe PR-05 seg 3,L00,L00-Z13,piping,pipe_rack,6.0,m,122,123,,,T000566;T000636;T000670;T000674
0DuHSRRlC4W1qFZvQBhUFB,T000529,PIP-PIPE-TEST,Rack pipe PR-05 seg 3,L00,L00-Z13,piping,piping,6.0,m,130,131,,,T000528;T000691
0DuHSRRlC4W1qFZvQBhUFB,T000530,CX-PIPE-FLUSH,Rack pipe PR-05 seg 3,L00,L00-Z13,commissioning,precommissioning,6.0,m,131,132,,,T000529
0T4nNA8UtluIu5OQe51JhW,T000531,PIP-SPOOL-LAY,Rack pipe PR-01 seg 1,L00,L00-Z13,piping,pipe_rack,6.0,m,122,123,,,T000593;T000622;T000633;T000638
0T4nNA8UtluIu5OQe51JhW,T000532,PIP-PIPE-TEST,Rack pipe PR-01 seg 1,L00,L00-Z13,piping,piping,6.0,m,130,131,,,T000531;T000703
0T4nNA8UtluIu5OQe51JhW,T000533,CX-PIPE-FLUSH,Rack pipe PR-01 seg 1,L00,L00-Z13,commissioning,precommissioning,6.0,m,135,136,,,T000524;T000532;T000555;T000594;T000625;T000699;T000812;T000813;T000829;T000880;T000926;T000962;T000974
0TPk4pCg8YA7vVVWNVTwM5,T000534,CIV-EARTH-CUT,Rack footing RF-3,L00,L00-Z13,civil,earthworks,21.6,m3,4,5,,,T000516;T000653
0TPk4pCg8YA7vVVWNVTwM5,T000535,STR-FOOT-REBAR,Rack footing RF-3,L00,L00-Z13,concrete,foundations,0.72,t,111,112,,,T000534
0TPk4pCg8YA7vVVWNVTwM5,T000536,STR-FOOT-POUR,Rack footing RF-3,L00,L00-Z13,concrete,foundations,7.2,m3,118,119,,,T000535
0VKz8e7tptJry3glFdU__o,T000537,INS-PIPE-INSULATE,Rack insulation PR-03 3,L00,L00-Z13,insulation,insulation,6.0,m,132,133,,,T000560;T000576;T000630;T000646;T000725;T000781;T000788;T000815;T000898;T000972;T000993;T001012
0WF_MvbK5bgsEJ9Pz_V0nM,T000538,INS-PIPE-INSULATE,Rack insulation PR-02 2,L00,L00-Z13,insulation,insulation,6.0,m,132,133,,,T000522;T000557;T000570;T000649;T000689;T000710;T000760;T000800;T000871;T000882;T000928;T000990
0myPVf5hjyUg$Tt29DHTq5,T000539,PIP-SPOOL-LAY,Rack pipe PR-05 seg 2,L00,L00-Z13,piping,pipe_rack,6.0,m,122,123,,,T000552;T000554;T000660;T000672
0myPVf5hjyUg$Tt29DHTq5,T000540,PIP-PIPE-TEST,Rack pipe PR-05 seg 2,L00,L00-Z13,piping,piping,6.0,m,130,131,,,T000539;T000691
0myPVf5hjyUg$Tt29DHTq5,T000541,CX-PIPE-FLUSH,Rack pipe PR-05 seg 2,L00,L00-Z13,commissioning,precommissioning,6.0,m,131,132,,,T000540
0wmhUy4fdvRqC1G3u8NxZn,T000542,INS-PIPE-INSULATE,Rack insulation PR-02 1,L00,L00-Z13,insulation,insulation,6.0,m,132,133,,,T000522;T000557;T000570;T000649;T000689;T000710;T000760;T000800;T000871;T000882;T000928;T000990
0yZL0_RqgCBTZ0sijvL3C2,T000543,PIP-SPOOL-LAY,Rack pipe PR-05 seg 4,L00,L00-Z13,piping,pipe_rack,6.0,m,122,123,,,T000550;T000620;T000624;T000665
0yZL0_RqgCBTZ0sijvL3C2,T000544,PIP-PIPE-TEST,Rack pipe PR-05 seg 4,L00,L00-Z13,piping,piping,6.0,m,130,131,,,T000543;T000691
0yZL0_RqgCBTZ0sijvL3C2,T000545,CX-PIPE-FLUSH,Rack pipe PR-05 seg 4,L00,L00-Z13,commissioning,precommissioning,6.0,m,131,132,,,T000544
1DBCwxF6PUBP$RHpfS5q49,T000546,PIP-SPOOL-LAY,Rack pipe PR-06 seg 4,L00,L00-Z13,piping,pipe_rack,6.0,m,122,123,,,T000550;T000620;T000624;T000665
1DBCwxF6PUBP$RHpfS5q49,T000547,PIP-PIPE-TEST,Rack pipe PR-06 seg 4,L00,L00-Z13,piping,piping,6.0,m,130,131,,,T000546;T000758
1DBCwxF6PUBP$RHpfS5q49,T000548,CX-PIPE-FLUSH,Rack pipe PR-06 seg 4,L00,L00-Z13,commissioning,precommissioning,6.0,m,131,132,,,T000547
1DTRddeyDcQJfKOoLKKfyr,T000549,STR-RACK-ERECT,Rack beam T2-3,L00,L00-Z13,steel,pipe_rack,0.4,t,120,121,,,T000536
1DTRddeyDcQJfKOoLKKfyr,T000550,STR-RACK-CONN,Rack beam T2-3,L00,L00-Z13,steel,pipe_rack,0.4,t,121,122,,,T000549;T000619;T000623;T000664
1KwlUMyPfGb83QxwVuUMxE,T000551,STR-RACK-ERECT,Rack beam T2-1,L00,L00-Z13,steel,pipe_rack,0.4,t,120,121,,,T000658
1KwlUMyPfGb83QxwVuUMxE,T000552,STR-RACK-CONN,Rack beam T2-1,L00,L00-Z13,steel,pipe_rack,0.4,t,121,122,,,T000551;T000553;T000659;T000671
1Ljtr2a_UmGmFCoRREbMKp,T000553,STR-RACK-ERECT,Rack leg 1a,L00,L00-Z13,steel,pipe_rack,0.65,t,120,121,,,T000658
1Ljtr2a_UmGmFCoRREbMKp,T000554,STR-RACK-CONN,Rack leg 1a,L00,L00-Z13,steel,pipe_rack,0.65,t,121,122,,,T000551;T000553;T000659;T000671
1PXIOF9ONfTKobqaRsWiU0,T000555,INS-PIPE-INSULATE,Rack insulation PR-01 2,L00,L00-Z13,insulation,insulation,6.0,m,132,133,,,T000532;T000643;T000662;T000667;T000738;T000755;T000763;T000831;T000908;T000911;T000924;T001000
1UBkjhAqh8$p7roJBQvKEX,T000556,PIP-SPOOL-LAY,Rack pipe PR-02 seg 1,L00,L00-Z13,piping,pipe_rack,6.0,m,122,123,,,T000593;T000622;T000633;T000638
1UBkjhAqh8$p7roJBQvKEX,T000557,PIP-PIPE-TEST,Rack pipe PR-02 seg 1,L00,L00-Z13,piping,piping,6.0,m,130,131,,,T000556;T000682
1UBkjhAqh8$p7roJBQvKEX,T000558,CX-PIPE-FLUSH,Rack pipe PR-02 seg 1,L00,L00-Z13,commissioning,precommissioning,6.0,m,135,136,,,T000538;T000542;T000557;T000651;T000678;T000757;T000786;T000808;T000824;T000892;T000979;T001002;T001003
1UwLMSZD0UdtnvRTCAquuJ,T000559,PIP-SPOOL-LAY,Rack pipe PR-03 seg 2,L00,L00-Z13,piping,pipe_rack,6.0,m,122,123,,,T000552;T000554;T000660;T000672
1UwLMSZD0UdtnvRTCAquuJ,T000560,PIP-PIPE-TEST,Rack pipe PR-03 seg 2,L00,L00-Z13,piping,piping,6.0,m,130,131,,,T000559;T000820
1UwLMSZD0UdtnvRTCAquuJ,T000561,CX-PIPE-FLUSH,Rack pipe PR-03 seg 2,L00,L00-Z13,commissioning,precommissioning,6.0,m,135,136,,,T000537;T000560;T000589;T000634;T000652;T000712;T000727;T000790;T000798;T000938;T000955;T000998;T001014
1WmtXh634E6hzT2ThKCAqb,T000562,PRC-EQUIP-SET,Heat exchanger E-1,L00,L00-Z13,mechanical,equipment,1.0,ea,120,121,,,T000655
1WmtXh634E6hzT2ThKCAqb,T000563,CX-PROCESS-STARTUP,Heat exchanger E-1,L00,L00-Z13,commissioning,commissioning,1.0,ea,147,149,,,T000252;T000253;T000311;T000312;T000562;T001351;T001352;T001434;T001435;T001730;T001731;T001760;T001761
1WmtXh634E6hzT2ThKCAqb,T000564,GEN-HANDOVER-DOC,Heat exchanger E-1,L00,L00-Z13,commissioning,handover,1.0,ea,175,176,,,T000563;T001082;T001409
1XhbugvXZ4HIa3SlkbdKdy,T000565,STR-RACK-ERECT,Rack leg 2b,L00,L00-Z13,steel,pipe_rack,0.65,t,120,121,,,T000603
1XhbugvXZ4HIa3SlkbdKdy,T000566,STR-RACK-CONN,Rack leg 2b,L00,L00-Z13,steel,pipe_rack,0.65,t,121,122,,,T000565;T000635;T000669;T000673
1Zx3yJnWqQNMlA$cINb1XR,T000567,ELE-CABLE-PULL,HV cable run 1,L00,L00-Z13,electrical,electrical_instrumentation,6.0,m,121,122,,,T000513;T000639
1Zx3yJnWqQNMlA$cINb1XR,T000568,ELE-CABLE-TEST,HV cable run 1,L00,L00-Z13,electrical,electrical_instrumentation,6.0,m,122,123,,,T000567
1_0iAlLoRJ0aYlnKPWgPfX,T000569,PIP-SPOOL-LAY,Rack pipe PR-02 seg 3,L00,L00-Z13,piping,pipe_rack,6.0,m,122,123,,,T000566;T000636;T000670;T000674
1_0iAlLoRJ0aYlnKPWgPfX,T000570,PIP-PIPE-TEST,Rack pipe PR-02 seg 3,L00,L00-Z13,piping,piping,6.0,m,130,131,,,T000569;T000682
1_0iAlLoRJ0aYlnKPWgPfX,T000571,CX-PIPE-FLUSH,Rack pipe PR-02 seg 3,L00,L00-Z13,commissioning,precommissioning,6.0,m,135,136,,,T000538;T000542;T000570;T000651;T000678;T000757;T000786;T000808;T000824;T000892;T000979;T001002;T001003
1aWVN$0J2frh0zONDdsWYP,T000572,PIP-SPOOL-LAY,Rack pipe PR-05 seg 1,L00,L00-Z13,piping,pipe_rack,6.0,m,122,123,,,T000593;T000622;T000633;T000638
1aWVN$0J2frh0zONDdsWYP,T000573,PIP-PIPE-TEST,Rack pipe PR-05 seg 1,L00,L00-Z13,piping,piping,6.0,m,130,131,,,T000572;T000691
1aWVN$0J2frh0zONDdsWYP,T000574,CX-PIPE-FLUSH,Rack pipe PR-05 seg 1,L00,L00-Z13,commissioning,precommissioning,6.0,m,131,132,,,T000573
1bTmy3V8v2nikm2_tvsBtW,T000575,PIP-SPOOL-LAY,Rack pipe PR-03 seg 4,L00,L00-Z13,piping,pipe_rack,6.0,m,122,123,,,T000550;T000620;T000624;T000665
1bTmy3V8v2nikm2_tvsBtW,T000576,PIP-PIPE-TEST,Rack pipe PR-03 seg 4,L00,L00-Z13,piping,piping,6.0,m,130,131,,,T000575;T000820
1bTmy3V8v2nikm2_tvsBtW,T000577,CX-PIPE-FLUSH,Rack pipe PR-03 seg 4,L00,L00-Z13,commissioning,precommissioning,6.0,m,135,136,,,T000537;T000576;T000589;T000634;T000652;T000712;T000727;T000790;T000798;T000938;T000955;T000998;T001014
1dLiHeCpEf_lAv87h66kdB,T000578,CIV-EARTH-CUT,Transformer T-2 plinth,L00,L00-Z13,civil,earthworks,28.5,m3,4,5,,,T000516;T000653
1dLiHeCpEf_lAv87h66kdB,T000579,STR-FOOT-REBAR,Transformer T-2 plinth,L00,L00-Z13,concrete,foundations,0.95,t,104,105,,,T000578
1dLiHeCpEf_lAv87h66kdB,T000580,STR-FOOT-POUR,Transformer T-2 plinth,L00,L00-Z13,concrete,foundations,9.5,m3,108,109,,,T000579
1g13xRxBO4vLKBDQm5y9n$,T000581,ELE-CABLE-PULL,HV cable run 4,L00,L00-Z13,electrical,electrical_instrumentation,6.0,m,121,122,,,T000513;T000639
1g13xRxBO4vLKBDQm5y9n$,T000582,ELE-CABLE-TEST,HV cable run 4,L00,L00-Z13,electrical,electrical_instrumentation,6.0,m,122,123,,,T000581
1jlb5NpTlhNbO2AymdqZb2,T000583,PIP-SPOOL-LAY,Rack pipe PR-06 seg 2,L00,L00-Z13,piping,pipe_rack,6.0,m,122,123,,,T000552;T000554;T000660;T000672
1jlb5NpTlhNbO2AymdqZb2,T000584,PIP-PIPE-TEST,Rack pipe PR-06 seg 2,L00,L00-Z13,piping,piping,6.0,m,130,131,,,T000583;T000758
1jlb5NpTlhNbO2AymdqZb2,T000585,CX-PIPE-FLUSH,Rack pipe PR-06 seg 2,L00,L00-Z13,commissioning,precommissioning,6.0,m,131,132,,,T000584
1pbLdqcK2VrGltRDdWAx5n,T000586,PIP-SPOOL-LAY,Rack pipe PR-06 seg 1,L00,L00-Z13,piping,pipe_rack,6.0,m,122,123,,,T000593;T000622;T000633;T000638
1pbLdqcK2VrGltRDdWAx5n,T000587,PIP-PIPE-TEST,Rack pipe PR-06 seg 1,L00,L00-Z13,piping,piping,6.0,m,130,131,,,T000586;T000758
1pbLdqcK2VrGltRDdWAx5n,T000588,CX-PIPE-FLUSH,Rack pipe PR-06 seg 1,L00,L00-Z13,commissioning,precommissioning,6.0,m,131,132,,,T000587
1ptUaVLhKfmACAA1Js$BJ6,T000589,INS-PIPE-INSULATE,Rack insulation PR-03 4,L00,L00-Z13,insulation,insulation,6.0,m,132,133,,,T000560;T000576;T000630;T000646;T000725;T000781;T000788;T000815;T000898;T000972;T000993;T001012
1rCD64OdmtCmR6y1JpvL7J,T000590,ELE-CABLE-PULL,HV cable run 2,L00,L00-Z13,electrical,electrical_instrumentation,6.0,m,121,122,,,T000513;T000639
1rCD64OdmtCmR6y1JpvL7J,T000591,ELE-CABLE-TEST,HV cable run 2,L00,L00-Z13,electrical,electrical_instrumentation,6.0,m,122,123,,,T000590
1w59fl4ICmAhcsp2NWAtEO,T000592,STR-RACK-ERECT,Rack leg 0b,L00,L00-Z13,steel,pipe_rack,0.65,t,120,121,,,T000612
1w59fl4ICmAhcsp2NWAtEO,T000593,STR-RACK-CONN,Rack leg 0b,L00,L00-Z13,steel,pipe_rack,0.65,t,121,122,,,T000592;T000621;T000632;T000637
2$c_eOTL5jqxxfpxxvJInr,T000594,INS-PIPE-INSULATE,Rack insulation PR-01 4,L00,L00-Z13,insulation,insulation,6.0,m,132,133,,,T000532;T000643;T000662;T000667;T000738;T000755;T000763;T000831;T000908;T000911;T000924;T001000
22B8KIhKOzi3hntDpRLOz8,T000595,PIP-SPOOL-LAY,Rack pipe PR-04 seg 3,L00,L00-Z13,piping,pipe_rack,6.0,m,123,124,,,T000566;T000636;T000670;T000674
22B8KIhKOzi3hntDpRLOz8,T000596,PIP-PIPE-TEST,Rack pipe PR-04 seg 3,L00,L00-Z13,piping,piping,6.0,m,130,131,,,T000595;T000817
22B8KIhKOzi3hntDpRLOz8,T000597,CX-PIPE-FLUSH,Rack pipe PR-04 seg 3,L00,L00-Z13,commissioning,precommissioning,6.0,m,131,132,,,T000596
289JF0U8YMEvhFxFzZAjBj,T000598,PIP-SPOOL-LAY,Rack pipe PR-04 seg 2,L00,L00-Z13,piping,pipe_rack,6.0,m,123,124,,,T000552;T000554;T000660;T000672
289JF0U8YMEvhFxFzZAjBj,T000599,PIP-PIPE-TEST,Rack pipe PR-04 seg 2,L00,L00-Z13,piping,piping,6.0,m,130,131,,,T000598;T000817
289JF0U8YMEvhFxFzZAjBj,T000600,CX-PIPE-FLUSH,Rack pipe PR-04 seg 2,L00,L00-Z13,commissioning,precommissioning,6.0,m,131,132,,,T000599
2KVx804qyn9rXF3uz7bo5k,T000601,CIV-EARTH-CUT,Rack footing RF-2,L00,L00-Z13,civil,earthworks,21.6,m3,4,5,,,T000516;T000653
2KVx804qyn9rXF3uz7bo5k,T000602,STR-FOOT-REBAR,Rack footing RF-2,L00,L00-Z13,concrete,foundations,0.72,t,111,112,,,T000601
2KVx804qyn9rXF3uz7bo5k,T000603,STR-FOOT-POUR,Rack footing RF-2,L00,L00-Z13,concrete,foundations,7.2,m3,119,120,,,T000602
2MP1sAgVz2CGXLbWrKsQKk,T000604,PIP-SPOOL-LAY,Rack pipe PR-04 seg 1,L00,L00-Z13,piping,pipe_rack,6.0,m,123,124,,,T000593;T000622;T000633;T000638
2MP1sAgVz2CGXLbWrKsQKk,T000605,PIP-PIPE-TEST,Rack pipe PR-04 seg 1,L00,L00-Z13,piping,piping,6.0,m,130,131,,,T000604;T000817
2MP1sAgVz2CGXLbWrKsQKk,T000606,CX-PIPE-FLUSH,Rack pipe PR-04 seg 1,L00,L00-Z13,commissioning,precommissioning,6.0,m,131,132,,,T000605
2MzyP1atNe8eNFudqfRfSz,T000607,PRC-EQUIP-SET,Fired heater H-1,L00,L00-Z13,mechanical,equipment,1.0,ea,120,121,,,T000655
2MzyP1atNe8eNFudqfRfSz,T000608,CX-PROCESS-STARTUP,Fired heater H-1,L00,L00-Z13,commissioning,commissioning,1.0,ea,147,149,,,T000142;T000143;T000152;T000153;T000607;T001274;T001275;T001291;T001292;T001627;T001628;T001640;T001641
2MzyP1atNe8eNFudqfRfSz,T000609,GEN-HANDOVER-DOC,Fired heater H-1,L00,L00-Z13,commissioning,handover,1.0,ea,175,176,,,T000017;T000608;T001240
2Pwt6xa5F_wk6lWshb3YMb,T000610,CIV-EARTH-CUT,Rack footing RF-0,L00,L00-Z13,civil,earthworks,21.6,m3,4,5,,,T000516;T000653
2Pwt6xa5F_wk6lWshb3YMb,T000611,STR-FOOT-REBAR,Rack footing RF-0,L00,L00-Z13,concrete,foundations,0.72,t,111,112,,,T000610
2Pwt6xa5F_wk6lWshb3YMb,T000612,STR-FOOT-POUR,Rack footing RF-0,L00,L00-Z13,concrete,foundations,7.2,m3,119,120,,,T000611
2Q4gT_3SOFRrA8PUNs4yM8,T000613,CIV-EARTH-CUT,Fired heater H-1 plinth,L00,L00-Z13,civil,earthworks,41.4,m3,4,5,,,T000516;T000653
2Q4gT_3SOFRrA8PUNs4yM8,T000614,STR-FOOT-REBAR,Fired heater H-1 plinth,L00,L00-Z13,concrete,foundations,1.38,t,99,100,,,T000613
2Q4gT_3SOFRrA8PUNs4yM8,T000615,STR-FOOT-POUR,Fired heater H-1 plinth,L00,L00-Z13,concrete,foundations,13.8,m3,104,106,,,T000614
2UMZgHx7h4b7bUQRQjOWeF,T000616,PIP-SPOOL-LAY,Rack pipe PR-06 seg 3,L00,L00-Z13,piping,pipe_rack,6.0,m,123,124,,,T000566;T000636;T000670;T000674
2UMZgHx7h4b7bUQRQjOWeF,T000617,PIP-PIPE-TEST,Rack pipe PR-06 seg 3,L00,L00-Z13,piping,piping,6.0,m,130,131,,,T000616;T000758
2UMZgHx7h4b7bUQRQjOWeF,T000618,CX-PIPE-FLUSH,Rack pipe PR-06 seg 3,L00,L00-Z13,commissioning,precommissioning,6.0,m,131,132,,,T000617
2VhZduEN_0ey$KM8tcCuhN,T000619,STR-RACK-ERECT,Rack beam T1-3,L00,L00-Z13,steel,pipe_rack,0.4,t,120,121,,,T000536
2VhZduEN_0ey$KM8tcCuhN,T000620,STR-RACK-CONN,Rack beam T1-3,L00,L00-Z13,steel,pipe_rack,0.4,t,121,122,,,T000549;T000619;T000623;T000664
2YxeCSS2fS8awrgny1hhei,T000621,STR-RACK-ERECT,Rack beam T2-0,L00,L00-Z13,steel,pipe_rack,0.4,t,120,121,,,T000612
2YxeCSS2fS8awrgny1hhei,T000622,STR-RACK-CONN,Rack beam T2-0,L00,L00-Z13,steel,pipe_rack,0.4,t,121,122,,,T000592;T000621;T000632;T000637
2ZBO8Gc7QTVzxC6e9PzEuA,T000623,STR-RACK-ERECT,Rack leg 3a,L00,L00-Z13,steel,pipe_rack,0.65,t,120,121,,,T000536
2ZBO8Gc7QTVzxC6e9PzEuA,T000624,STR-RACK-CONN,Rack leg 3a,L00,L00-Z13,steel,pipe_rack,0.65,t,121,122,,,T000549;T000619;T000623;T000664
2aK878$i7tAv1Bek8Xevjz,T000625,INS-PIPE-INSULATE,Rack insulation PR-01 3,L00,L00-Z13,insulation,insulation,6.0,m,132,133,,,T000532;T000643;T000662;T000667;T000738;T000755;T000763;T000831;T000908;T000911;T000924;T001000
2aflStfLCTSe0_AHagiRDL,T000626,CIV-EARTH-CUT,Transformer T-1 plinth,L00,L00-Z13,civil,earthworks,28.5,m3,4,5,,,T000516;T000653
2aflStfLCTSe0_AHagiRDL,T000627,STR-FOOT-REBAR,Transformer T-1 plinth,L00,L00-Z13,concrete,foundations,0.95,t,104,105,,,T000626
2aflStfLCTSe0_AHagiRDL,T000628,STR-FOOT-POUR,Transformer T-1 plinth,L00,L00-Z13,concrete,foundations,9.5,m3,108,109,,,T000627
2atUTSYjUJ2eSLnQ2KBY_F,T000629,PIP-SPOOL-LAY,Rack pipe PR-03 seg 1,L00,L00-Z13,piping,pipe_rack,6.0,m,123,124,,,T000593;T000622;T000633;T000638
2atUTSYjUJ2eSLnQ2KBY_F,T000630,PIP-PIPE-TEST,Rack pipe PR-03 seg 1,L00,L00-Z13,piping,piping,6.0,m,130,131,,,T000629;T000820
2atUTSYjUJ2eSLnQ2KBY_F,T000631,CX-PIPE-FLUSH,Rack pipe PR-03 seg 1,L00,L00-Z13,commissioning,precommissioning,6.0,m,135,136,,,T000537;T000589;T000630;T000634;T000652;T000712;T000727;T000790;T000798;T000938;T000955;T000998;T001014
2cV6lyRtZNZ5pNaY0qQ2rG,T000632,STR-RACK-ERECT,Rack beam T1-0,L00,L00-Z13,steel,pipe_rack,0.4,t,120,121,,,T000612
2cV6lyRtZNZ5pNaY0qQ2rG,T000633,STR-RACK-CONN,Rack beam T1-0,L00,L00-Z13,steel,pipe_rack,0.4,t,121,122,,,T000592;T000621;T000632;T000637
2gc$p6cWDISSVxJCkqprgc,T000634,INS-PIPE-INSULATE,Rack insulation PR-03 2,L00,L00-Z13,insulation,insulation,6.0,m,132,133,,,T000560;T000576;T000630;T000646;T000725;T000781;T000788;T000815;T000898;T000972;T000993;T001012
2m_LzMzm18hSdQSJZFPj$w,T000635,STR-RACK-ERECT,Rack beam T2-2,L00,L00-Z13,steel,pipe_rack,0.4,t,120,121,,,T000603
2m_LzMzm18hSdQSJZFPj$w,T000636,STR-RACK-CONN,Rack beam T2-2,L00,L00-Z13,steel,pipe_rack,0.4,t,121,122,,,T000565;T000635;T000669;T000673
2r2vfc4Ej4oVMACGI$tZiw,T000637,STR-RACK-ERECT,Rack leg 0a,L00,L00-Z13,steel,pipe_rack,0.65,t,120,121,,,T000612
2r2vfc4Ej4oVMACGI$tZiw,T000638,STR-RACK-CONN,Rack leg 0a,L00,L00-Z13,steel,pipe_rack,0.65,t,121,122,,,T000592;T000621;T000632;T000637
2vwdYyTkRjIcubExFjcwPX,T000639,ELE-XFMR-SET,Transformer T-2,L00,L00-Z13,electrical,equipment,1.0,ea,120,121,,,T000518
2vwdYyTkRjIcubExFjcwPX,T000640,CX-POWER-ENERGISE,Transformer T-2,L00,L00-Z13,commissioning,commissioning,1.0,ea,174,175,,,T000513;T000520;T000568;T000582;T000591;T000639
2vwdYyTkRjIcubExFjcwPX,T000641,GEN-HANDOVER-DOC,Transformer T-2,L00,L00-Z13,commissioning,handover,1.0,ea,175,176,,,T000514;T000640
32Lfl4IDT0m07nFS492yna,T000642,PIP-SPOOL-LAY,Rack pipe PR-01 seg 3,L00,L00-Z13,piping,pipe_rack,6.0,m,123,124,,,T000566;T000636;T000670;T000674
32Lfl4IDT0m07nFS492yna,T000643,PIP-PIPE-TEST,Rack pipe PR-01 seg 3,L00,L00-Z13,piping,piping,6.0,m,130,131,,,T000642;T000703
32Lfl4IDT0m07nFS492yna,T000644,CX-PIPE-FLUSH,Rack pipe PR-01 seg 3,L00,L00-Z13,commissioning,precommissioning,6.0,m,135,136,,,T000524;T000555;T000594;T000625;T000643;T000699;T000812;T000813;T000829;T000880;T000926;T000962;T000974
32YQ_thf2$nuQlI9mLpQRe,T000645,PIP-SPOOL-LAY,Rack pipe PR-03 seg 3,L00,L00-Z13,piping,pipe_rack,6.0,m,123,124,,,T000566;T000636;T000670;T000674
32YQ_thf2$nuQlI9mLpQRe,T000646,PIP-PIPE-TEST,Rack pipe PR-03 seg 3,L00,L00-Z13,piping,piping,6.0,m,130,131,,,T000645;T000820
32YQ_thf2$nuQlI9mLpQRe,T000647,CX-PIPE-FLUSH,Rack pipe PR-03 seg 3,L00,L00-Z13,commissioning,precommissioning,6.0,m,135,136,,,T000537;T000589;T000634;T000646;T000652;T000712;T000727;T000790;T000798;T000938;T000955;T000998;T001014
33vpQNE5nDQPcRckx6TWR3,T000648,PIP-SPOOL-LAY,Rack pipe PR-02 seg 4,L00,L00-Z13,piping,pipe_rack,6.0,m,123,124,,,T000550;T000620;T000624;T000665
33vpQNE5nDQPcRckx6TWR3,T000649,PIP-PIPE-TEST,Rack pipe PR-02 seg 4,L00,L00-Z13,piping,piping,6.0,m,130,131,,,T000648;T000682
33vpQNE5nDQPcRckx6TWR3,T000650,CX-PIPE-FLUSH,Rack pipe PR-02 seg 4,L00,L00-Z13,commissioning,precommissioning,6.0,m,135,136,,,T000538;T000542;T000649;T000651;T000678;T000757;T000786;T000808;T000824;T000892;T000979;T001002;T001003
35cNSh$TuECLHG3u$kt2lD,T000651,INS-PIPE-INSULATE,Rack insulation PR-02 3,L00,L00-Z13,insulation,insulation,6.0,m,132,133,,,T000522;T000557;T000570;T000649;T000689;T000710;T000760;T000800;T000871;T000882;T000928;T000990
38SxL$EAwhlyXgfJZVS2tz,T000652,INS-PIPE-INSULATE,Rack insulation PR-03 1,L00,L00-Z13,insulation,insulation,6.0,m,132,133,,,T000560;T000576;T000630;T000646;T000725;T000781;T000788;T000815;T000898;T000972;T000993;T001012
3GPfTZYtYv5KFSqeZtNI1L,T000653,GEN-SITE-PREP,Yard slab Y-2,L00,L00-Z13,civil,mobilise,72.0,m2,3,4,,,
3GPfTZYtYv5KFSqeZtNI1L,T000654,CIV-EARTH-FILL,Yard slab Y-2,L00,L00-Z13,civil,earthworks,21.6,m3,5,6,,,T000525;T000534;T000578;T000601;T000610;T000613;T000626;T000653;T000656
3GPfTZYtYv5KFSqeZtNI1L,T000655,STR-GSLAB-POUR,Yard slab Y-2,L00,L00-Z13,concrete,foundations,21.6,m3,112,114,,,T000527;T000615;T000654
3Jx$QLnWp4A_iAQlcbevx3,T000656,CIV-EARTH-CUT,Rack footing RF-1,L00,L00-Z13,civil,earthworks,21.6,m3,4,5,,,T000516;T000653
3Jx$QLnWp4A_iAQlcbevx3,T000657,STR-FOOT-REBAR,Rack footing RF-1,L00,L00-Z13,concrete,foundations,0.72,t,112,113,,,T000656
3Jx$QLnWp4A_iAQlcbevx3,T000658,STR-FOOT-POUR,Rack footing RF-1,L00,L00-Z13,concrete,foundations,7.2,m3,119,120,,,T000657
3MCnrrqO3SHAq2fVLyBl2n,T000659,STR-RACK-ERECT,Rack beam T1-1,L00,L00-Z13,steel,pipe_rack,0.4,t,120,121,,,T000658
3MCnrrqO3SHAq2fVLyBl2n,T000660,STR-RACK-CONN,Rack beam T1-1,L00,L00-Z13,steel,pipe_rack,0.4,t,121,122,,,T000551;T000553;T000659;T000671
3P7omJb8SNOgu3u8VaKIe7,T000661,PIP-SPOOL-LAY,Rack pipe PR-01 seg 2,L00,L00-Z13,piping,pipe_rack,6.0,m,123,124,,,T000552;T000554;T000660;T000672
3P7omJb8SNOgu3u8VaKIe7,T000662,PIP-PIPE-TEST,Rack pipe PR-01 seg 2,L00,L00-Z13,piping,piping,6.0,m,130,131,,,T000661;T000703
3P7omJb8SNOgu3u8VaKIe7,T000663,CX-PIPE-FLUSH,Rack pipe PR-01 seg 2,L00,L00-Z13,commissioning,precommissioning,6.0,m,135,136,,,T000524;T000555;T000594;T000625;T000662;T000699;T000812;T000813;T000829;T000880;T000926;T000962;T000974
3PCR_c1tEuOw0WqY$Mgzac,T000664,STR-RACK-ERECT,Rack leg 3b,L00,L00-Z13,steel,pipe_rack,0.65,t,120,121,,,T000536
3PCR_c1tEuOw0WqY$Mgzac,T000665,STR-RACK-CONN,Rack leg 3b,L00,L00-Z13,steel,pipe_rack,0.65,t,121,122,,,T000549;T000619;T000623;T000664
3U_WiwzJwkSIaMnWKl2tcI,T000666,PIP-SPOOL-LAY,Rack pipe PR-01 seg 4,L00,L00-Z13,piping,pipe_rack,6.0,m,123,124,,,T000550;T000620;T000624;T000665
3U_WiwzJwkSIaMnWKl2tcI,T000667,PIP-PIPE-TEST,Rack pipe PR-01 seg 4,L00,L00-Z13,piping,piping,6.0,m,130,131,,,T000666;T000703
3U_WiwzJwkSIaMnWKl2tcI,T000668,CX-PIPE-FLUSH,Rack pipe PR-01 seg 4,L00,L00-Z13,commissioning,precommissioning,6.0,m,135,136,,,T000524;T000555;T000594;T000625;T000667;T000699;T000812;T000813;T000829;T000880;T000926;T000962;T000974
3bJGIbnWT3RcI1XkpzLiJe,T000669,STR-RACK-ERECT,Rack beam T1-2,L00,L00-Z13,steel,pipe_rack,0.4,t,120,121,,,T000603
3bJGIbnWT3RcI1XkpzLiJe,T000670,STR-RACK-CONN,Rack beam T1-2,L00,L00-Z13,steel,pipe_rack,0.4,t,121,122,,,T000565;T000635;T000669;T000673
3jRrZekDeoSp$xavKMpa0g,T000671,STR-RACK-ERECT,Rack leg 1b,L00,L00-Z13,steel,pipe_rack,0.65,t,120,121,,,T000658
3jRrZekDeoSp$xavKMpa0g,T000672,STR-RACK-CONN,Rack leg 1b,L00,L00-Z13,steel,pipe_rack,0.65,t,121,122,,,T000551;T000553;T000659;T000671
3usFDIXELkqhIVzQXCg9w_,T000673,STR-RACK-ERECT,Rack leg 2a,L00,L00-Z13,steel,pipe_rack,0.65,t,120,121,,,T000603
3usFDIXELkqhIVzQXCg9w_,T000674,STR-RACK-CONN,Rack leg 2a,L00,L00-Z13,steel,pipe_rack,0.65,t,121,122,,,T000565;T000635;T000669;T000673
3wnflP54vO0j2lhr0exAHC,T000675,PIP-SPOOL-LAY,Rack pipe PR-04 seg 4,L00,L00-Z13,piping,pipe_rack,6.0,m,123,124,,,T000550;T000620;T000624;T000665
3wnflP54vO0j2lhr0exAHC,T000676,PIP-PIPE-TEST,Rack pipe PR-04 seg 4,L00,L00-Z13,piping,piping,6.0,m,130,131,,,T000675;T000817
3wnflP54vO0j2lhr0exAHC,T000677,CX-PIPE-FLUSH,Rack pipe PR-04 seg 4,L00,L00-Z13,commissioning,precommissioning,6.0,m,131,132,,,T000676
3y4Zts88BXjypVHF3KBNPv,T000678,INS-PIPE-INSULATE,Rack insulation PR-02 4,L00,L00-Z13,insulation,insulation,6.0,m,132,133,,,T000522;T000557;T000570;T000649;T000689;T000710;T000760;T000800;T000871;T000882;T000928;T000990
0$dcq23afNBHCkECXgeFNR,T000679,PIP-SPOOL-LAY,Rack pipe PR-04 seg 6,L00,L00-Z14,piping,pipe_rack,6.0,m,124,125,,,T000687;T000723;T000751;T000773
0$dcq23afNBHCkECXgeFNR,T000680,PIP-PIPE-TEST,Rack pipe PR-04 seg 6,L00,L00-Z14,piping,piping,6.0,m,130,131,,,T000679;T000817
0$dcq23afNBHCkECXgeFNR,T000681,CX-PIPE-FLUSH,Rack pipe PR-04 seg 6,L00,L00-Z14,commissioning,precommissioning,6.0,m,132,133,,,T000680
0$ei3WynCsi_3m4_ByWBAV,T000682,PIP-FITTING-INSTALL,Rack expansion loop PR-02,L00,L00-Z14,piping,piping,1.0,ea,129,130,,,T000521;T000556;T000569;T000648;T000688;T000709;T000724;T000734;T000745;T000749;T000754;T000759;T000776;T000794;T000799;T000803;T000833;T000870;T000881;T000927;T000989
00BFWFp02BnJUH$Pww5n1h,T000683,GEN-SITE-PREP,Yard slab Y-6,L00,L00-Z14,civil,mobilise,72.0,m2,3,4,,,
00BFWFp02BnJUH$Pww5n1h,T000684,CIV-EARTH-FILL,Yard slab Y-6,L00,L00-Z14,civil,earthworks,21.6,m3,5,6,,,T000683;T000692;T000713;T000731;T000777;T000783;T000821;T000843;T000848
00BFWFp02BnJUH$Pww5n1h,T000685,STR-GSLAB-POUR,Yard slab Y-6,L00,L00-Z14,concrete,foundations,21.6,m3,113,115,,,T000684;T000715;T000823
05Gi8feTQPcKsYTRj3HuFm,T000686,STR-RACK-ERECT,Rack leg 5b,L00,L00-Z14,steel,pipe_rack,0.65,t,122,123,,,T000694
05Gi8feTQPcKsYTRj3HuFm,T000687,STR-RACK-CONN,Rack leg 5b,L00,L00-Z14,steel,pipe_rack,0.65,t,123,124,,,T000686;T000722;T000750;T000772
06lROsl9Zr2c4FcIXwQF3y,T000688,PIP-SPOOL-LAY,Rack pipe PR-02 seg 6,L00,L00-Z14,piping,pipe_rack,6.0,m,124,125,,,T000687;T000723;T000751;T000773
06lROsl9Zr2c4FcIXwQF3y,T000689,PIP-PIPE-TEST,Rack pipe PR-02 seg 6,L00,L00-Z14,piping,piping,6.0,m,130,131,,,T000682;T000688
06lROsl9Zr2c4FcIXwQF3y,T000690,CX-PIPE-FLUSH,Rack pipe PR-02 seg 6,L00,L00-Z14,commissioning,precommissioning,6.0,m,135,136,,,T000538;T000542;T000651;T000678;T000689;T000757;T000786;T000808;T000824;T000892;T000979;T001002;T001003
07Y6FoWF0XXMy$VOmO8pYV,T000691,PIP-FITTING-INSTALL,Rack expansion loop PR-05,L00,L00-Z14,piping,piping,1.0,ea,129,130,,,T000528;T000539;T000543;T000572;T000704;T000709;T000724;T000734;T000742;T000745;T000749;T000754;T000776;T000794;T000803;T000825;T000833;T000932;T000959;T000966;T001004
09BEKBxO9tZxvJg9Nhwt2p,T000692,CIV-EARTH-CUT,Rack footing RF-5,L00,L00-Z14,civil,earthworks,21.6,m3,4,5,,,T000683;T000700
09BEKBxO9tZxvJg9Nhwt2p,T000693,STR-FOOT-REBAR,Rack footing RF-5,L00,L00-Z14,concrete,foundations,0.72,t,113,114,,,T000692
09BEKBxO9tZxvJg9Nhwt2p,T000694,STR-FOOT-POUR,Rack footing RF-5,L00,L00-Z14,concrete,foundations,7.2,m3,120,121,,,T000693
0HcOvAx1gcXgCYQs$KoDAN,T000695,PRC-TANK-SET,Storage tank TK-1,L00,L00-Z14,mechanical,equipment,1.0,ea,122,124,,,T000702
0HcOvAx1gcXgCYQs$KoDAN,T000696,PRC-TANK-HYDRO,Storage tank TK-1,L00,L00-Z14,mechanical,precommissioning,1.0,ea,132,134,,,T000265;T000306;T000695;T001390;T001440;T001718;T001815
0HcOvAx1gcXgCYQs$KoDAN,T000697,CX-PROCESS-STARTUP,Storage tank TK-1,L00,L00-Z14,commissioning,commissioning,1.0,ea,149,151,,,T000265;T000266;T000306;T000307;T000696;T001390;T001391;T001440;T001441;T001718;T001719;T001815;T001816
0HcOvAx1gcXgCYQs$KoDAN,T000698,GEN-HANDOVER-DOC,Storage tank TK-1,L00,L00-Z14,commissioning,handover,1.0,ea,175,176,,,T000697;T001051;T001414
0HemJpk1tMJNRC2oyJYhP2,T000699,INS-PIPE-INSULATE,Rack insulation PR-01 5,L00,L00-Z14,insulation,insulation,6.0,m,133,134,,,T000532;T000643;T000662;T000667;T000738;T000755;T000763;T000831;T000908;T000911;T000924;T001000
0LP_I1jg0QR0722mVbpwUE,T000700,GEN-SITE-PREP,Yard slab Y-4,L00,L00-Z14,civil,mobilise,72.0,m2,3,4,,,
0LP_I1jg0QR0722mVbpwUE,T000701,CIV-EARTH-FILL,Yard slab Y-4,L00,L00-Z14,civil,earthworks,21.6,m3,5,6,,,T000692;T000700;T000713;T000731;T000777;T000783;T000821;T000843;T000848
0LP_I1jg0QR0722mVbpwUE,T000702,STR-GSLAB-POUR,Yard slab Y-4,L00,L00-Z14,concrete,foundations,21.6,m3,114,116,,,T000701;T000733;T000779
0Ml8JUB911h9JwgDF7HPAN,T000703,PIP-FITTING-INSTALL,Rack expansion loop PR-01,L00,L00-Z14,piping,piping,1.0,ea,129,130,,,T000531;T000642;T000661;T000666;T000709;T000724;T000734;T000737;T000745;T000749;T000754;T000762;T000776;T000794;T000803;T000830;T000833;T000907;T000910;T000923;T000999
0NTGU69UAhBXXgHM5s_QHS,T000704,PIP-SPOOL-LAY,Rack pipe PR-05 seg 8,L00,L00-Z14,piping,pipe_rack,6.0,m,124,125,,,T000708;T000717;T000753;T000842
0NTGU69UAhBXXgHM5s_QHS,T000705,PIP-PIPE-TEST,Rack pipe PR-05 seg 8,L00,L00-Z14,piping,piping,6.0,m,130,131,,,T000691;T000704
0NTGU69UAhBXXgHM5s_QHS,T000706,CX-PIPE-FLUSH,Rack pipe PR-05 seg 8,L00,L00-Z14,commissioning,precommissioning,6.0,m,132,133,,,T000705
0PjJ6kTLlKCLSJsPZ6pbnr,T000707,STR-RACK-ERECT,Rack leg 7b,L00,L00-Z14,steel,pipe_rack,0.65,t,122,123,,,T000850
0PjJ6kTLlKCLSJsPZ6pbnr,T000708,STR-RACK-CONN,Rack leg 7b,L00,L00-Z14,steel,pipe_rack,0.65,t,123,124,,,T000707;T000716;T000752;T000841
0UwYY2z8JR8om34$txqM15,T000709,PIP-SPOOL-LAY,Rack pipe PR-02 seg 7,L00,L00-Z14,piping,pipe_rack,6.0,m,124,125,,,T000749;T000776;T000794;T000803
0UwYY2z8JR8om34$txqM15,T000710,PIP-PIPE-TEST,Rack pipe PR-02 seg 7,L00,L00-Z14,piping,piping,6.0,m,130,131,,,T000682;T000709
0UwYY2z8JR8om34$txqM15,T000711,CX-PIPE-FLUSH,Rack pipe PR-02 seg 7,L00,L00-Z14,commissioning,precommissioning,6.0,m,135,136,,,T000538;T000542;T000651;T000678;T000710;T000757;T000786;T000808;T000824;T000892;T000979;T001002;T001003
0Yb9aH8xXKC$Sa4ohKyvjd,T000712,INS-PIPE-INSULATE,Rack insulation PR-03 6,L00,L00-Z14,insulation,insulation,6.0,m,133,134,,,T000560;T000576;T000630;T000646;T000725;T000781;T000788;T000815;T000898;T000972;T000993;T001012
0kbvVBgnmU_NjiECmbVo5H,T000713,CIV-EARTH-CUT,Buffer tank TK-4 plinth,L00,L00-Z14,civil,earthworks,13.5,m3,4,5,,,T000683;T000700
0kbvVBgnmU_NjiECmbVo5H,T000714,STR-FOOT-REBAR,Buffer tank TK-4 plinth,L00,L00-Z14,concrete,foundations,0.45,t,104,105,,,T000713
0kbvVBgnmU_NjiECmbVo5H,T000715,STR-FOOT-POUR,Buffer tank TK-4 plinth,L00,L00-Z14,concrete,foundations,4.5,m3,108,109,,,T000714
0ks3GCTwEFbGidvtANoOIS,T000716,STR-RACK-ERECT,Rack leg 7a,L00,L00-Z14,steel,pipe_rack,0.65,t,122,123,,,T000850
0ks3GCTwEFbGidvtANoOIS,T000717,STR-RACK-CONN,Rack leg 7a,L00,L00-Z14,steel,pipe_rack,0.65,t,123,124,,,T000707;T000716;T000752;T000841
0m7ZAb9f6wqMPuqI6lSZY2,T000718,ELE-TRAY-INSTALL,Rack cable tray 7,L00,L00-Z14,electrical,electrical_instrumentation,6.0,m,124,125,,,T000749;T000776;T000794;T000803
0r0RoliH79d9FaDbSTozh3,T000719,PIP-SPOOL-LAY,Rack pipe PR-06 seg 6,L00,L00-Z14,piping,pipe_rack,6.0,m,124,125,,,T000687;T000723;T000751;T000773
0r0RoliH79d9FaDbSTozh3,T000720,PIP-PIPE-TEST,Rack pipe PR-06 seg 6,L00,L00-Z14,piping,piping,6.0,m,130,131,,,T000719;T000758
0r0RoliH79d9FaDbSTozh3,T000721,CX-PIPE-FLUSH,Rack pipe PR-06 seg 6,L00,L00-Z14,commissioning,precommissioning,6.0,m,132,133,,,T000720
0uQm6vupPQmFBMFKQF_jer,T000722,STR-RACK-ERECT,Rack beam T1-5,L00,L00-Z14,steel,pipe_rack,0.4,t,122,123,,,T000694
0uQm6vupPQmFBMFKQF_jer,T000723,STR-RACK-CONN,Rack beam T1-5,L00,L00-Z14,steel,pipe_rack,0.4,t,123,124,,,T000686;T000722;T000750;T000772
0xlMJNV1fLY27oHL6yJGUl,T000724,PIP-SPOOL-LAY,Rack pipe PR-03 seg 7,L00,L00-Z14,piping,pipe_rack,6.0,m,124,125,,,T000749;T000776;T000794;T000803
0xlMJNV1fLY27oHL6yJGUl,T000725,PIP-PIPE-TEST,Rack pipe PR-03 seg 7,L00,L00-Z14,piping,piping,6.0,m,130,131,,,T000724;T000820
0xlMJNV1fLY27oHL6yJGUl,T000726,CX-PIPE-FLUSH,Rack pipe PR-03 seg 7,L00,L00-Z14,commissioning,precommissioning,6.0,m,135,136,,,T000537;T000589;T000634;T000652;T000712;T000725;T000727;T000790;T000798;T000938;T000955;T000998;T001014
0yM4HbkjB5LdgC4A50OLo_,T000727,INS-PIPE-INSULATE,Rack insulation PR-03 5,L00,L00-Z14,insulation,insulation,6.0,m,133,134,,,T000560;T000576;T000630;T000646;T000725;T000781;T000788;T000815;T000898;T000972;T000993;T001012
1$ost5CEGs25O7QknoB3nJ,T000728,PIP-SPOOL-LAY,Rack pipe PR-06 seg 8,L00,L00-Z14,piping,pipe_rack,6.0,m,124,125,,,T000708;T000717;T000753;T000842
1$ost5CEGs25O7QknoB3nJ,T000729,PIP-PIPE-TEST,Rack pipe PR-06 seg 8,L00,L00-Z14,piping,piping,6.0,m,130,131,,,T000728;T000758
1$ost5CEGs25O7QknoB3nJ,T000730,CX-PIPE-FLUSH,Rack pipe PR-06 seg 8,L00,L00-Z14,commissioning,precommissioning,6.0,m,132,133,,,T000729
13QhtEAV_AZh12LDux6leI,T000731,CIV-EARTH-CUT,Storage tank TK-2 plinth,L00,L00-Z14,civil,earthworks,31.5,m3,4,5,,,T000683;T000700
13QhtEAV_AZh12LDux6leI,T000732,STR-FOOT-REBAR,Storage tank TK-2 plinth,L00,L00-Z14,concrete,foundations,1.05,t,105,106,,,T000731
13QhtEAV_AZh12LDux6leI,T000733,STR-FOOT-POUR,Storage tank TK-2 plinth,L00,L00-Z14,concrete,foundations,10.5,m3,109,110,,,T000732
16ZdAccCp5drBgY6H8C0Dz,T000734,PIP-SPOOL-LAY,Rack pipe PR-04 seg 7,L00,L00-Z14,piping,pipe_rack,6.0,m,124,125,,,T000749;T000776;T000794;T000803
16ZdAccCp5drBgY6H8C0Dz,T000735,PIP-PIPE-TEST,Rack pipe PR-04 seg 7,L00,L00-Z14,piping,piping,6.0,m,130,131,,,T000734;T000817
16ZdAccCp5drBgY6H8C0Dz,T000736,CX-PIPE-FLUSH,Rack pipe PR-04 seg 7,L00,L00-Z14,commissioning,precommissioning,6.0,m,132,133,,,T000735
1JRd8kevyhMbcCKJKrFqKy,T000737,PIP-SPOOL-LAY,Rack pipe PR-01 seg 8,L00,L00-Z14,piping,pipe_rack,6.0,m,124,125,,,T000708;T000717;T000753;T000842
1JRd8kevyhMbcCKJKrFqKy,T000738,PIP-PIPE-TEST,Rack pipe PR-01 seg 8,L00,L00-Z14,piping,piping,6.0,m,130,131,,,T000703;T000737
1JRd8kevyhMbcCKJKrFqKy,T000739,CX-PIPE-FLUSH,Rack pipe PR-01 seg 8,L00,L00-Z14,commissioning,precommissioning,6.0,m,135,136,,,T000524;T000555;T000594;T000625;T000699;T000738;T000812;T000813;T000829;T000880;T000926;T000962;T000974
1JcPBuVfXb2H8ekvRNfxTw,T000740,STR-RACK-ERECT,Rack beam T1-4,L00,L00-Z14,steel,pipe_rack,0.4,t,122,123,,,T000785
1JcPBuVfXb2H8ekvRNfxTw,T000741,STR-RACK-CONN,Rack beam T1-4,L00,L00-Z14,steel,pipe_rack,0.4,t,123,124,,,T000740;T000791;T000818;T000846
1KT5MPQPGbw7vSH4FQkctJ,T000742,PIP-SPOOL-LAY,Rack pipe PR-05 seg 5,L00,L00-Z14,piping,pipe_rack,6.0,m,125,126,,,T000741;T000792;T000819;T000847
1KT5MPQPGbw7vSH4FQkctJ,T000743,PIP-PIPE-TEST,Rack pipe PR-05 seg 5,L00,L00-Z14,piping,piping,6.0,m,130,131,,,T000691;T000742
1KT5MPQPGbw7vSH4FQkctJ,T000744,CX-PIPE-FLUSH,Rack pipe PR-05 seg 5,L00,L00-Z14,commissioning,precommissioning,6.0,m,132,133,,,T000743
1LKRI9UvZghr9BW4bGq5k2,T000745,PIP-SPOOL-LAY,Rack pipe PR-06 seg 7,L00,L00-Z14,piping,pipe_rack,6.0,m,125,126,,,T000749;T000776;T000794;T000803
1LKRI9UvZghr9BW4bGq5k2,T000746,PIP-PIPE-TEST,Rack pipe PR-06 seg 7,L00,L00-Z14,piping,piping,6.0,m,130,131,,,T000745;T000758
1LKRI9UvZghr9BW4bGq5k2,T000747,CX-PIPE-FLUSH,Rack pipe PR-06 seg 7,L00,L00-Z14,commissioning,precommissioning,6.0,m,132,133,,,T000746
1MJNkEK3$QdplXf33g3y4I,T000748,STR-RACK-ERECT,Rack leg 6a,L00,L00-Z14,steel,pipe_rack,0.65,t,122,123,,,T000845
1MJNkEK3$QdplXf33g3y4I,T000749,STR-RACK-CONN,Rack leg 6a,L00,L00-Z14,steel,pipe_rack,0.65,t,123,124,,,T000748;T000775;T000793;T000802
1QBkzWEw20mrpCjkd8tcTA,T000750,STR-RACK-ERECT,Rack beam T2-5,L00,L00-Z14,steel,pipe_rack,0.4,t,122,123,,,T000694
1QBkzWEw20mrpCjkd8tcTA,T000751,STR-RACK-CONN,Rack beam T2-5,L00,L00-Z14,steel,pipe_rack,0.4,t,123,124,,,T000686;T000722;T000750;T000772
1Vi9SZHpFJQuIZf1FdDyTu,T000752,STR-RACK-ERECT,Rack beam T2-7,L00,L00-Z14,steel,pipe_rack,0.4,t,122,123,,,T000850
1Vi9SZHpFJQuIZf1FdDyTu,T000753,STR-RACK-CONN,Rack beam T2-7,L00,L00-Z14,steel,pipe_rack,0.4,t,123,124,,,T000707;T000716;T000752;T000841
1YJpPJqexVG_e4C8A216gB,T000754,PIP-SPOOL-LAY,Rack pipe PR-01 seg 7,L00,L00-Z14,piping,pipe_rack,6.0,m,125,126,,,T000749;T000776;T000794;T000803
1YJpPJqexVG_e4C8A216gB,T000755,PIP-PIPE-TEST,Rack pipe PR-01 seg 7,L00,L00-Z14,piping,piping,6.0,m,130,131,,,T000703;T000754
1YJpPJqexVG_e4C8A216gB,T000756,CX-PIPE-FLUSH,Rack pipe PR-01 seg 7,L00,L00-Z14,commissioning,precommissioning,6.0,m,135,136,,,T000524;T000555;T000594;T000625;T000699;T000755;T000812;T000813;T000829;T000880;T000926;T000962;T000974
1eVzROyzzRCMn9IGI8z9LV,T000757,INS-PIPE-INSULATE,Rack insulation PR-02 6,L00,L00-Z14,insulation,insulation,6.0,m,133,134,,,T000522;T000557;T000570;T000649;T000689;T000710;T000760;T000800;T000871;T000882;T000928;T000990
1fkVH2a0iqFIth3IpjItYB,T000758,PIP-FITTING-INSTALL,Rack expansion loop PR-06,L00,L00-Z14,piping,piping,1.0,ea,129,130,,,T000546;T000583;T000586;T000616;T000709;T000719;T000724;T000728;T000734;T000745;T000749;T000754;T000776;T000794;T000795;T000803;T000833;T000861;T000889;T000956;T000983
1gQ$nfwoL_zaV9D0361Z0c,T000759,PIP-SPOOL-LAY,Rack pipe PR-02 seg 5,L00,L00-Z14,piping,pipe_rack,6.0,m,125,126,,,T000741;T000792;T000819;T000847
1gQ$nfwoL_zaV9D0361Z0c,T000760,PIP-PIPE-TEST,Rack pipe PR-02 seg 5,L00,L00-Z14,piping,piping,6.0,m,130,131,,,T000682;T000759
1gQ$nfwoL_zaV9D0361Z0c,T000761,CX-PIPE-FLUSH,Rack pipe PR-02 seg 5,L00,L00-Z14,commissioning,precommissioning,6.0,m,135,136,,,T000538;T000542;T000651;T000678;T000757;T000760;T000786;T000808;T000824;T000892;T000979;T001002;T001003
1pGjQprrwvunxkhfpHQVRO,T000762,PIP-SPOOL-LAY,Rack pipe PR-01 seg 5,L00,L00-Z14,piping,pipe_rack,6.0,m,125,126,,,T000741;T000792;T000819;T000847
1pGjQprrwvunxkhfpHQVRO,T000763,PIP-PIPE-TEST,Rack pipe PR-01 seg 5,L00,L00-Z14,piping,piping,6.0,m,130,131,,,T000703;T000762
1pGjQprrwvunxkhfpHQVRO,T000764,CX-PIPE-FLUSH,Rack pipe PR-01 seg 5,L00,L00-Z14,commissioning,precommissioning,6.0,m,135,136,,,T000524;T000555;T000594;T000625;T000699;T000763;T000812;T000813;T000829;T000880;T000926;T000962;T000974
1y$hF4eVdsb4D7cHXmJZhq,T000765,PIP-SPOOL-LAY,Rack pipe PR-04 seg 5,L00,L00-Z14,piping,pipe_rack,6.0,m,125,126,,,T000741;T000792;T000819;T000847
1y$hF4eVdsb4D7cHXmJZhq,T000766,PIP-PIPE-TEST,Rack pipe PR-04 seg 5,L00,L00-Z14,piping,piping,6.0,m,130,131,,,T000765;T000817
1y$hF4eVdsb4D7cHXmJZhq,T000767,CX-PIPE-FLUSH,Rack pipe PR-04 seg 5,L00,L00-Z14,commissioning,precommissioning,6.0,m,132,133,,,T000766
1y_Nw3Krmq0hVbMAmWW8q9,T000768,PRC-TANK-SET,Buffer tank TK-4,L00,L00-Z14,mechanical,equipment,1.0,ea,122,124,,,T000685
1y_Nw3Krmq0hVbMAmWW8q9,T000769,PRC-TANK-HYDRO,Buffer tank TK-4,L00,L00-Z14,mechanical,precommissioning,1.0,ea,132,134,,,T000258;T000316;T000768;T001694;T001757
1y_Nw3Krmq0hVbMAmWW8q9,T000770,CX-PROCESS-STARTUP,Buffer tank TK-4,L00,L00-Z14,commissioning,commissioning,1.0,ea,149,151,,,T000258;T000259;T000316;T000317;T000769;T001694;T001695;T001757;T001758
1y_Nw3Krmq0hVbMAmWW8q9,T000771,GEN-HANDOVER-DOC,Buffer tank TK-4,L00,L00-Z14,commissioning,handover,1.0,ea,175,176,,,T000770;T001406;T001793
20n21SfsJXSfwPjJOIQdNC,T000772,STR-RACK-ERECT,Rack leg 5a,L00,L00-Z14,steel,pipe_rack,0.65,t,122,123,,,T000694
20n21SfsJXSfwPjJOIQdNC,T000773,STR-RACK-CONN,Rack leg 5a,L00,L00-Z14,steel,pipe_rack,0.65,t,123,124,,,T000686;T000722;T000750;T000772
253LzS00ton87EnP9AOg36,T000774,ELE-TRAY-INSTALL,Rack cable tray 6,L00,L00-Z14,electrical,electrical_instrumentation,6.0,m,124,125,,,T000687;T000723;T000751;T000773
2GfkCz$PGSGISACpaDVSWN,T000775,STR-RACK-ERECT,Rack beam T1-6,L00,L00-Z14,steel,pipe_rack,0.4,t,122,123,,,T000845
2GfkCz$PGSGISACpaDVSWN,T000776,STR-RACK-CONN,Rack beam T1-6,L00,L00-Z14,steel,pipe_rack,0.4,t,123,124,,,T000748;T000775;T000793;T000802
2LbnZcwluLl_giGE6MI9ux,T000777,CIV-EARTH-CUT,Storage tank TK-1 plinth,L00,L00-Z14,civil,earthworks,31.5,m3,4,5,,,T000683;T000700
2LbnZcwluLl_giGE6MI9ux,T000778,STR-FOOT-REBAR,Storage tank TK-1 plinth,L00,L00-Z14,concrete,foundations,1.05,t,105,106,,,T000777
2LbnZcwluLl_giGE6MI9ux,T000779,STR-FOOT-POUR,Storage tank TK-1 plinth,L00,L00-Z14,concrete,foundations,10.5,m3,109,110,,,T000778
2NTqdL8TB6MaysLU2P98CY,T000780,PIP-SPOOL-LAY,Rack pipe PR-03 seg 6,L00,L00-Z14,piping,pipe_rack,6.0,m,125,126,,,T000687;T000723;T000751;T000773
2NTqdL8TB6MaysLU2P98CY,T000781,PIP-PIPE-TEST,Rack pipe PR-03 seg 6,L00,L00-Z14,piping,piping,6.0,m,130,131,,,T000780;T000820
2NTqdL8TB6MaysLU2P98CY,T000782,CX-PIPE-FLUSH,Rack pipe PR-03 seg 6,L00,L00-Z14,commissioning,precommissioning,6.0,m,135,136,,,T000537;T000589;T000634;T000652;T000712;T000727;T000781;T000790;T000798;T000938;T000955;T000998;T001014
2TXyclIdgjevdsor0p7qjH,T000783,CIV-EARTH-CUT,Rack footing RF-4,L00,L00-Z14,civil,earthworks,21.6,m3,4,5,,,T000683;T000700
2TXyclIdgjevdsor0p7qjH,T000784,STR-FOOT-REBAR,Rack footing RF-4,L00,L00-Z14,concrete,foundations,0.72,t,114,115,,,T000783
2TXyclIdgjevdsor0p7qjH,T000785,STR-FOOT-POUR,Rack footing RF-4,L00,L00-Z14,concrete,foundations,7.2,m3,120,121,,,T000784
2Xz8NqE5TPIcHo1l71EY1c,T000786,INS-PIPE-INSULATE,Rack insulation PR-02 5,L00,L00-Z14,insulation,insulation,6.0,m,133,134,,,T000522;T000557;T000570;T000649;T000689;T000710;T000760;T000800;T000871;T000882;T000928;T000990
2XzKLSP4mk6TBKB6WAWvJb,T000787,PIP-SPOOL-LAY,Rack pipe PR-03 seg 5,L00,L00-Z14,piping,pipe_rack,6.0,m,125,126,,,T000741;T000792;T000819;T000847
2XzKLSP4mk6TBKB6WAWvJb,T000788,PIP-PIPE-TEST,Rack pipe PR-03 seg 5,L00,L00-Z14,piping,piping,6.0,m,131,132,,,T000787;T000820
2XzKLSP4mk6TBKB6WAWvJb,T000789,CX-PIPE-FLUSH,Rack pipe PR-03 seg 5,L00,L00-Z14,commissioning,precommissioning,6.0,m,135,136,,,T000537;T000589;T000634;T000652;T000712;T000727;T000788;T000790;T000798;T000938;T000955;T000998;T001014
2eUztqFcQy4kKoOi864WnN,T000790,INS-PIPE-INSULATE,Rack insulation PR-03 8,L00,L00-Z14,insulation,insulation,6.0,m,133,134,,,T000560;T000576;T000630;T000646;T000725;T000781;T000788;T000815;T000898;T000972;T000993;T001012
2gPXW2HFqso_67l2t4f_ag,T000791,STR-RACK-ERECT,Rack beam T2-4,L00,L00-Z14,steel,pipe_rack,0.4,t,122,123,,,T000785
2gPXW2HFqso_67l2t4f_ag,T000792,STR-RACK-CONN,Rack beam T2-4,L00,L00-Z14,steel,pipe_rack,0.4,t,123,124,,,T000740;T000791;T000818;T000846
2gxYGfslI4n6PN1I4UKof1,T000793,STR-RACK-ERECT,Rack beam T2-6,L00,L00-Z14,steel,pipe_rack,0.4,t,122,123,,,T000845
2gxYGfslI4n6PN1I4UKof1,T000794,STR-RACK-CONN,Rack beam T2-6,L00,L00-Z14,steel,pipe_rack,0.4,t,123,124,,,T000748;T000775;T000793;T000802
2nCxq11NQ33DgrEG1Vmgy$,T000795,PIP-SPOOL-LAY,Rack pipe PR-06 seg 5,L00,L00-Z14,piping,pipe_rack,6.0,m,125,126,,,T000741;T000792;T000819;T000847
2nCxq11NQ33DgrEG1Vmgy$,T000796,PIP-PIPE-TEST,Rack pipe PR-06 seg 5,L00,L00-Z14,piping,piping,6.0,m,131,132,,,T000758;T000795
2nCxq11NQ33DgrEG1Vmgy$,T000797,CX-PIPE-FLUSH,Rack pipe PR-06 seg 5,L00,L00-Z14,commissioning,precommissioning,6.0,m,132,133,,,T000796
2prUdfQUxJJ4A7FIDvGJ9a,T000798,INS-PIPE-INSULATE,Rack insulation PR-03 7,L00,L00-Z14,insulation,insulation,6.0,m,133,134,,,T000560;T000576;T000630;T000646;T000725;T000781;T000788;T000815;T000898;T000972;T000993;T001012
2zPY3YOUv05t_T6akBlwyK,T000799,PIP-SPOOL-LAY,Rack pipe PR-02 seg 8,L00,L00-Z14,piping,pipe_rack,6.0,m,125,126,,,T000708;T000717;T000753;T000842
2zPY3YOUv05t_T6akBlwyK,T000800,PIP-PIPE-TEST,Rack pipe PR-02 seg 8,L00,L00-Z14,piping,piping,6.0,m,131,132,,,T000682;T000799
2zPY3YOUv05t_T6akBlwyK,T000801,CX-PIPE-FLUSH,Rack pipe PR-02 seg 8,L00,L00-Z14,commissioning,precommissioning,6.0,m,135,136,,,T000538;T000542;T000651;T000678;T000757;T000786;T000800;T000808;T000824;T000892;T000979;T001002;T001003
35mLKC1iSBr8EyxruH0dyy,T000802,STR-RACK-ERECT,Rack leg 6b,L00,L00-Z14,steel,pipe_rack,0.65,t,122,123,,,T000845
35mLKC1iSBr8EyxruH0dyy,T000803,STR-RACK-CONN,Rack leg 6b,L00,L00-Z14,steel,pipe_rack,0.65,t,123,124,,,T000748;T000775;T000793;T000802
38h$QmpHuARipVQjU70gft,T000804,PRC-TANK-SET,Day tank TK-3,L00,L00-Z14,mechanical,equipment,1.0,ea,124,126,,,T000685
38h$QmpHuARipVQjU70gft,T000805,PRC-TANK-HYDRO,Day tank TK-3,L00,L00-Z14,mechanical,precommissioning,1.0,ea,132,134,,,T000261;T000275;T000804;T001688;T001797
38h$QmpHuARipVQjU70gft,T000806,CX-PROCESS-STARTUP,Day tank TK-3,L00,L00-Z14,commissioning,commissioning,1.0,ea,151,153,,,T000261;T000262;T000275;T000276;T000805;T001688;T001689;T001797;T001798
38h$QmpHuARipVQjU70gft,T000807,GEN-HANDOVER-DOC,Day tank TK-3,L00,L00-Z14,commissioning,handover,1.0,ea,175,176,,,T000806;T001455;T001749
39t3r8AI5lZoZxhcfdy_nH,T000808,INS-PIPE-INSULATE,Rack insulation PR-02 8,L00,L00-Z14,insulation,insulation,6.0,m,133,134,,,T000522;T000557;T000570;T000649;T000689;T000710;T000760;T000800;T000871;T000882;T000928;T000990
3DXKVAgLND2yRGLUq0YO$U,T000809,PIP-SPOOL-LAY,Rack pipe PR-04 seg 8,L00,L00-Z14,piping,pipe_rack,6.0,m,125,126,,,T000708;T000717;T000753;T000842
3DXKVAgLND2yRGLUq0YO$U,T000810,PIP-PIPE-TEST,Rack pipe PR-04 seg 8,L00,L00-Z14,piping,piping,6.0,m,131,132,,,T000809;T000817
3DXKVAgLND2yRGLUq0YO$U,T000811,CX-PIPE-FLUSH,Rack pipe PR-04 seg 8,L00,L00-Z14,commissioning,precommissioning,6.0,m,132,133,,,T000810
3Rr_1dKhdsFGahlGly82vl,T000812,INS-PIPE-INSULATE,Rack insulation PR-01 7,L00,L00-Z14,insulation,insulation,6.0,m,133,134,,,T000532;T000643;T000662;T000667;T000738;T000755;T000763;T000831;T000908;T000911;T000924;T001000
3VQfTeyZhgOGfTUV_y2eCn,T000813,INS-PIPE-INSULATE,Rack insulation PR-01 8,L00,L00-Z14,insulation,insulation,6.0,m,133,134,,,T000532;T000643;T000662;T000667;T000738;T000755;T000763;T000831;T000908;T000911;T000924;T001000
3VwMEVK58mH0aw_opxjpWq,T000814,PIP-SPOOL-LAY,Rack pipe PR-03 seg 8,L00,L00-Z14,piping,pipe_rack,6.0,m,125,126,,,T000708;T000717;T000753;T000842
3VwMEVK58mH0aw_opxjpWq,T000815,PIP-PIPE-TEST,Rack pipe PR-03 seg 8,L00,L00-Z14,piping,piping,6.0,m,131,132,,,T000814;T000820
3VwMEVK58mH0aw_opxjpWq,T000816,CX-PIPE-FLUSH,Rack pipe PR-03 seg 8,L00,L00-Z14,commissioning,precommissioning,6.0,m,135,136,,,T000537;T000589;T000634;T000652;T000712;T000727;T000790;T000798;T000815;T000938;T000955;T000998;T001014
3YKzSuH2U_nSIEYlWCYdp2,T000817,PIP-FITTING-INSTALL,Rack expansion loop PR-04,L00,L00-Z14,piping,piping,1.0,ea,129,130,,,T000595;T000598;T000604;T000675;T000679;T000709;T000724;T000734;T000745;T000749;T000754;T000765;T000776;T000794;T000803;T000809;T000833;T000900;T000963;T000980;T000995
3Z2PQWbl3fsmfPRuZD9VKf,T000818,STR-RACK-ERECT,Rack leg 4a,L00,L00-Z14,steel,pipe_rack,0.65,t,122,123,,,T000785
3Z2PQWbl3fsmfPRuZD9VKf,T000819,STR-RACK-CONN,Rack leg 4a,L00,L00-Z14,steel,pipe_rack,0.65,t,123,124,,,T000740;T000791;T000818;T000846
3ZoS55c1HOrOrJsWQ08K4X,T000820,PIP-FITTING-INSTALL,Rack expansion loop PR-03,L00,L00-Z14,piping,piping,1.0,ea,129,130,,,T000559;T000575;T000629;T000645;T000709;T000724;T000734;T000745;T000749;T000754;T000776;T000780;T000787;T000794;T000803;T000814;T000833;T000897;T000971;T000992;T001011
3dHeiFVs57fCF5af7HcRxQ,T000821,CIV-EARTH-CUT,Day tank TK-3 plinth,L00,L00-Z14,civil,earthworks,13.5,m3,4,5,,,T000683;T000700
3dHeiFVs57fCF5af7HcRxQ,T000822,STR-FOOT-REBAR,Day tank TK-3 plinth,L00,L00-Z14,concrete,foundations,0.45,t,105,106,,,T000821
3dHeiFVs57fCF5af7HcRxQ,T000823,STR-FOOT-POUR,Day tank TK-3 plinth,L00,L00-Z14,concrete,foundations,4.5,m3,110,111,,,T000822
3kSXq7t5fo3OlovSGzqKUa,T000824,INS-PIPE-INSULATE,Rack insulation PR-02 7,L00,L00-Z14,insulation,insulation,6.0,m,133,134,,,T000522;T000557;T000570;T000649;T000689;T000710;T000760;T000800;T000871;T000882;T000928;T000990
3m0Ll4MrDAKR9JrDtTLYgv,T000825,PIP-SPOOL-LAY,Rack pipe PR-05 seg 6,L00,L00-Z14,piping,pipe_rack,6.0,m,125,126,,,T000687;T000723;T000751;T000773
3m0Ll4MrDAKR9JrDtTLYgv,T000826,PIP-PIPE-TEST,Rack pipe PR-05 seg 6,L00,L00-Z14,piping,piping,6.0,m,131,132,,,T000691;T000825
3m0Ll4MrDAKR9JrDtTLYgv,T000827,CX-PIPE-FLUSH,Rack pipe PR-05 seg 6,L00,L00-Z14,commissioning,precommissioning,6.0,m,132,133,,,T000826
3miq9R1zsCIOehFWOYpJUd,T000828,ELE-TRAY-INSTALL,Rack cable tray 5,L00,L00-Z14,electrical,electrical_instrumentation,6.0,m,124,125,,,T000741;T000792;T000819;T000847
3oKcZTO_$ttK_7jD8fzbIU,T000829,INS-PIPE-INSULATE,Rack insulation PR-01 6,L00,L00-Z14,insulation,insulation,6.0,m,133,134,,,T000532;T000643;T000662;T000667;T000738;T000755;T000763;T000831;T000908;T000911;T000924;T001000
3qldRoIyDvcq6PRhKntNu3,T000830,PIP-SPOOL-LAY,Rack pipe PR-01 seg 6,L00,L00-Z14,piping,pipe_rack,6.0,m,126,127,,,T000687;T000723;T000751;T000773
3qldRoIyDvcq6PRhKntNu3,T000831,PIP-PIPE-TEST,Rack pipe PR-01 seg 6,L00,L00-Z14,piping,piping,6.0,m,131,132,,,T000703;T000830
3qldRoIyDvcq6PRhKntNu3,T000832,CX-PIPE-FLUSH,Rack pipe PR-01 seg 6,L00,L00-Z14,commissioning,precommissioning,6.0,m,135,136,,,T000524;T000555;T000594;T000625;T000699;T000812;T000813;T000829;T000831;T000880;T000926;T000962;T000974
3sMuZeXR2PpbmxBEG6TEzo,T000833,PIP-SPOOL-LAY,Rack pipe PR-05 seg 7,L00,L00-Z14,piping,pipe_rack,6.0,m,126,127,,,T000749;T000776;T000794;T000803
3sMuZeXR2PpbmxBEG6TEzo,T000834,PIP-PIPE-TEST,Rack pipe PR-05 seg 7,L00,L00-Z14,piping,piping,6.0,m,131,132,,,T000691;T000833
3sMuZeXR2PpbmxBEG6TEzo,T000835,CX-PIPE-FLUSH,Rack pipe PR-05 seg 7,L00,L00-Z14,commissioning,precommissioning,6.0,m,132,133,,,T000834
3sQSlBe2x1eOGo2FFUA1VG,T000836,PRC-TANK-SET,Storage tank TK-2,L00,L00-Z14,mechanical,equipment,1.0,ea,124,126,,,T000702
3sQSlBe2x1eOGo2FFUA1VG,T000837,PRC-TANK-HYDRO,Storage tank TK-2,L00,L00-Z14,mechanical,precommissioning,1.0,ea,132,134,,,T000190;T000244;T000836;T001604;T001649
3sQSlBe2x1eOGo2FFUA1VG,T000838,CX-PROCESS-STARTUP,Storage tank TK-2,L00,L00-Z14,commissioning,commissioning,1.0,ea,151,153,,,T000190;T000191;T000244;T000245;T000837;T001604;T001605;T001649;T001650
3sQSlBe2x1eOGo2FFUA1VG,T000839,GEN-HANDOVER-DOC,Storage tank TK-2,L00,L00-Z14,commissioning,handover,1.0,ea,176,177,,,T000838;T001308;T001671
3uuaoK7vHpqGHi2B_yn6K8,T000840,ELE-TRAY-INSTALL,Rack cable tray 8,L00,L00-Z14,electrical,electrical_instrumentation,6.0,m,124,125,,,T000708;T000717;T000753;T000842
3xfHc09WdQ87qHIzKVoKro,T000841,STR-RACK-ERECT,Rack beam T1-7,L00,L00-Z14,steel,pipe_rack,0.4,t,122,123,,,T000850
3xfHc09WdQ87qHIzKVoKro,T000842,STR-RACK-CONN,Rack beam T1-7,L00,L00-Z14,steel,pipe_rack,0.4,t,123,124,,,T000707;T000716;T000752;T000841
3y2Zf5IVM1GJHy47QblrKr,T000843,CIV-EARTH-CUT,Rack footing RF-6,L00,L00-Z14,civil,earthworks,21.6,m3,4,5,,,T000683;T000700
3y2Zf5IVM1GJHy47QblrKr,T000844,STR-FOOT-REBAR,Rack footing RF-6,L00,L00-Z14,concrete,foundations,0.72,t,115,116,,,T000843
3y2Zf5IVM1GJHy47QblrKr,T000845,STR-FOOT-POUR,Rack footing RF-6,L00,L00-Z14,concrete,foundations,7.2,m3,120,121,,,T000844
3y5n_VZm7C7hZluaEyH9fq,T000846,STR-RACK-ERECT,Rack leg 4b,L00,L00-Z14,steel,pipe_rack,0.65,t,122,123,,,T000785
3y5n_VZm7C7hZluaEyH9fq,T000847,STR-RACK-CONN,Rack leg 4b,L00,L00-Z14,steel,pipe_rack,0.65,t,123,124,,,T000740;T000791;T000818;T000846
3ziOpvRwXuFZhhNWh_wChX,T000848,CIV-EARTH-CUT,Rack footing RF-7,L00,L00-Z14,civil,earthworks,21.6,m3,4,5,,,T000683;T000700
3ziOpvRwXuFZhhNWh_wChX,T000849,STR-FOOT-REBAR,Rack footing RF-7,L00,L00-Z14,concrete,foundations,0.72,t,115,116,,,T000848
3ziOpvRwXuFZhhNWh_wChX,T000850,STR-FOOT-POUR,Rack footing RF-7,L00,L00-Z14,concrete,foundations,7.2,m3,121,122,,,T000849
07lCL010fnd3l8MO$NRiCJ,T000851,STR-RACK-ERECT,Rack leg 10b,L00,L00-Z15,steel,pipe_rack,0.65,t,123,124,,,T000947
07lCL010fnd3l8MO$NRiCJ,T000852,STR-RACK-CONN,Rack leg 10b,L00,L00-Z15,steel,pipe_rack,0.65,t,124,125,,,T000851;T000951;T000953;T000975
0DxfQgcqX5lF4O0H_R1XI_,T000853,CIV-EARTH-CUT,Steam turbine TG-1 plinth,L00,L00-Z15,civil,earthworks,63.6,m3,4,5,,,T000884;T000940
0DxfQgcqX5lF4O0H_R1XI_,T000854,STR-FOOT-REBAR,Steam turbine TG-1 plinth,L00,L00-Z15,concrete,foundations,2.12,t,96,98,,,T000853
0DxfQgcqX5lF4O0H_R1XI_,T000855,STR-FOOT-POUR,Steam turbine TG-1 plinth,L00,L00-Z15,concrete,foundations,21.2,m3,106,108,,,T000854
0EiOr2NGoHiXL5X8LTA4jv,T000856,CIV-EARTH-CUT,Compressor K-1 plinth,L00,L00-Z15,civil,earthworks,19.5,m3,4,5,,,T000884;T000940
0EiOr2NGoHiXL5X8LTA4jv,T000857,STR-FOOT-REBAR,Compressor K-1 plinth,L00,L00-Z15,concrete,foundations,0.65,t,106,107,,,T000856
0EiOr2NGoHiXL5X8LTA4jv,T000858,STR-FOOT-POUR,Compressor K-1 plinth,L00,L00-Z15,concrete,foundations,6.5,m3,110,111,,,T000857
0K_8NfLWoaaaXDFoPB$PG4,T000859,STR-RACK-ERECT,Rack beam T2-11,L00,L00-Z15,steel,pipe_rack,0.4,t,123,124,,,T000937
0K_8NfLWoaaaXDFoPB$PG4,T000860,STR-RACK-CONN,Rack beam T2-11,L00,L00-Z15,steel,pipe_rack,0.4,t,124,125,,,T000859;T000867;T000878;T000969
0NSbItp7q2yJoFwr3uMRdT,T000861,PIP-SPOOL-LAY,Rack pipe PR-06 seg 12,L00,L00-Z15,piping,pipe_rack,6.0,m,126,127,,,T000860;T000868;T000879;T000970
0NSbItp7q2yJoFwr3uMRdT,T000862,PIP-PIPE-TEST,Rack pipe PR-06 seg 12,L00,L00-Z15,piping,piping,6.0,m,131,132,,,T000758;T000861
0NSbItp7q2yJoFwr3uMRdT,T000863,CX-PIPE-FLUSH,Rack pipe PR-06 seg 12,L00,L00-Z15,commissioning,precommissioning,6.0,m,132,133,,,T000862
0PdQ8$QyujSTRpayv1WCT1,T000864,PRC-EQUIP-SET,Cooling tower CT-1,L00,L00-Z15,mechanical,equipment,1.0,ea,126,127,,,T000942
0PdQ8$QyujSTRpayv1WCT1,T000865,CX-PROCESS-STARTUP,Cooling tower CT-1,L00,L00-Z15,commissioning,commissioning,1.0,ea,153,155,,,T000488;T000489;T000491;T000492;T000864
0PdQ8$QyujSTRpayv1WCT1,T000866,GEN-HANDOVER-DOC,Cooling tower CT-1,L00,L00-Z15,commissioning,handover,1.0,ea,176,177,,,T000462;T000865;T000978;T000987;T001828
0Q$Q15mQEb0UgMnTlp5JIV,T000867,STR-RACK-ERECT,Rack leg 11b,L00,L00-Z15,steel,pipe_rack,0.65,t,123,124,,,T000937
0Q$Q15mQEb0UgMnTlp5JIV,T000868,STR-RACK-CONN,Rack leg 11b,L00,L00-Z15,steel,pipe_rack,0.65,t,124,125,,,T000859;T000867;T000878;T000969
0QLDAK0mESsUeGx$imFORv,T000869,ELE-TRAY-INSTALL,Rack cable tray 10,L00,L00-Z15,electrical,electrical_instrumentation,6.0,m,125,126,,,T000876;T000894;T000904;T000906
0QN98WvFsjp1chnlQcsz5_,T000870,PIP-SPOOL-LAY,Rack pipe PR-02 seg 12,L00,L00-Z15,piping,pipe_rack,6.0,m,126,127,,,T000860;T000868;T000879;T000970
0QN98WvFsjp1chnlQcsz5_,T000871,PIP-PIPE-TEST,Rack pipe PR-02 seg 12,L00,L00-Z15,piping,piping,6.0,m,131,132,,,T000682;T000870
0QN98WvFsjp1chnlQcsz5_,T000872,CX-PIPE-FLUSH,Rack pipe PR-02 seg 12,L00,L00-Z15,commissioning,precommissioning,6.0,m,135,136,,,T000538;T000542;T000651;T000678;T000757;T000786;T000808;T000824;T000871;T000892;T000979;T001002;T001003
0_ps6csXEvlygkEMsnAJ0h,T000873,PRC-EQUIP-SET,Exhaust stack,L00,L00-Z15,mechanical,equipment,1.0,ea,126,127,,,T000886
0_ps6csXEvlygkEMsnAJ0h,T000874,GEN-HANDOVER-DOC,Exhaust stack,L00,L00-Z15,commissioning,handover,1.0,ea,176,177,,,T000017;T000608;T000873;T001240
0bAfSu5VJZ3$SSVSuRI1bV,T000875,STR-RACK-ERECT,Rack leg 9a,L00,L00-Z15,steel,pipe_rack,0.65,t,123,124,,,T000915
0bAfSu5VJZ3$SSVSuRI1bV,T000876,STR-RACK-CONN,Rack leg 9a,L00,L00-Z15,steel,pipe_rack,0.65,t,124,125,,,T000875;T000893;T000903;T000905
0bdX6Lf6Iob5CtZa6UvQWD,T000877,ELE-TRAY-INSTALL,Rack cable tray 11,L00,L00-Z15,electrical,electrical_instrumentation,6.0,m,125,126,,,T000852;T000952;T000954;T000976
0dMe636cnOj6tMl5RCwNSe,T000878,STR-RACK-ERECT,Rack leg 11a,L00,L00-Z15,steel,pipe_rack,0.65,t,123,124,,,T000937
0dMe636cnOj6tMl5RCwNSe,T000879,STR-RACK-CONN,Rack leg 11a,L00,L00-Z15,steel,pipe_rack,0.65,t,124,125,,,T000859;T000867;T000878;T000969
0fzlIem3tfoMf4af57G$88,T000880,INS-PIPE-INSULATE,Rack insulation PR-01 12,L00,L00-Z15,insulation,insulation,6.0,m,134,135,,,T000532;T000643;T000662;T000667;T000738;T000755;T000763;T000831;T000908;T000911;T000924;T001000
0hIhKHQoArE5D0WLTg_Efl,T000881,PIP-SPOOL-LAY,Rack pipe PR-02 seg 10,L00,L00-Z15,piping,pipe_rack,6.0,m,126,127,,,T000876;T000894;T000904;T000906
0hIhKHQoArE5D0WLTg_Efl,T000882,PIP-PIPE-TEST,Rack pipe PR-02 seg 10,L00,L00-Z15,piping,piping,6.0,m,131,132,,,T000682;T000881
0hIhKHQoArE5D0WLTg_Efl,T000883,CX-PIPE-FLUSH,Rack pipe PR-02 seg 10,L00,L00-Z15,commissioning,precommissioning,6.0,m,135,136,,,T000538;T000542;T000651;T000678;T000757;T000786;T000808;T000824;T000882;T000892;T000979;T001002;T001003
0lXgIdJ2OX18kQfUZqq3vf,T000884,GEN-SITE-PREP,Yard slab Y-10,L00,L00-Z15,civil,mobilise,72.0,m2,3,4,,,
0lXgIdJ2OX18kQfUZqq3vf,T000885,CIV-EARTH-FILL,Yard slab Y-10,L00,L00-Z15,civil,earthworks,21.6,m3,5,6,,,T000853;T000856;T000884;T000913;T000918;T000935;T000945;T000948
0lXgIdJ2OX18kQfUZqq3vf,T000886,STR-GSLAB-POUR,Yard slab Y-10,L00,L00-Z15,concrete,foundations,21.6,m3,116,118,,,T000858;T000885
0m4GDDEeBLtpaqWzsrGRxm,T000887,IC-INSTR-INSTALL,Rack transmitter 12,L00,L00-Z15,instrumentation,electrical_instrumentation,1.0,ea,129,130,,,T000861;T000869;T000870;T000877;T000939;T000959;T000971;T000995;T000999;T001015
0m4GDDEeBLtpaqWzsrGRxm,T000888,IC-LOOP-CHECK,Rack transmitter 12,L00,L00-Z15,instrumentation,precommissioning,1.0,ea,132,133,,,T000887
0vWLprmbwBbIknVIgDb2dO,T000889,PIP-SPOOL-LAY,Rack pipe PR-06 seg 11,L00,L00-Z15,piping,pipe_rack,6.0,m,126,127,,,T000852;T000952;T000954;T000976
0vWLprmbwBbIknVIgDb2dO,T000890,PIP-PIPE-TEST,Rack pipe PR-06 seg 11,L00,L00-Z15,piping,piping,6.0,m,131,132,,,T000758;T000889
0vWLprmbwBbIknVIgDb2dO,T000891,CX-PIPE-FLUSH,Rack pipe PR-06 seg 11,L00,L00-Z15,commissioning,precommissioning,6.0,m,132,133,,,T000890
0ytneFHNFk658ZDYGCsQ57,T000892,INS-PIPE-INSULATE,Rack insulation PR-02 12,L00,L00-Z15,insulation,insulation,6.0,m,134,135,,,T000522;T000557;T000570;T000649;T000689;T000710;T000760;T000800;T000871;T000882;T000928;T000990
0zurOqNpnXkXtlkUej9HfV,T000893,STR-RACK-ERECT,Rack leg 9b,L00,L00-Z15,steel,pipe_rack,0.65,t,123,124,,,T000915
0zurOqNpnXkXtlkUej9HfV,T000894,STR-RACK-CONN,Rack leg 9b,L00,L00-Z15,steel,pipe_rack,0.65,t,124,125,,,T000875;T000893;T000903;T000905
1$BgjTedCBpe$NmPX_ihuk,T000895,STR-RACK-ERECT,Rack beam T2-8,L00,L00-Z15,steel,pipe_rack,0.4,t,123,124,,,T000950
1$BgjTedCBpe$NmPX_ihuk,T000896,STR-RACK-CONN,Rack beam T2-8,L00,L00-Z15,steel,pipe_rack,0.4,t,124,125,,,T000895;T000943;T001007;T001009
14Q9lcEqmmcl3e_P2RtIvH,T000897,PIP-SPOOL-LAY,Rack pipe PR-03 seg 9,L00,L00-Z15,piping,pipe_rack,6.0,m,126,127,,,T000896;T000944;T001008;T001010
14Q9lcEqmmcl3e_P2RtIvH,T000898,PIP-PIPE-TEST,Rack pipe PR-03 seg 9,L00,L00-Z15,piping,piping,6.0,m,131,132,,,T000820;T000897
14Q9lcEqmmcl3e_P2RtIvH,T000899,CX-PIPE-FLUSH,Rack pipe PR-03 seg 9,L00,L00-Z15,commissioning,precommissioning,6.0,m,135,136,,,T000537;T000589;T000634;T000652;T000712;T000727;T000790;T000798;T000898;T000938;T000955;T000998;T001014
15TV59oHRZE0QE1qDhQvII,T000900,PIP-SPOOL-LAY,Rack pipe PR-04 seg 10,L00,L00-Z15,piping,pipe_rack,6.0,m,126,127,,,T000876;T000894;T000904;T000906
15TV59oHRZE0QE1qDhQvII,T000901,PIP-PIPE-TEST,Rack pipe PR-04 seg 10,L00,L00-Z15,piping,piping,6.0,m,131,132,,,T000817;T000900
15TV59oHRZE0QE1qDhQvII,T000902,CX-PIPE-FLUSH,Rack pipe PR-04 seg 10,L00,L00-Z15,commissioning,precommissioning,6.0,m,132,133,,,T000901
18j8ZW3_tHoRvdcgTqIe06,T000903,STR-RACK-ERECT,Rack beam T2-9,L00,L00-Z15,steel,pipe_rack,0.4,t,123,124,,,T000915
18j8ZW3_tHoRvdcgTqIe06,T000904,STR-RACK-CONN,Rack beam T2-9,L00,L00-Z15,steel,pipe_rack,0.4,t,124,125,,,T000875;T000893;T000903;T000905
1CyeDTiSxY6wu$t8L2v7iz,T000905,STR-RACK-ERECT,Rack beam T1-9,L00,L00-Z15,steel,pipe_rack,0.4,t,123,124,,,T000915
1CyeDTiSxY6wu$t8L2v7iz,T000906,STR-RACK-CONN,Rack beam T1-9,L00,L00-Z15,steel,pipe_rack,0.4,t,124,125,,,T000875;T000893;T000903;T000905
1EIuC5HmymzL2kuNv2_ihA,T000907,PIP-SPOOL-LAY,Rack pipe PR-01 seg 9,L00,L00-Z15,piping,pipe_rack,6.0,m,126,127,,,T000896;T000944;T001008;T001010
1EIuC5HmymzL2kuNv2_ihA,T000908,PIP-PIPE-TEST,Rack pipe PR-01 seg 9,L00,L00-Z15,piping,piping,6.0,m,131,132,,,T000703;T000907
1EIuC5HmymzL2kuNv2_ihA,T000909,CX-PIPE-FLUSH,Rack pipe PR-01 seg 9,L00,L00-Z15,commissioning,precommissioning,6.0,m,135,136,,,T000524;T000555;T000594;T000625;T000699;T000812;T000813;T000829;T000880;T000908;T000926;T000962;T000974
1HcoJEPfbAj$2rLkWOZ3_e,T000910,PIP-SPOOL-LAY,Rack pipe PR-01 seg 10,L00,L00-Z15,piping,pipe_rack,6.0,m,127,128,,,T000876;T000894;T000904;T000906
1HcoJEPfbAj$2rLkWOZ3_e,T000911,PIP-PIPE-TEST,Rack pipe PR-01 seg 10,L00,L00-Z15,piping,piping,6.0,m,131,132,,,T000703;T000910
1HcoJEPfbAj$2rLkWOZ3_e,T000912,CX-PIPE-FLUSH,Rack pipe PR-01 seg 10,L00,L00-Z15,commissioning,precommissioning,6.0,m,135,136,,,T000524;T000555;T000594;T000625;T000699;T000812;T000813;T000829;T000880;T000911;T000926;T000962;T000974
1Lf2EOdbMo9PBBpXIhjoHn,T000913,CIV-EARTH-CUT,Rack footing RF-9,L00,L00-Z15,civil,earthworks,21.6,m3,4,5,,,T000884;T000940
1Lf2EOdbMo9PBBpXIhjoHn,T000914,STR-FOOT-REBAR,Rack footing RF-9,L00,L00-Z15,concrete,foundations,0.72,t,116,117,,,T000913
1Lf2EOdbMo9PBBpXIhjoHn,T000915,STR-FOOT-POUR,Rack footing RF-9,L00,L00-Z15,concrete,foundations,7.2,m3,121,122,,,T000914
1NF3WeZqE$EL8y0wWdVq6I,T000916,IC-INSTR-INSTALL,Rack transmitter 9,L00,L00-Z15,instrumentation,electrical_instrumentation,1.0,ea,128,129,,,T000869;T000877;T000897;T000907;T000927;T000932;T000939;T000956;T000980;T001015
1NF3WeZqE$EL8y0wWdVq6I,T000917,IC-LOOP-CHECK,Rack transmitter 9,L00,L00-Z15,instrumentation,precommissioning,1.0,ea,132,133,,,T000916
1ZwYeiEUgwH_FwYP2sFDnY,T000918,CIV-EARTH-CUT,Cooling tower CT-1 plinth,L00,L00-Z15,civil,earthworks,22.5,m3,4,5,,,T000884;T000940
1ZwYeiEUgwH_FwYP2sFDnY,T000919,STR-FOOT-REBAR,Cooling tower CT-1 plinth,L00,L00-Z15,concrete,foundations,0.75,t,106,107,,,T000918
1ZwYeiEUgwH_FwYP2sFDnY,T000920,STR-FOOT-POUR,Cooling tower CT-1 plinth,L00,L00-Z15,concrete,foundations,7.5,m3,110,111,,,T000919
1cbGNkIBo1IhNRYAI2Ydvy,T000921,IC-INSTR-INSTALL,Rack transmitter 10,L00,L00-Z15,instrumentation,electrical_instrumentation,1.0,ea,129,130,,,T000869;T000877;T000881;T000900;T000910;T000939;T000983;T000992;T001004;T001015
1cbGNkIBo1IhNRYAI2Ydvy,T000922,IC-LOOP-CHECK,Rack transmitter 10,L00,L00-Z15,instrumentation,precommissioning,1.0,ea,132,133,,,T000921
1dXvth5YwAg4G12cmPymn4,T000923,PIP-SPOOL-LAY,Rack pipe PR-01 seg 11,L00,L00-Z15,piping,pipe_rack,6.0,m,127,128,,,T000852;T000952;T000954;T000976
1dXvth5YwAg4G12cmPymn4,T000924,PIP-PIPE-TEST,Rack pipe PR-01 seg 11,L00,L00-Z15,piping,piping,6.0,m,131,132,,,T000703;T000923
1dXvth5YwAg4G12cmPymn4,T000925,CX-PIPE-FLUSH,Rack pipe PR-01 seg 11,L00,L00-Z15,commissioning,precommissioning,6.0,m,135,136,,,T000524;T000555;T000594;T000625;T000699;T000812;T000813;T000829;T000880;T000924;T000926;T000962;T000974
1fA_xY8vnOZIk7yVS0fjzI,T000926,INS-PIPE-INSULATE,Rack insulation PR-01 9,L00,L00-Z15,insulation,insulation,6.0,m,134,135,,,T000532;T000643;T000662;T000667;T000738;T000755;T000763;T000831;T000908;T000911;T000924;T001000
1fiqMplxibI$qktBWHgjxv,T000927,PIP-SPOOL-LAY,Rack pipe PR-02 seg 9,L00,L00-Z15,piping,pipe_rack,6.0,m,127,128,,,T000896;T000944;T001008;T001010
1fiqMplxibI$qktBWHgjxv,T000928,PIP-PIPE-TEST,Rack pipe PR-02 seg 9,L00,L00-Z15,piping,piping,6.0,m,131,132,,,T000682;T000927
1fiqMplxibI$qktBWHgjxv,T000929,CX-PIPE-FLUSH,Rack pipe PR-02 seg 9,L00,L00-Z15,commissioning,precommissioning,6.0,m,135,136,,,T000538;T000542;T000651;T000678;T000757;T000786;T000808;T000824;T000892;T000928;T000979;T001002;T001003
1m2QNrjeCSGyqAxc3HYiji,T000930,IC-INSTR-INSTALL,Rack transmitter 11,L00,L00-Z15,instrumentation,electrical_instrumentation,1.0,ea,129,130,,,T000869;T000877;T000889;T000923;T000939;T000963;T000966;T000989;T001011;T001015
1m2QNrjeCSGyqAxc3HYiji,T000931,IC-LOOP-CHECK,Rack transmitter 11,L00,L00-Z15,instrumentation,precommissioning,1.0,ea,132,133,,,T000930
1u9sAfwLZh341333AfLAAO,T000932,PIP-SPOOL-LAY,Rack pipe PR-05 seg 9,L00,L00-Z15,piping,pipe_rack,6.0,m,127,128,,,T000896;T000944;T001008;T001010
1u9sAfwLZh341333AfLAAO,T000933,PIP-PIPE-TEST,Rack pipe PR-05 seg 9,L00,L00-Z15,piping,piping,6.0,m,131,132,,,T000691;T000932
1u9sAfwLZh341333AfLAAO,T000934,CX-PIPE-FLUSH,Rack pipe PR-05 seg 9,L00,L00-Z15,commissioning,precommissioning,6.0,m,132,133,,,T000933
1vPbsptmA_3_Dfznd$a75O,T000935,CIV-EARTH-CUT,Rack footing RF-11,L00,L00-Z15,civil,earthworks,21.6,m3,4,5,,,T000884;T000940
1vPbsptmA_3_Dfznd$a75O,T000936,STR-FOOT-REBAR,Rack footing RF-11,L00,L00-Z15,concrete,foundations,0.72,t,116,117,,,T000935
1vPbsptmA_3_Dfznd$a75O,T000937,STR-FOOT-POUR,Rack footing RF-11,L00,L00-Z15,concrete,foundations,7.2,m3,121,122,,,T000936
20T5SvUo0t69Zr2d6$RaEU,T000938,INS-PIPE-INSULATE,Rack insulation PR-03 12,L00,L00-Z15,insulation,insulation,6.0,m,134,135,,,T000560;T000576;T000630;T000646;T000725;T000781;T000788;T000815;T000898;T000972;T000993;T001012
22oX8OPPwTBGejLPipDxAx,T000939,ELE-TRAY-INSTALL,Rack cable tray 9,L00,L00-Z15,electrical,electrical_instrumentation,6.0,m,125,126,,,T000896;T000944;T001008;T001010
2AszXnV562ZSVtFCVvACAe,T000940,GEN-SITE-PREP,Yard slab Y-8,L00,L00-Z15,civil,mobilise,72.0,m2,3,4,,,
2AszXnV562ZSVtFCVvACAe,T000941,CIV-EARTH-FILL,Yard slab Y-8,L00,L00-Z15,civil,earthworks,21.6,m3,5,6,,,T000853;T000856;T000913;T000918;T000935;T000940;T000945;T000948
2AszXnV562ZSVtFCVvACAe,T000942,STR-GSLAB-POUR,Yard slab Y-8,L00,L00-Z15,concrete,foundations,21.6,m3,117,119,,,T000855;T000920;T000941
2Cbq3wWjijVZv6fwXKQfpi,T000943,STR-RACK-ERECT,Rack beam T1-8,L00,L00-Z15,steel,pipe_rack,0.4,t,123,124,,,T000950
2Cbq3wWjijVZv6fwXKQfpi,T000944,STR-RACK-CONN,Rack beam T1-8,L00,L00-Z15,steel,pipe_rack,0.4,t,124,125,,,T000895;T000943;T001007;T001009
2F98qKOVMN3$FgBCpnqmyH,T000945,CIV-EARTH-CUT,Rack footing RF-10,L00,L00-Z15,civil,earthworks,21.6,m3,4,5,,,T000884;T000940
2F98qKOVMN3$FgBCpnqmyH,T000946,STR-FOOT-REBAR,Rack footing RF-10,L00,L00-Z15,concrete,foundations,0.72,t,117,118,,,T000945
2F98qKOVMN3$FgBCpnqmyH,T000947,STR-FOOT-POUR,Rack footing RF-10,L00,L00-Z15,concrete,foundations,7.2,m3,122,123,,,T000946
2FwJ9hY5mWExsL_bSDBkU$,T000948,CIV-EARTH-CUT,Rack footing RF-8,L00,L00-Z15,civil,earthworks,21.6,m3,4,5,,,T000884;T000940
2FwJ9hY5mWExsL_bSDBkU$,T000949,STR-FOOT-REBAR,Rack footing RF-8,L00,L00-Z15,concrete,foundations,0.72,t,118,119,,,T000948
2FwJ9hY5mWExsL_bSDBkU$,T000950,STR-FOOT-POUR,Rack footing RF-8,L00,L00-Z15,concrete,foundations,7.2,m3,122,123,,,T000949
2MuMJu34FdbDiNLC$OJhwn,T000951,STR-RACK-ERECT,Rack beam T1-10,L00,L00-Z15,steel,pipe_rack,0.4,t,123,124,,,T000947
2MuMJu34FdbDiNLC$OJhwn,T000952,STR-RACK-CONN,Rack beam T1-10,L00,L00-Z15,steel,pipe_rack,0.4,t,124,125,,,T000851;T000951;T000953;T000975
2NCdjMtW$BNXpPTiAhvCW2,T000953,STR-RACK-ERECT,Rack leg 10a,L00,L00-Z15,steel,pipe_rack,0.65,t,123,124,,,T000947
2NCdjMtW$BNXpPTiAhvCW2,T000954,STR-RACK-CONN,Rack leg 10a,L00,L00-Z15,steel,pipe_rack,0.65,t,124,125,,,T000851;T000951;T000953;T000975
2PNr41khlh0DzPRIgZoPt5,T000955,INS-PIPE-INSULATE,Rack insulation PR-03 10,L00,L00-Z15,insulation,insulation,6.0,m,134,135,,,T000560;T000576;T000630;T000646;T000725;T000781;T000788;T000815;T000898;T000972;T000993;T001012
2RCMRWhj6tNtD__sIQXb5E,T000956,PIP-SPOOL-LAY,Rack pipe PR-06 seg 9,L00,L00-Z15,piping,pipe_rack,6.0,m,127,128,,,T000896;T000944;T001008;T001010
2RCMRWhj6tNtD__sIQXb5E,T000957,PIP-PIPE-TEST,Rack pipe PR-06 seg 9,L00,L00-Z15,piping,piping,6.0,m,131,132,,,T000758;T000956
2RCMRWhj6tNtD__sIQXb5E,T000958,CX-PIPE-FLUSH,Rack pipe PR-06 seg 9,L00,L00-Z15,commissioning,precommissioning,6.0,m,132,133,,,T000957
2Tfl6kdLm55y6qQUqwj2NG,T000959,PIP-SPOOL-LAY,Rack pipe PR-05 seg 12,L00,L00-Z15,piping,pipe_rack,6.0,m,127,128,,,T000860;T000868;T000879;T000970
2Tfl6kdLm55y6qQUqwj2NG,T000960,PIP-PIPE-TEST,Rack pipe PR-05 seg 12,L00,L00-Z15,piping,piping,6.0,m,131,132,,,T000691;T000959
2Tfl6kdLm55y6qQUqwj2NG,T000961,CX-PIPE-FLUSH,Rack pipe PR-05 seg 12,L00,L00-Z15,commissioning,precommissioning,6.0,m,132,133,,,T000960
2e_ePOFb7OaVms1cXQIb33,T000962,INS-PIPE-INSULATE,Rack insulation PR-01 10,L00,L00-Z15,insulation,insulation,6.0,m,134,135,,,T000532;T000643;T000662;T000667;T000738;T000755;T000763;T000831;T000908;T000911;T000924;T001000
2fqmZuPIQnjOV__Zt6W0tx,T000963,PIP-SPOOL-LAY,Rack pipe PR-04 seg 11,L00,L00-Z15,piping,pipe_rack,6.0,m,127,128,,,T000852;T000952;T000954;T000976
2fqmZuPIQnjOV__Zt6W0tx,T000964,PIP-PIPE-TEST,Rack pipe PR-04 seg 11,L00,L00-Z15,piping,piping,6.0,m,131,132,,,T000817;T000963
2fqmZuPIQnjOV__Zt6W0tx,T000965,CX-PIPE-FLUSH,Rack pipe PR-04 seg 11,L00,L00-Z15,commissioning,precommissioning,6.0,m,132,133,,,T000964
2my5tx3560XVmihBkZJpmF,T000966,PIP-SPOOL-LAY,Rack pipe PR-05 seg 11,L00,L00-Z15,piping,pipe_rack,6.0,m,127,128,,,T000852;T000952;T000954;T000976
2my5tx3560XVmihBkZJpmF,T000967,PIP-PIPE-TEST,Rack pipe PR-05 seg 11,L00,L00-Z15,piping,piping,6.0,m,131,132,,,T000691;T000966
2my5tx3560XVmihBkZJpmF,T000968,CX-PIPE-FLUSH,Rack pipe PR-05 seg 11,L00,L00-Z15,commissioning,precommissioning,6.0,m,132,133,,,T000967
2sdQYq1rqmZO_W1o5vGS9E,T000969,STR-RACK-ERECT,Rack beam T1-11,L00,L00-Z15,steel,pipe_rack,0.4,t,123,124,,,T000937
2sdQYq1rqmZO_W1o5vGS9E,T000970,STR-RACK-CONN,Rack beam T1-11,L00,L00-Z15,steel,pipe_rack,0.4,t,124,125,,,T000859;T000867;T000878;T000969
2wifal6Fu_t48JmguYIIPB,T000971,PIP-SPOOL-LAY,Rack pipe PR-03 seg 12,L00,L00-Z15,piping,pipe_rack,6.0,m,127,128,,,T000860;T000868;T000879;T000970
2wifal6Fu_t48JmguYIIPB,T000972,PIP-PIPE-TEST,Rack pipe PR-03 seg 12,L00,L00-Z15,piping,piping,6.0,m,131,132,,,T000820;T000971
2wifal6Fu_t48JmguYIIPB,T000973,CX-PIPE-FLUSH,Rack pipe PR-03 seg 12,L00,L00-Z15,commissioning,precommissioning,6.0,m,135,136,,,T000537;T000589;T000634;T000652;T000712;T000727;T000790;T000798;T000938;T000955;T000972;T000998;T001014
3AlxIvmKueDZwZPwaKGf2F,T000974,INS-PIPE-INSULATE,Rack insulation PR-01 11,L00,L00-Z15,insulation,insulation,6.0,m,134,135,,,T000532;T000643;T000662;T000667;T000738;T000755;T000763;T000831;T000908;T000911;T000924;T001000
3E8hVkIU_Op5j7zCBfoPaf,T000975,STR-RACK-ERECT,Rack beam T2-10,L00,L00-Z15,steel,pipe_rack,0.4,t,123,124,,,T000947
3E8hVkIU_Op5j7zCBfoPaf,T000976,STR-RACK-CONN,Rack beam T2-10,L00,L00-Z15,steel,pipe_rack,0.4,t,124,125,,,T000851;T000951;T000953;T000975
3H0YZ827$YCRKYlU97zdCI,T000977,PRC-PUMP-SET,Compressor K-1,L00,L00-Z15,mechanical,equipment,1.0,ea,127,128,,,T000886
3H0YZ827$YCRKYlU97zdCI,T000978,CX-PROCESS-STARTUP,Compressor K-1,L00,L00-Z15,commissioning,commissioning,1.0,ea,153,155,,,T000488;T000489;T000491;T000492;T000977
3OHbOkfQxMFbVQhN$lVozY,T000979,INS-PIPE-INSULATE,Rack insulation PR-02 10,L00,L00-Z15,insulation,insulation,6.0,m,134,135,,,T000522;T000557;T000570;T000649;T000689;T000710;T000760;T000800;T000871;T000882;T000928;T000990
3ObiHpqaYVFrW$0EpOWGNF,T000980,PIP-SPOOL-LAY,Rack pipe PR-04 seg 9,L00,L00-Z15,piping,pipe_rack,6.0,m,127,128,,,T000896;T000944;T001008;T001010
3ObiHpqaYVFrW$0EpOWGNF,T000981,PIP-PIPE-TEST,Rack pipe PR-04 seg 9,L00,L00-Z15,piping,piping,6.0,m,131,132,,,T000817;T000980
3ObiHpqaYVFrW$0EpOWGNF,T000982,CX-PIPE-FLUSH,Rack pipe PR-04 seg 9,L00,L00-Z15,commissioning,precommissioning,6.0,m,132,133,,,T000981
3OhcUzHq5RTlF6Dlv26l8b,T000983,PIP-SPOOL-LAY,Rack pipe PR-06 seg 10,L00,L00-Z15,piping,pipe_rack,6.0,m,127,128,,,T000876;T000894;T000904;T000906
3OhcUzHq5RTlF6Dlv26l8b,T000984,PIP-PIPE-TEST,Rack pipe PR-06 seg 10,L00,L00-Z15,piping,piping,6.0,m,131,132,,,T000758;T000983
3OhcUzHq5RTlF6Dlv26l8b,T000985,CX-PIPE-FLUSH,Rack pipe PR-06 seg 10,L00,L00-Z15,commissioning,precommissioning,6.0,m,132,133,,,T000984
3QsHDXXYwETeR2q5r$pX0M,T000986,PRC-EQUIP-SET,Steam turbine TG-1,L00,L00-Z15,mechanical,equipment,1.0,ea,127,128,,,T000942
3QsHDXXYwETeR2q5r$pX0M,T000987,CX-PROCESS-STARTUP,Steam turbine TG-1,L00,L00-Z15,commissioning,commissioning,1.0,ea,155,157,,,T000488;T000489;T000491;T000492;T000986
3QsHDXXYwETeR2q5r$pX0M,T000988,GEN-HANDOVER-DOC,Steam turbine TG-1,L00,L00-Z15,commissioning,handover,1.0,ea,176,177,,,T000462;T000865;T000978;T000987;T001828
3SiqDSwJO0D$I9dUpcQCO3,T000989,PIP-SPOOL-LAY,Rack pipe PR-02 seg 11,L00,L00-Z15,piping,pipe_rack,6.0,m,127,128,,,T000852;T000952;T000954;T000976
3SiqDSwJO0D$I9dUpcQCO3,T000990,PIP-PIPE-TEST,Rack pipe PR-02 seg 11,L00,L00-Z15,piping,piping,6.0,m,131,132,,,T000682;T000989
3SiqDSwJO0D$I9dUpcQCO3,T000991,CX-PIPE-FLUSH,Rack pipe PR-02 seg 11,L00,L00-Z15,commissioning,precommissioning,6.0,m,135,136,,,T000538;T000542;T000651;T000678;T000757;T000786;T000808;T000824;T000892;T000979;T000990;T001002;T001003
3VI2TuW_pxxlQxGr6VICbl,T000992,PIP-SPOOL-LAY,Rack pipe PR-03 seg 10,L00,L00-Z15,piping,pipe_rack,6.0,m,128,129,,,T000876;T000894;T000904;T000906
3VI2TuW_pxxlQxGr6VICbl,T000993,PIP-PIPE-TEST,Rack pipe PR-03 seg 10,L00,L00-Z15,piping,piping,6.0,m,131,132,,,T000820;T000992
3VI2TuW_pxxlQxGr6VICbl,T000994,CX-PIPE-FLUSH,Rack pipe PR-03 seg 10,L00,L00-Z15,commissioning,precommissioning,6.0,m,135,136,,,T000537;T000589;T000634;T000652;T000712;T000727;T000790;T000798;T000938;T000955;T000993;T000998;T001014
3bQqEaIaZMs1y8wicSvPZz,T000995,PIP-SPOOL-LAY,Rack pipe PR-04 seg 12,L00,L00-Z15,piping,pipe_rack,6.0,m,128,129,,,T000860;T000868;T000879;T000970
3bQqEaIaZMs1y8wicSvPZz,T000996,PIP-PIPE-TEST,Rack pipe PR-04 seg 12,L00,L00-Z15,piping,piping,6.0,m,131,132,,,T000817;T000995
3bQqEaIaZMs1y8wicSvPZz,T000997,CX-PIPE-FLUSH,Rack pipe PR-04 seg 12,L00,L00-Z15,commissioning,precommissioning,6.0,m,132,133,,,T000996
3bw5ag2q8yrxTeSvXc4TWo,T000998,INS-PIPE-INSULATE,Rack insulation PR-03 11,L00,L00-Z15,insulation,insulation,6.0,m,134,135,,,T000560;T000576;T000630;T000646;T000725;T000781;T000788;T000815;T000898;T000972;T000993;T001012
3gksqhGiXO_aYAvAeE2GDV,T000999,PIP-SPOOL-LAY,Rack pipe PR-01 seg 12,L00,L00-Z15,piping,pipe_rack,6.0,m,128,129,,,T000860;T000868;T000879;T000970
3gksqhGiXO_aYAvAeE2GDV,T001000,PIP-PIPE-TEST,Rack pipe PR-01 seg 12,L00,L00-Z15,piping,piping,6.0,m,131,132,,,T000703;T000999
3gksqhGiXO_aYAvAeE2GDV,T001001,CX-PIPE-FLUSH,Rack pipe PR-01 seg 12,L00,L00-Z15,commissioning,precommissioning,6.0,m,135,136,,,T000524;T000555;T000594;T000625;T000699;T000812;T000813;T000829;T000880;T000926;T000962;T000974;T001000
3hB_h8WYYaTefUOidOgqZX,T001002,INS-PIPE-INSULATE,Rack insulation PR-02 9,L00,L00-Z15,insulation,insulation,6.0,m,134,135,,,T000522;T000557;T000570;T000649;T000689;T000710;T000760;T000800;T000871;T000882;T000928;T000990
3hIW9WFmo08OW$wZrPY6s_,T001003,INS-PIPE-INSULATE,Rack insulation PR-02 11,L00,L00-Z15,insulation,insulation,6.0,m,134,135,,,T000522;T000557;T000570;T000649;T000689;T000710;T000760;T000800;T000871;T000882;T000928;T000990
3l73JjemEbbXKAIza_9JMa,T001004,PIP-SPOOL-LAY,Rack pipe PR-05 seg 10,L00,L00-Z15,piping,pipe_rack,6.0,m,128,129,,,T000876;T000894;T000904;T000906
3l73JjemEbbXKAIza_9JMa,T001005,PIP-PIPE-TEST,Rack pipe PR-05 seg 10,L00,L00-Z15,piping,piping,6.0,m,131,132,,,T000691;T001004
3l73JjemEbbXKAIza_9JMa,T001006,CX-PIPE-FLUSH,Rack pipe PR-05 seg 10,L00,L00-Z15,commissioning,precommissioning,6.0,m,132,133,,,T001005
3m5DCCFUkro5iuw4pt3RN3,T001007,STR-RACK-ERECT,Rack leg 8b,L00,L00-Z15,steel,pipe_rack,0.65,t,123,124,,,T000950
3m5DCCFUkro5iuw4pt3RN3,T001008,STR-RACK-CONN,Rack leg 8b,L00,L00-Z15,steel,pipe_rack,0.65,t,124,125,,,T000895;T000943;T001007;T001009
3r7DZZWgrWjA1C_V$StYD_,T001009,STR-RACK-ERECT,Rack leg 8a,L00,L00-Z15,steel,pipe_rack,0.65,t,123,124,,,T000950
3r7DZZWgrWjA1C_V$StYD_,T001010,STR-RACK-CONN,Rack leg 8a,L00,L00-Z15,steel,pipe_rack,0.65,t,124,125,,,T000895;T000943;T001007;T001009
3t9bjz5z8jgOdL1CIY73Rl,T001011,PIP-SPOOL-LAY,Rack pipe PR-03 seg 11,L00,L00-Z15,piping,pipe_rack,6.0,m,128,129,,,T000852;T000952;T000954;T000976
3t9bjz5z8jgOdL1CIY73Rl,T001012,PIP-PIPE-TEST,Rack pipe PR-03 seg 11,L00,L00-Z15,piping,piping,6.0,m,131,132,,,T000820;T001011
3t9bjz5z8jgOdL1CIY73Rl,T001013,CX-PIPE-FLUSH,Rack pipe PR-03 seg 11,L00,L00-Z15,commissioning,precommissioning,6.0,m,135,136,,,T000537;T000589;T000634;T000652;T000712;T000727;T000790;T000798;T000938;T000955;T000998;T001012;T001014
3xofvHfseN0LWrB_gI5HU$,T001014,INS-PIPE-INSULATE,Rack insulation PR-03 9,L00,L00-Z15,insulation,insulation,6.0,m,134,135,,,T000560;T000576;T000630;T000646;T000725;T000781;T000788;T000815;T000898;T000972;T000993;T001012
3yDIx$LN91KB_NDOXrLh_u,T001015,ELE-TRAY-INSTALL,Rack cable tray 12,L00,L00-Z15,electrical,electrical_instrumentation,6.0,m,125,126,,,T000860;T000868;T000879;T000970
07TS2z0gPGhMf72IIEk9lo,T001016,STR-STEEL-COL,Steel column C-7-0,L00,L00-Z2,steel,steel,1.24,t,49,50,,,T001038
07TS2z0gPGhMf72IIEk9lo,T001017,STR-STEEL-CONN,Steel column C-7-0,L00,L00-Z2,steel,steel,1.24,t,51,52,,,T001016;T001101;T001126
07TS2z0gPGhMf72IIEk9lo,T001018,INS-COATING-APPLY,Steel column C-7-0,L00,L00-Z2,insulation,insulation,27.28,m2,108,109,,,T001017
0C3zt3gWVDyUh6gU9uCvFA,T001019,STR-STEEL-BEAM,Roof beam Z B-5-0,L00,L00-Z2,steel,steel,0.63,t,50,51,,,T001067
0C3zt3gWVDyUh6gU9uCvFA,T001020,STR-STEEL-CONN,Roof beam Z B-5-0,L00,L00-Z2,steel,steel,0.63,t,51,52,,,T001019;T001096
0GQ4wnE0d5Bgx5Dd2dQfPO,T001021,STR-STEEL-BEAM,Roof beam X B-4-0,L00,L00-Z2,steel,steel,1.16,t,50,51,,,T001120
0GQ4wnE0d5Bgx5Dd2dQfPO,T001022,STR-STEEL-CONN,Roof beam X B-4-0,L00,L00-Z2,steel,steel,1.16,t,51,52,,,T001021;T001099
0GSknvPpO8ZsLdDIxDEU2w,T001023,ARC-CLAD-INSTALL,Cladding S-7,L00,L00-Z2,steel,steel,60.0,m2,52,53,,,T001017;T001102;T001114;T001127
0HJgomQo8nOyDgvcBLDM4_,T001024,STR-STEEL-BEAM,Roof beam Z B-6-1,L00,L00-Z2,steel,steel,0.73,t,50,51,,,T001103
0HJgomQo8nOyDgvcBLDM4_,T001025,STR-STEEL-CONN,Roof beam Z B-6-1,L00,L00-Z2,steel,steel,0.73,t,51,52,,,T001024;T001042
0J3Iz6sFkKzT$Z7L7uAts2,T001026,CIV-EARTH-CUT,Module foundation MF-3,L00,L00-Z2,civil,earthworks,40.25,m3,1,2,,,T001089;T001112
0J3Iz6sFkKzT$Z7L7uAts2,T001027,STR-FOOT-REBAR,Module foundation MF-3,L00,L00-Z2,concrete,foundations,1.61,t,21,22,,,T001026
0J3Iz6sFkKzT$Z7L7uAts2,T001028,STR-EQPAD-POUR,Module foundation MF-3,L00,L00-Z2,concrete,foundations,16.1,m3,41,44,,,T001027
0J3Iz6sFkKzT$Z7L7uAts2,T001029,CIV-BACKFILL-COMPACT,Module foundation MF-3,L00,L00-Z2,civil,foundations,16.1,m3,44,45,,,T001028
0JKs8nmxW1EYhEbtKw0XMD,T001030,CIV-EARTH-CUT,Pad footing F-4-0,L00,L00-Z2,civil,earthworks,18.03,m3,1,2,,,T001089;T001112
0JKs8nmxW1EYhEbtKw0XMD,T001031,STR-FOOT-REBAR,Pad footing F-4-0,L00,L00-Z2,concrete,foundations,0.601,t,6,7,,,T001030
0JKs8nmxW1EYhEbtKw0XMD,T001032,STR-FOOT-POUR,Pad footing F-4-0,L00,L00-Z2,concrete,foundations,6.01,m3,22,23,,,T001031
0L9GnsjGpUbFhhD59jvqvt,T001033,ARC-ROOF-DECK,Roof sheeting R-4-0,L00,L00-Z2,steel,steel,144.0,m2,52,53,,,T001020;T001022;T001068;T001074;T001076;T001087;T001094;T001097;T001100;T001107;T001119;T001121
0_b4SJjDWjMeE$DMMI$nWV,T001034,ELE-TRAY-INSTALL,Cable tray S-5,L00,L00-Z2,electrical,electrical_instrumentation,6.0,m,54,55,,,T001022;T001091;T001100;T001121
0a_EByvJqZCKPE27Stsq2L,T001035,ELE-TRAY-INSTALL,Cable tray S-8,L00,L00-Z2,electrical,electrical_instrumentation,6.0,m,54,55,,,T001017;T001102;T001114;T001127
0g9UZ_RGyVyqOCCtjsqx6C,T001036,CIV-EARTH-CUT,Pad footing F-7-0,L00,L00-Z2,civil,earthworks,13.89,m3,1,2,,,T001089;T001112
0g9UZ_RGyVyqOCCtjsqx6C,T001037,STR-FOOT-REBAR,Pad footing F-7-0,L00,L00-Z2,concrete,foundations,0.463,t,7,8,,,T001036
0g9UZ_RGyVyqOCCtjsqx6C,T001038,STR-FOOT-POUR,Pad footing F-7-0,L00,L00-Z2,concrete,foundations,4.63,m3,22,23,,,T001037
0gRxfT8naRRDZ9rteePP6$,T001039,ARC-CLAD-INSTALL,Cladding S-5,L00,L00-Z2,steel,steel,60.0,m2,52,53,,,T001020;T001068;T001091;T001097
0me8G7u7ct8D76bmpCqT1w,T001040,STR-STEEL-BEAM,Roof beam Z B-6-0,L00,L00-Z2,steel,steel,0.89,t,50,51,,,T001054
0me8G7u7ct8D76bmpCqT1w,T001041,STR-STEEL-CONN,Roof beam Z B-6-0,L00,L00-Z2,steel,steel,0.89,t,51,52,,,T001040;T001044
0qCDviSaWO43B7RFFBGmNE,T001042,STR-STEEL-BEAM,Roof beam X B-6-1,L00,L00-Z2,steel,steel,1.2,t,50,51,,,T001103
0qCDviSaWO43B7RFFBGmNE,T001043,STR-STEEL-CONN,Roof beam X B-6-1,L00,L00-Z2,steel,steel,1.2,t,51,52,,,T001024;T001042
0y6Dn6BsoMvjdgPAxGBxCw,T001044,STR-STEEL-BEAM,Roof beam X B-6-0,L00,L00-Z2,steel,steel,0.73,t,50,51,,,T001054
0y6Dn6BsoMvjdgPAxGBxCw,T001045,STR-STEEL-CONN,Roof beam X B-6-0,L00,L00-Z2,steel,steel,0.73,t,51,52,,,T001040;T001044
161HDftSLBOl06X5E6c9Xg,T001046,ARC-CLAD-INSTALL,Cladding S-6,L00,L00-Z2,steel,steel,60.0,m2,52,53,,,T001041;T001045;T001055;T001114
18naQTb8w7l1LfqoKEGrz8,T001047,STR-STEEL-BEAM,Roof beam Z B-7-1,L00,L00-Z2,steel,steel,0.51,t,50,51,,,T001070
18naQTb8w7l1LfqoKEGrz8,T001048,STR-STEEL-CONN,Roof beam Z B-7-1,L00,L00-Z2,steel,steel,0.51,t,51,52,,,T001047;T001084
1GGaDheXK0Sa4V7F2kp$vl,T001049,PRC-MOD-SET,Process module M-03,L00,L00-Z2,mechanical,equipment,1.0,ea,104,106,,,T001028;T001114;T001186
1GGaDheXK0Sa4V7F2kp$vl,T001050,PRC-MOD-CONNECT,Process module M-03,L00,L00-Z2,piping,piping,1.0,ea,106,108,,,T001049
1GGaDheXK0Sa4V7F2kp$vl,T001051,CX-PROCESS-STARTUP,Process module M-03,L00,L00-Z2,commissioning,commissioning,1.0,ea,155,157,,,T000265;T000266;T000306;T000307;T000696;T001050;T001390;T001391;T001440;T001441;T001718;T001719;T001815;T001816
1GGaDheXK0Sa4V7F2kp$vl,T001052,GEN-HANDOVER-DOC,Process module M-03,L00,L00-Z2,commissioning,handover,1.0,ea,176,177,,,T000697;T001051;T001414
1K8AMJCM9lbElJtr$pc1DE,T001053,ELE-TRAY-INSTALL,Cable tray S-7,L00,L00-Z2,electrical,electrical_instrumentation,6.0,m,54,55,,,T001041;T001045;T001055;T001114
1KCVUY7SnjMMUej3jIO$dM,T001054,STR-STEEL-COL,Steel column C-6-0,L00,L00-Z2,steel,steel,1.44,t,49,50,,,T001059
1KCVUY7SnjMMUej3jIO$dM,T001055,STR-STEEL-CONN,Steel column C-6-0,L00,L00-Z2,steel,steel,1.44,t,51,52,,,T001040;T001044;T001054
1KCVUY7SnjMMUej3jIO$dM,T001056,INS-COATING-APPLY,Steel column C-6-0,L00,L00-Z2,insulation,insulation,31.68,m2,108,109,,,T001055
1XsRPdpluvFVS8h2TS097T,T001057,CIV-EARTH-CUT,Pad footing F-6-0,L00,L00-Z2,civil,earthworks,19.17,m3,1,2,,,T001089;T001112
1XsRPdpluvFVS8h2TS097T,T001058,STR-FOOT-REBAR,Pad footing F-6-0,L00,L00-Z2,concrete,foundations,0.639,t,7,8,,,T001057
1XsRPdpluvFVS8h2TS097T,T001059,STR-FOOT-POUR,Pad footing F-6-0,L00,L00-Z2,concrete,foundations,6.39,m3,22,23,,,T001058
1kt8geFcdqfpbGOrmMcp0c,T001060,CIV-EARTH-CUT,Pad footing F-4-1,L00,L00-Z2,civil,earthworks,16.62,m3,1,2,,,T001089;T001112
1kt8geFcdqfpbGOrmMcp0c,T001061,STR-FOOT-REBAR,Pad footing F-4-1,L00,L00-Z2,concrete,foundations,0.554,t,7,8,,,T001060
1kt8geFcdqfpbGOrmMcp0c,T001062,STR-FOOT-POUR,Pad footing F-4-1,L00,L00-Z2,concrete,foundations,5.54,m3,22,23,,,T001061
1n$pVI0DsSMx6VFwHxeusv,T001063,CIV-EARTH-CUT,Pad footing F-6-1,L00,L00-Z2,civil,earthworks,16.23,m3,1,2,,,T001089;T001112
1n$pVI0DsSMx6VFwHxeusv,T001064,STR-FOOT-REBAR,Pad footing F-6-1,L00,L00-Z2,concrete,foundations,0.541,t,7,8,,,T001063
1n$pVI0DsSMx6VFwHxeusv,T001065,STR-FOOT-POUR,Pad footing F-6-1,L00,L00-Z2,concrete,foundations,5.41,m3,23,24,,,T001064
1osQKerTYNv$yeLKjJ2rAp,T001066,ELE-TRAY-INSTALL,Cable tray S-6,L00,L00-Z2,electrical,electrical_instrumentation,6.0,m,54,55,,,T001020;T001068;T001091;T001097
1rPV2mjz_ifnYN3eS3Z7yj,T001067,STR-STEEL-COL,Steel column C-5-0,L00,L00-Z2,steel,steel,1.1,t,49,50,,,T001079
1rPV2mjz_ifnYN3eS3Z7yj,T001068,STR-STEEL-CONN,Steel column C-5-0,L00,L00-Z2,steel,steel,1.1,t,51,52,,,T001019;T001067;T001096
1rPV2mjz_ifnYN3eS3Z7yj,T001069,INS-COATING-APPLY,Steel column C-5-0,L00,L00-Z2,insulation,insulation,24.2,m2,108,109,,,T001068
1yiiKXBa3n6KRSSQYq21yG,T001070,STR-STEEL-COL,Steel column C-7-1,L00,L00-Z2,steel,steel,1.32,t,49,50,,,T001125
1yiiKXBa3n6KRSSQYq21yG,T001071,STR-STEEL-CONN,Steel column C-7-1,L00,L00-Z2,steel,steel,1.32,t,51,52,,,T001047;T001070;T001084
1yiiKXBa3n6KRSSQYq21yG,T001072,INS-COATING-APPLY,Steel column C-7-1,L00,L00-Z2,insulation,insulation,29.04,m2,108,109,,,T001071
2OHX1caipp1yJoTTQyTxxh,T001073,STR-STEEL-BEAM,Roof beam Z B-4-1,L00,L00-Z2,steel,steel,0.8,t,50,51,,,T001093
2OHX1caipp1yJoTTQyTxxh,T001074,STR-STEEL-CONN,Roof beam Z B-4-1,L00,L00-Z2,steel,steel,0.8,t,51,52,,,T001073;T001106
2OsrQuv3lHGd1$jhSrspcf,T001075,STR-STEEL-BEAM,Roof beam Z B-5-1,L00,L00-Z2,steel,steel,0.82,t,50,51,,,T001086
2OsrQuv3lHGd1$jhSrspcf,T001076,STR-STEEL-CONN,Roof beam Z B-5-1,L00,L00-Z2,steel,steel,0.82,t,51,52,,,T001075;T001118
2PJlK0f_2EkdU7UAA_8GGy,T001077,CIV-EARTH-CUT,Pad footing F-5-0,L00,L00-Z2,civil,earthworks,18.72,m3,1,2,,,T001089;T001112
2PJlK0f_2EkdU7UAA_8GGy,T001078,STR-FOOT-REBAR,Pad footing F-5-0,L00,L00-Z2,concrete,foundations,0.624,t,7,8,,,T001077
2PJlK0f_2EkdU7UAA_8GGy,T001079,STR-FOOT-POUR,Pad footing F-5-0,L00,L00-Z2,concrete,foundations,6.24,m3,23,24,,,T001078
2Q8RMDHO8GPI0dB7m1BVrX,T001080,PRC-MOD-SET,Process module M-02,L00,L00-Z2,mechanical,equipment,1.0,ea,54,56,,,T001091;T001110
2Q8RMDHO8GPI0dB7m1BVrX,T001081,PRC-MOD-CONNECT,Process module M-02,L00,L00-Z2,piping,piping,1.0,ea,56,58,,,T001080
2Q8RMDHO8GPI0dB7m1BVrX,T001082,CX-PROCESS-STARTUP,Process module M-02,L00,L00-Z2,commissioning,commissioning,1.0,ea,157,159,,,T000252;T000253;T000311;T000312;T001081;T001351;T001352;T001434;T001435;T001730;T001731;T001760;T001761
2Q8RMDHO8GPI0dB7m1BVrX,T001083,GEN-HANDOVER-DOC,Process module M-02,L00,L00-Z2,commissioning,handover,1.0,ea,176,177,,,T000563;T001082;T001409
2bx9wZsfWK9Z7mng7XXMu8,T001084,STR-STEEL-BEAM,Roof beam X B-7-1,L00,L00-Z2,steel,steel,1.12,t,50,51,,,T001070
2bx9wZsfWK9Z7mng7XXMu8,T001085,STR-STEEL-CONN,Roof beam X B-7-1,L00,L00-Z2,steel,steel,1.12,t,51,52,,,T001047;T001084
2dZ_CTHcufYrBOuRq_l7K8,T001086,STR-STEEL-COL,Steel column C-5-1,L00,L00-Z2,steel,steel,1.47,t,49,50,,,T001117
2dZ_CTHcufYrBOuRq_l7K8,T001087,STR-STEEL-CONN,Steel column C-5-1,L00,L00-Z2,steel,steel,1.47,t,51,52,,,T001075;T001086;T001118
2dZ_CTHcufYrBOuRq_l7K8,T001088,INS-COATING-APPLY,Steel column C-5-1,L00,L00-Z2,insulation,insulation,32.34,m2,108,109,,,T001087
2fPzeMoeb_VfmZokEPN3xQ,T001089,GEN-SITE-PREP,Ground slab S-4-0,L00,L00-Z2,civil,mobilise,144.0,m2,0,1,,,
2fPzeMoeb_VfmZokEPN3xQ,T001090,CIV-EARTH-FILL,Ground slab S-4-0,L00,L00-Z2,civil,earthworks,43.2,m3,2,3,,,T001026;T001030;T001036;T001057;T001060;T001063;T001077;T001089;T001108;T001115;T001123
2fPzeMoeb_VfmZokEPN3xQ,T001091,STR-GSLAB-POUR,Ground slab S-4-0,L00,L00-Z2,concrete,foundations,43.2,m3,41,45,,,T001032;T001062;T001079;T001090;T001117
2oDdLQ_tvsYeDnsPjl8vL4,T001092,ARC-CLAD-INSTALL,Cladding S-4,L00,L00-Z2,steel,steel,60.0,m2,53,54,,,T001022;T001091;T001100;T001121
2qXn_y4MZpIp4ogU6yYl2h,T001093,STR-STEEL-COL,Steel column C-4-1,L00,L00-Z2,steel,steel,1.51,t,49,50,,,T001062
2qXn_y4MZpIp4ogU6yYl2h,T001094,STR-STEEL-CONN,Steel column C-4-1,L00,L00-Z2,steel,steel,1.51,t,51,52,,,T001073;T001093;T001106
2qXn_y4MZpIp4ogU6yYl2h,T001095,INS-COATING-APPLY,Steel column C-4-1,L00,L00-Z2,insulation,insulation,33.22,m2,108,109,,,T001094
2uFYJKZE1DQieYIaVL9dhu,T001096,STR-STEEL-BEAM,Roof beam X B-5-0,L00,L00-Z2,steel,steel,0.87,t,50,51,,,T001067
2uFYJKZE1DQieYIaVL9dhu,T001097,STR-STEEL-CONN,Roof beam X B-5-0,L00,L00-Z2,steel,steel,0.87,t,51,52,,,T001019;T001096
2zHNAJ0lwmfuMZCTc$h6sa,T001098,ARC-ROOF-DECK,Roof sheeting R-6-0,L00,L00-Z2,steel,steel,144.0,m2,53,54,,,T001017;T001025;T001041;T001043;T001045;T001048;T001055;T001071;T001085;T001102;T001104;T001127
3$k5S6Zrve0oOgA3Ss9VPL,T001099,STR-STEEL-BEAM,Roof beam Z B-4-0,L00,L00-Z2,steel,steel,0.55,t,50,51,,,T001120
3$k5S6Zrve0oOgA3Ss9VPL,T001100,STR-STEEL-CONN,Roof beam Z B-4-0,L00,L00-Z2,steel,steel,0.55,t,51,52,,,T001021;T001099
3Ch3wgODD18OGWjrzuNVH5,T001101,STR-STEEL-BEAM,Roof beam Z B-7-0,L00,L00-Z2,steel,steel,0.65,t,50,51,,,T001016
3Ch3wgODD18OGWjrzuNVH5,T001102,STR-STEEL-CONN,Roof beam Z B-7-0,L00,L00-Z2,steel,steel,0.65,t,51,52,,,T001101;T001126
3H3MOP7V4w6kPZlxoF3Ul_,T001103,STR-STEEL-COL,Steel column C-6-1,L00,L00-Z2,steel,steel,1.12,t,49,50,,,T001065
3H3MOP7V4w6kPZlxoF3Ul_,T001104,STR-STEEL-CONN,Steel column C-6-1,L00,L00-Z2,steel,steel,1.12,t,51,52,,,T001024;T001042;T001103
3H3MOP7V4w6kPZlxoF3Ul_,T001105,INS-COATING-APPLY,Steel column C-6-1,L00,L00-Z2,insulation,insulation,24.64,m2,108,109,,,T001104
3LQi6XE6LxpycyTmnyXIt1,T001106,STR-STEEL-BEAM,Roof beam X B-4-1,L00,L00-Z2,steel,steel,0.84,t,50,51,,,T001093
3LQi6XE6LxpycyTmnyXIt1,T001107,STR-STEEL-CONN,Roof beam X B-4-1,L00,L00-Z2,steel,steel,0.84,t,51,52,,,T001073;T001106
3NCacann_I$SsvubqJ0GkL,T001108,CIV-EARTH-CUT,Module foundation MF-2,L00,L00-Z2,civil,earthworks,73.0,m3,1,2,,,T001089;T001112
3NCacann_I$SsvubqJ0GkL,T001109,STR-FOOT-REBAR,Module foundation MF-2,L00,L00-Z2,concrete,foundations,2.92,t,8,10,,,T001108
3NCacann_I$SsvubqJ0GkL,T001110,STR-EQPAD-POUR,Module foundation MF-2,L00,L00-Z2,concrete,foundations,29.2,m3,44,47,,,T001109
3NCacann_I$SsvubqJ0GkL,T001111,CIV-BACKFILL-COMPACT,Module foundation MF-2,L00,L00-Z2,civil,foundations,29.2,m3,47,48,,,T001110
3b8q$HcUWJsm9vzpr4kADV,T001112,GEN-SITE-PREP,Ground slab S-6-0,L00,L00-Z2,civil,mobilise,144.0,m2,0,1,,,
3b8q$HcUWJsm9vzpr4kADV,T001113,CIV-EARTH-FILL,Ground slab S-6-0,L00,L00-Z2,civil,earthworks,43.2,m3,2,3,,,T001026;T001030;T001036;T001057;T001060;T001063;T001077;T001108;T001112;T001115;T001123
3b8q$HcUWJsm9vzpr4kADV,T001114,STR-GSLAB-POUR,Ground slab S-6-0,L00,L00-Z2,concrete,foundations,43.2,m3,45,49,,,T001038;T001059;T001065;T001113;T001125
3fxuuRyLAagBUdSPI35Vy9,T001115,CIV-EARTH-CUT,Pad footing F-5-1,L00,L00-Z2,civil,earthworks,15.21,m3,1,2,,,T001089;T001112
3fxuuRyLAagBUdSPI35Vy9,T001116,STR-FOOT-REBAR,Pad footing F-5-1,L00,L00-Z2,concrete,foundations,0.507,t,8,9,,,T001115
3fxuuRyLAagBUdSPI35Vy9,T001117,STR-FOOT-POUR,Pad footing F-5-1,L00,L00-Z2,concrete,foundations,5.07,m3,23,24,,,T001116
3me5CjtYgYYCWoxUOhNe11,T001118,STR-STEEL-BEAM,Roof beam X B-5-1,L00,L00-Z2,steel,steel,0.87,t,50,51,,,T001086
3me5CjtYgYYCWoxUOhNe11,T001119,STR-STEEL-CONN,Roof beam X B-5-1,L00,L00-Z2,steel,steel,0.87,t,51,52,,,T001075;T001118
3o$3msMjRNZZvJ4Vb$qz7B,T001120,STR-STEEL-COL,Steel column C-4-0,L00,L00-Z2,steel,steel,0.94,t,49,50,,,T001032
3o$3msMjRNZZvJ4Vb$qz7B,T001121,STR-STEEL-CONN,Steel column C-4-0,L00,L00-Z2,steel,steel,0.94,t,51,52,,,T001021;T001099;T001120
3o$3msMjRNZZvJ4Vb$qz7B,T001122,INS-COATING-APPLY,Steel column C-4-0,L00,L00-Z2,insulation,insulation,20.68,m2,109,110,,,T001121
3vXVZ_UZu9aUYgeAHJTnJR,T001123,CIV-EARTH-CUT,Pad footing F-7-1,L00,L00-Z2,civil,earthworks,18.87,m3,1,2,,,T001089;T001112
3vXVZ_UZu9aUYgeAHJTnJR,T001124,STR-FOOT-REBAR,Pad footing F-7-1,L00,L00-Z2,concrete,foundations,0.629,t,8,9,,,T001123
3vXVZ_UZu9aUYgeAHJTnJR,T001125,STR-FOOT-POUR,Pad footing F-7-1,L00,L00-Z2,concrete,foundations,6.29,m3,23,24,,,T001124
3yTSIXkoNgfw_38yEizxLa,T001126,STR-STEEL-BEAM,Roof beam X B-7-0,L00,L00-Z2,steel,steel,0.89,t,50,51,,,T001016
3yTSIXkoNgfw_38yEizxLa,T001127,STR-STEEL-CONN,Roof beam X B-7-0,L00,L00-Z2,steel,steel,0.89,t,51,52,,,T001101;T001126
01wC9RXGi8VlaKuc1cDHXE,T001128,CIV-EARTH-CUT,Pad footing F-11-0,L00,L00-Z3,civil,earthworks,19.08,m3,4,5,,,T001184;T001208
01wC9RXGi8VlaKuc1cDHXE,T001129,STR-FOOT-REBAR,Pad footing F-11-0,L00,L00-Z3,concrete,foundations,0.636,t,79,80,,,T001128
01wC9RXGi8VlaKuc1cDHXE,T001130,STR-FOOT-POUR,Pad footing F-11-0,L00,L00-Z3,concrete,foundations,6.36,m3,97,98,,,T001129
0MliEKKxqQscUAebgoiaqt,T001131,ELE-SWGR-SET,MCC-4,L00,L00-Z3,electrical,equipment,1.0,ea,109,110,,,T001176;T001198;T001204;T001210
0MliEKKxqQscUAebgoiaqt,T001132,CX-POWER-ENERGISE,MCC-4,L00,L00-Z3,commissioning,commissioning,1.0,ea,174,175,,,T000070;T000122;T000126;T000145;T000155;T000162;T000255;T000314;T000322;T000333;T000416;T000478;T000479;T000483;T000511;T001131
0MliEKKxqQscUAebgoiaqt,T001133,GEN-HANDOVER-DOC,MCC-4,L00,L00-Z3,commissioning,handover,1.0,ea,176,177,,,T000071;T000123;T000480;T001132
0N88UpFV5AreXQeUXoGcwe,T001134,CIV-EARTH-CUT,Pad footing F-10-0,L00,L00-Z3,civil,earthworks,13.83,m3,4,5,,,T001184;T001208
0N88UpFV5AreXQeUXoGcwe,T001135,STR-FOOT-REBAR,Pad footing F-10-0,L00,L00-Z3,concrete,foundations,0.461,t,80,81,,,T001134
0N88UpFV5AreXQeUXoGcwe,T001136,STR-FOOT-POUR,Pad footing F-10-0,L00,L00-Z3,concrete,foundations,4.61,m3,98,99,,,T001135
0SWdZsmiwWRxcoD0lacDz8,T001137,STR-STEEL-COL,Steel column C-8-1,L00,L00-Z3,steel,steel,1.35,t,104,105,,,T001224
0SWdZsmiwWRxcoD0lacDz8,T001138,STR-STEEL-CONN,Steel column C-8-1,L00,L00-Z3,steel,steel,1.35,t,106,107,,,T001137;T001161;T001167
0SWdZsmiwWRxcoD0lacDz8,T001139,INS-COATING-APPLY,Steel column C-8-1,L00,L00-Z3,insulation,insulation,29.7,m2,110,111,,,T001138
0WEHfx_x8AVuHyZKL2CMbF,T001140,STR-STEEL-BEAM,Roof beam Z B-11-1,L00,L00-Z3,steel,steel,0.66,t,105,106,,,T001211
0WEHfx_x8AVuHyZKL2CMbF,T001141,STR-STEEL-CONN,Roof beam Z B-11-1,L00,L00-Z3,steel,steel,0.66,t,106,107,,,T001140;T001146
0_ExfCuMdp8Dmf$7BRH0IJ,T001142,STR-STEEL-BEAM,Roof beam X B-9-0,L00,L00-Z3,steel,steel,0.8,t,105,106,,,T001153
0_ExfCuMdp8Dmf$7BRH0IJ,T001143,STR-STEEL-CONN,Roof beam X B-9-0,L00,L00-Z3,steel,steel,0.8,t,106,107,,,T001142;T001229
0awicoMrVMtwnNCo5UKZb8,T001144,STR-STEEL-BEAM,Roof beam Z B-9-1,L00,L00-Z3,steel,steel,0.73,t,105,106,,,T001191
0awicoMrVMtwnNCo5UKZb8,T001145,STR-STEEL-CONN,Roof beam Z B-9-1,L00,L00-Z3,steel,steel,0.73,t,106,107,,,T001144;T001182
0d$v24h7h5pFRwJT94I_2y,T001146,STR-STEEL-BEAM,Roof beam X B-11-1,L00,L00-Z3,steel,steel,0.99,t,105,106,,,T001211
0d$v24h7h5pFRwJT94I_2y,T001147,STR-STEEL-CONN,Roof beam X B-11-1,L00,L00-Z3,steel,steel,0.99,t,106,107,,,T001140;T001146
0opb72MYWjDS0O5gzdUyXD,T001148,ELE-TRAY-INSTALL,Cable tray S-11,L00,L00-Z3,electrical,electrical_instrumentation,6.0,m,109,110,,,T001152;T001197;T001210;T001226
1$qFl9DfqvLWQ5x39xmhpO,T001149,STR-STEEL-BEAM,Roof beam Z B-10-1,L00,L00-Z3,steel,steel,0.78,t,105,106,,,T001171
1$qFl9DfqvLWQ5x39xmhpO,T001150,STR-STEEL-CONN,Roof beam Z B-10-1,L00,L00-Z3,steel,steel,0.78,t,106,107,,,T001149;T001174
10k19j3EIbuOk53PPaMSXM,T001151,STR-STEEL-BEAM,Roof beam Z B-10-0,L00,L00-Z3,steel,steel,0.58,t,105,106,,,T001225
10k19j3EIbuOk53PPaMSXM,T001152,STR-STEEL-CONN,Roof beam Z B-10-0,L00,L00-Z3,steel,steel,0.58,t,106,107,,,T001151;T001196
1D$Ig9UieLBgv1XQV8iWD0,T001153,STR-STEEL-COL,Steel column C-9-0,L00,L00-Z3,steel,steel,1.54,t,104,105,,,T001207
1D$Ig9UieLBgv1XQV8iWD0,T001154,STR-STEEL-CONN,Steel column C-9-0,L00,L00-Z3,steel,steel,1.54,t,106,107,,,T001142;T001153;T001229
1D$Ig9UieLBgv1XQV8iWD0,T001155,INS-COATING-APPLY,Steel column C-9-0,L00,L00-Z3,insulation,insulation,33.88,m2,110,111,,,T001154
1DpDf9cxpqUVKzn8hQtthU,T001156,STR-STEEL-BEAM,Roof beam X B-8-0,L00,L00-Z3,steel,steel,1.16,t,105,106,,,T001188
1DpDf9cxpqUVKzn8hQtthU,T001157,STR-STEEL-CONN,Roof beam X B-8-0,L00,L00-Z3,steel,steel,1.16,t,106,107,,,T001156;T001202
1EKdD3dmoP9VDcF5isl8h1,T001158,CIV-EARTH-CUT,Pad footing F-11-1,L00,L00-Z3,civil,earthworks,18.09,m3,4,5,,,T001184;T001208
1EKdD3dmoP9VDcF5isl8h1,T001159,STR-FOOT-REBAR,Pad footing F-11-1,L00,L00-Z3,concrete,foundations,0.603,t,81,82,,,T001158
1EKdD3dmoP9VDcF5isl8h1,T001160,STR-FOOT-POUR,Pad footing F-11-1,L00,L00-Z3,concrete,foundations,6.03,m3,98,99,,,T001159
1GQdtyKdPwZP0Iv8pVg_wx,T001161,STR-STEEL-BEAM,Roof beam Z B-8-1,L00,L00-Z3,steel,steel,0.66,t,105,106,,,T001137
1GQdtyKdPwZP0Iv8pVg_wx,T001162,STR-STEEL-CONN,Roof beam Z B-8-1,L00,L00-Z3,steel,steel,0.66,t,106,107,,,T001161;T001167
1MP2MXC2HmEhQdwUllLt8F,T001163,STR-STEEL-BEAM,Roof beam Z B-11-0,L00,L00-Z3,steel,steel,0.64,t,105,106,,,T001214
1MP2MXC2HmEhQdwUllLt8F,T001164,STR-STEEL-CONN,Roof beam Z B-11-0,L00,L00-Z3,steel,steel,0.64,t,106,107,,,T001163;T001169
1YbcWG5ozZhsplLc4mIGEf,T001165,ELE-TRAY-INSTALL,Cable tray S-12,L00,L00-Z3,electrical,electrical_instrumentation,6.0,m,109,110,,,T001164;T001170;T001210;T001215
1bKc_a8b1w5RaF6_d0tj06,T001166,ARC-CLAD-INSTALL,Cladding S-10,L00,L00-Z3,steel,steel,60.0,m2,107,108,,,T001152;T001197;T001210;T001226
1oM_DItRDuXD499Wv2$J04,T001167,STR-STEEL-BEAM,Roof beam X B-8-1,L00,L00-Z3,steel,steel,1.0,t,105,106,,,T001137
1oM_DItRDuXD499Wv2$J04,T001168,STR-STEEL-CONN,Roof beam X B-8-1,L00,L00-Z3,steel,steel,1.0,t,106,107,,,T001161;T001167
1toempmtRMyHOnkrJaGH19,T001169,STR-STEEL-BEAM,Roof beam X B-11-0,L00,L00-Z3,steel,steel,1.22,t,105,106,,,T001214
1toempmtRMyHOnkrJaGH19,T001170,STR-STEEL-CONN,Roof beam X B-11-0,L00,L00-Z3,steel,steel,1.22,t,106,107,,,T001163;T001169
1yjcLNbCyGXNgBSjSdrglX,T001171,STR-STEEL-COL,Steel column C-10-1,L00,L00-Z3,steel,steel,1.41,t,104,105,,,T001221
1yjcLNbCyGXNgBSjSdrglX,T001172,STR-STEEL-CONN,Steel column C-10-1,L00,L00-Z3,steel,steel,1.41,t,106,107,,,T001149;T001171;T001174
1yjcLNbCyGXNgBSjSdrglX,T001173,INS-COATING-APPLY,Steel column C-10-1,L00,L00-Z3,insulation,insulation,31.02,m2,110,111,,,T001172
2AwbPM5nOcnDj_AuOH4O3U,T001174,STR-STEEL-BEAM,Roof beam X B-10-1,L00,L00-Z3,steel,steel,1.02,t,105,106,,,T001171
2AwbPM5nOcnDj_AuOH4O3U,T001175,STR-STEEL-CONN,Roof beam X B-10-1,L00,L00-Z3,steel,steel,1.02,t,106,107,,,T001149;T001174
2DTZICQL35O0_3lQasuGwb,T001176,ARC-ROOF-DECK,Roof sheeting R-10-0,L00,L00-Z3,steel,steel,144.0,m2,107,108,,,T001141;T001147;T001150;T001152;T001164;T001170;T001172;T001175;T001197;T001212;T001215;T001226
2DVOOvHsNZxV9uC61BULq_,T001177,CIV-EARTH-CUT,Pad footing F-8-0,L00,L00-Z3,civil,earthworks,13.86,m3,4,5,,,T001184;T001208
2DVOOvHsNZxV9uC61BULq_,T001178,STR-FOOT-REBAR,Pad footing F-8-0,L00,L00-Z3,concrete,foundations,0.462,t,82,83,,,T001177
2DVOOvHsNZxV9uC61BULq_,T001179,STR-FOOT-POUR,Pad footing F-8-0,L00,L00-Z3,concrete,foundations,4.62,m3,98,99,,,T001178
2Gfip853KTCD$yfTUDMnr8,T001180,ARC-CLAD-INSTALL,Cladding E-1,L00,L00-Z3,steel,steel,60.0,m2,107,108,,,T001141;T001147;T001210;T001212
2HiaJBYIPtAbS4yjVnspCX,T001181,ARC-WINDOW-INSTALL,Clerestory window S-10,L00,L00-Z3,steel,steel,1.0,ea,108,109,,,T001166
2Jgo0_ztp8S0nzFjgcp7Bk,T001182,STR-STEEL-BEAM,Roof beam X B-9-1,L00,L00-Z3,steel,steel,1.1,t,105,106,,,T001191
2Jgo0_ztp8S0nzFjgcp7Bk,T001183,STR-STEEL-CONN,Roof beam X B-9-1,L00,L00-Z3,steel,steel,1.1,t,106,107,,,T001144;T001182
2L5pgtD1CXSSvloxJi3zDb,T001184,GEN-SITE-PREP,Ground slab S-8-0,L00,L00-Z3,civil,mobilise,144.0,m2,2,3,,,
2L5pgtD1CXSSvloxJi3zDb,T001185,CIV-EARTH-FILL,Ground slab S-8-0,L00,L00-Z3,civil,earthworks,43.2,m3,5,6,,,T001128;T001134;T001158;T001177;T001184;T001199;T001205;T001219;T001222
2L5pgtD1CXSSvloxJi3zDb,T001186,STR-GSLAB-POUR,Ground slab S-8-0,L00,L00-Z3,concrete,foundations,43.2,m3,100,104,,,T001179;T001185;T001201;T001207;T001224
2SpooCSY$QLQiaa0CNzdUL,T001187,ARC-DOOR-INSTALL,Roller door S-8,L00,L00-Z3,insulation,insulation,1.0,ea,110,111,,,T001228
2cfHKt_eMjSMmdbGM0o4Ne,T001188,STR-STEEL-COL,Steel column C-8-0,L00,L00-Z3,steel,steel,1.31,t,104,105,,,T001179
2cfHKt_eMjSMmdbGM0o4Ne,T001189,STR-STEEL-CONN,Steel column C-8-0,L00,L00-Z3,steel,steel,1.31,t,106,107,,,T001156;T001188;T001202
2cfHKt_eMjSMmdbGM0o4Ne,T001190,INS-COATING-APPLY,Steel column C-8-0,L00,L00-Z3,insulation,insulation,28.82,m2,110,111,,,T001189
2fZXcOJU7peH3$bXrpn4Oh,T001191,STR-STEEL-COL,Steel column C-9-1,L00,L00-Z3,steel,steel,1.14,t,104,105,,,T001201
2fZXcOJU7peH3$bXrpn4Oh,T001192,STR-STEEL-CONN,Steel column C-9-1,L00,L00-Z3,steel,steel,1.14,t,106,107,,,T001144;T001182;T001191
2fZXcOJU7peH3$bXrpn4Oh,T001193,INS-COATING-APPLY,Steel column C-9-1,L00,L00-Z3,insulation,insulation,25.08,m2,110,111,,,T001192
2gzEY2IqSIj$3VtkQBOmDZ,T001194,ARC-CLAD-INSTALL,Cladding S-9,L00,L00-Z3,steel,steel,60.0,m2,107,108,,,T001143;T001154;T001186;T001230
2neMI5QtZeCiaLFaZ_uSLa,T001195,ARC-ROOF-DECK,Roof sheeting R-8-0,L00,L00-Z3,steel,steel,144.0,m2,108,109,,,T001138;T001143;T001145;T001154;T001157;T001162;T001168;T001183;T001189;T001192;T001203;T001230
2nvPQecctiB1pGb7l60jEa,T001196,STR-STEEL-BEAM,Roof beam X B-10-0,L00,L00-Z3,steel,steel,0.97,t,105,106,,,T001225
2nvPQecctiB1pGb7l60jEa,T001197,STR-STEEL-CONN,Roof beam X B-10-0,L00,L00-Z3,steel,steel,0.97,t,106,107,,,T001151;T001196
2onDxrsI3awFn1c4u5jHxw,T001198,ARC-CLAD-INSTALL,Cladding E-0,L00,L00-Z3,steel,steel,60.0,m2,108,109,,,T001164;T001170;T001210;T001215
2pLxG3o3AsHxN6XmfRwfhm,T001199,CIV-EARTH-CUT,Pad footing F-9-1,L00,L00-Z3,civil,earthworks,13.68,m3,4,5,,,T001184;T001208
2pLxG3o3AsHxN6XmfRwfhm,T001200,STR-FOOT-REBAR,Pad footing F-9-1,L00,L00-Z3,concrete,foundations,0.456,t,83,84,,,T001199
2pLxG3o3AsHxN6XmfRwfhm,T001201,STR-FOOT-POUR,Pad footing F-9-1,L00,L00-Z3,concrete,foundations,4.56,m3,98,99,,,T001200
2tjdIIydhbl1I7U6siPPP8,T001202,STR-STEEL-BEAM,Roof beam Z B-8-0,L00,L00-Z3,steel,steel,0.52,t,105,106,,,T001188
2tjdIIydhbl1I7U6siPPP8,T001203,STR-STEEL-CONN,Roof beam Z B-8-0,L00,L00-Z3,steel,steel,0.52,t,106,107,,,T001156;T001202
30xw6A7YDgCbzg7F6QI$HS,T001204,ARC-CLAD-INSTALL,Cladding S-11,L00,L00-Z3,steel,steel,60.0,m2,108,109,,,T001164;T001170;T001210;T001215
37Lm0nXwas_JObR77e76zK,T001205,CIV-EARTH-CUT,Pad footing F-9-0,L00,L00-Z3,civil,earthworks,16.38,m3,4,5,,,T001184;T001208
37Lm0nXwas_JObR77e76zK,T001206,STR-FOOT-REBAR,Pad footing F-9-0,L00,L00-Z3,concrete,foundations,0.546,t,83,84,,,T001205
37Lm0nXwas_JObR77e76zK,T001207,STR-FOOT-POUR,Pad footing F-9-0,L00,L00-Z3,concrete,foundations,5.46,m3,99,100,,,T001206
3AEIidhwQziyCuve8c5E2h,T001208,GEN-SITE-PREP,Ground slab S-10-0,L00,L00-Z3,civil,mobilise,144.0,m2,3,4,,,
3AEIidhwQziyCuve8c5E2h,T001209,CIV-EARTH-FILL,Ground slab S-10-0,L00,L00-Z3,civil,earthworks,43.2,m3,5,6,,,T001128;T001134;T001158;T001177;T001199;T001205;T001208;T001219;T001222
3AEIidhwQziyCuve8c5E2h,T001210,STR-GSLAB-POUR,Ground slab S-10-0,L00,L00-Z3,concrete,foundations,43.2,m3,100,104,,,T001130;T001136;T001160;T001209;T001221
3Fy69yOFmcq6JHPhqwIeNA,T001211,STR-STEEL-COL,Steel column C-11-1,L00,L00-Z3,steel,steel,1.31,t,104,105,,,T001160
3Fy69yOFmcq6JHPhqwIeNA,T001212,STR-STEEL-CONN,Steel column C-11-1,L00,L00-Z3,steel,steel,1.31,t,106,107,,,T001140;T001146;T001211
3Fy69yOFmcq6JHPhqwIeNA,T001213,INS-COATING-APPLY,Steel column C-11-1,L00,L00-Z3,insulation,insulation,28.82,m2,110,111,,,T001212
3K9Bhz3tLtK6CgQOqXacUC,T001214,STR-STEEL-COL,Steel column C-11-0,L00,L00-Z3,steel,steel,1.02,t,104,105,,,T001130
3K9Bhz3tLtK6CgQOqXacUC,T001215,STR-STEEL-CONN,Steel column C-11-0,L00,L00-Z3,steel,steel,1.02,t,106,107,,,T001163;T001169;T001214
3K9Bhz3tLtK6CgQOqXacUC,T001216,INS-COATING-APPLY,Steel column C-11-0,L00,L00-Z3,insulation,insulation,22.44,m2,110,111,,,T001215
3MowDVtdD09OJKPSJCSiNx,T001217,ELE-TRAY-INSTALL,Cable tray S-9,L00,L00-Z3,electrical,electrical_instrumentation,6.0,m,109,110,,,T001157;T001186;T001189;T001203
3QdKhfSYt1ucH2uYyIqsc8,T001218,ELE-TRAY-INSTALL,Cable tray S-10,L00,L00-Z3,electrical,electrical_instrumentation,6.0,m,109,110,,,T001143;T001154;T001186;T001230
3WAy26iS853VP2JUGyERxW,T001219,CIV-EARTH-CUT,Pad footing F-10-1,L00,L00-Z3,civil,earthworks,15.18,m3,4,5,,,T001184;T001208
3WAy26iS853VP2JUGyERxW,T001220,STR-FOOT-REBAR,Pad footing F-10-1,L00,L00-Z3,concrete,foundations,0.506,t,83,84,,,T001219
3WAy26iS853VP2JUGyERxW,T001221,STR-FOOT-POUR,Pad footing F-10-1,L00,L00-Z3,concrete,foundations,5.06,m3,99,100,,,T001220
3gxr7Qrn2mz0jcnrS_SYt_,T001222,CIV-EARTH-CUT,Pad footing F-8-1,L00,L00-Z3,civil,earthworks,13.89,m3,4,5,,,T001184;T001208
3gxr7Qrn2mz0jcnrS_SYt_,T001223,STR-FOOT-REBAR,Pad footing F-8-1,L00,L00-Z3,concrete,foundations,0.463,t,83,84,,,T001222
3gxr7Qrn2mz0jcnrS_SYt_,T001224,STR-FOOT-POUR,Pad footing F-8-1,L00,L00-Z3,concrete,foundations,4.63,m3,99,100,,,T001223
3rLq$mimCzSKv94b2eXD9h,T001225,STR-STEEL-COL,Steel column C-10-0,L00,L00-Z3,steel,steel,0.93,t,104,105,,,T001136
3rLq$mimCzSKv94b2eXD9h,T001226,STR-STEEL-CONN,Steel column C-10-0,L00,L00-Z3,steel,steel,0.93,t,106,107,,,T001151;T001196;T001225
3rLq$mimCzSKv94b2eXD9h,T001227,INS-COATING-APPLY,Steel column C-10-0,L00,L00-Z3,insulation,insulation,20.46,m2,111,112,,,T001226
3sObOpMZ$tD6VESE64YU8C,T001228,ARC-CLAD-INSTALL,Cladding S-8,L00,L00-Z3,steel,steel,60.0,m2,108,109,,,T001157;T001186;T001189;T001203
3xggcrgKDw5$S0STxRUzgm,T001229,STR-STEEL-BEAM,Roof beam Z B-9-0,L00,L00-Z3,steel,steel,0.64,t,105,106,,,T001153
3xggcrgKDw5$S0STxRUzgm,T001230,STR-STEEL-CONN,Roof beam Z B-9-0,L00,L00-Z3,steel,steel,0.64,t,106,107,,,T001142;T001229
000MBaryGQIYvqUM4N$Bci,T001231,STR-STEEL-BEAM,Roof beam X B-2-2,L00,L00-Z4,steel,steel,1.23,t,54,55,,,T001332
000MBaryGQIYvqUM4N$Bci,T001232,STR-STEEL-CONN,Roof beam X B-2-2,L00,L00-Z4,steel,steel,1.23,t,55,56,,,T001231;T001337
055JdlTT9UGEfe8Q0fhz4Q,T001233,IC-INSTR-INSTALL,Pressure transmitter P-101,L00,L00-Z4,instrumentation,electrical_instrumentation,1.0,ea,130,131,,,T001290
055JdlTT9UGEfe8Q0fhz4Q,T001234,IC-LOOP-CHECK,Pressure transmitter P-101,L00,L00-Z4,instrumentation,precommissioning,1.0,ea,133,134,,,T001233
0Fut$XBHZEjAS9fKgZw9e4,T001235,ARC-ROOF-DECK,Roof sheeting R-0-2,L00,L00-Z4,steel,steel,144.0,m2,56,57,,,T001242;T001244;T001251;T001256;T001260;T001269;T001272;T001277;T001304;T001320;T001326;T001328
0LVMKgsxTpNNto3Pvsn0RQ,T001236,GEN-SITE-PREP,Ground slab S-0-2,L00,L00-Z4,civil,mobilise,144.0,m2,0,1,,,
0LVMKgsxTpNNto3Pvsn0RQ,T001237,CIV-EARTH-FILL,Ground slab S-0-2,L00,L00-Z4,civil,earthworks,43.2,m3,2,3,,,T001236;T001265;T001281;T001284;T001287;T001297;T001300;T001310;T001316;T001321
0LVMKgsxTpNNto3Pvsn0RQ,T001238,STR-GSLAB-POUR,Ground slab S-0-2,L00,L00-Z4,concrete,foundations,43.2,m3,47,51,,,T001237;T001283;T001289;T001302;T001318
0M9Hfow5YUta2KG4g4TtWb,T001239,PRC-PUMP-SET,Pump P-101A,L00,L00-Z4,mechanical,equipment,1.0,ea,57,58,,,T001238
0M9Hfow5YUta2KG4g4TtWb,T001240,CX-PROCESS-STARTUP,Pump P-101A,L00,L00-Z4,commissioning,commissioning,1.0,ea,157,159,,,T000142;T000143;T000152;T000153;T001239;T001274;T001275;T001291;T001292;T001627;T001628;T001640;T001641
0Tgqhf_uwcGdLXTzla6Ija,T001241,STR-STEEL-BEAM,Roof beam X B-0-3,L00,L00-Z4,steel,steel,0.81,t,54,55,,,T001259
0Tgqhf_uwcGdLXTzla6Ija,T001242,STR-STEEL-CONN,Roof beam X B-0-3,L00,L00-Z4,steel,steel,0.81,t,55,56,,,T001241;T001250
0VG1M6dCwL8DE$S8PshpfF,T001243,STR-STEEL-BEAM,Roof beam X B-0-2,L00,L00-Z4,steel,steel,1.24,t,54,55,,,T001268
0VG1M6dCwL8DE$S8PshpfF,T001244,STR-STEEL-CONN,Roof beam X B-0-2,L00,L00-Z4,steel,steel,1.24,t,55,56,,,T001243;T001319
0WE49ul3MfDvmHPPW_uaSP,T001245,ARC-CLAD-INSTALL,Cladding W-2,L00,L00-Z4,steel,steel,60.0,m2,56,57,,,T001238;T001244;T001269;T001320
0d3pSvjBf7OSZP2AvBoO_e,T001246,STR-STEEL-BEAM,Roof beam X B-3-3,L00,L00-Z4,steel,steel,1.11,t,54,55,,,T001252
0d3pSvjBf7OSZP2AvBoO_e,T001247,STR-STEEL-CONN,Roof beam X B-3-3,L00,L00-Z4,steel,steel,1.11,t,55,56,,,T001246;T001248
0fuT_pAisyCnbOI4G$BcxL,T001248,STR-STEEL-BEAM,Roof beam Z B-3-3,L00,L00-Z4,steel,steel,0.75,t,54,55,,,T001252
0fuT_pAisyCnbOI4G$BcxL,T001249,STR-STEEL-CONN,Roof beam Z B-3-3,L00,L00-Z4,steel,steel,0.75,t,55,56,,,T001246;T001248
0vRNP7NOXquDLAbAmFZ8h3,T001250,STR-STEEL-BEAM,Roof beam Z B-0-3,L00,L00-Z4,steel,steel,0.7,t,54,55,,,T001259
0vRNP7NOXquDLAbAmFZ8h3,T001251,STR-STEEL-CONN,Roof beam Z B-0-3,L00,L00-Z4,steel,steel,0.7,t,55,56,,,T001241;T001250
1Fm5sZXGKW0gxJ5Jf6c_j9,T001252,STR-STEEL-COL,Steel column C-3-3,L00,L00-Z4,steel,steel,1.03,t,53,54,,,T001286
1Fm5sZXGKW0gxJ5Jf6c_j9,T001253,STR-STEEL-CONN,Steel column C-3-3,L00,L00-Z4,steel,steel,1.03,t,55,56,,,T001246;T001248;T001252
1Fm5sZXGKW0gxJ5Jf6c_j9,T001254,INS-COATING-APPLY,Steel column C-3-3,L00,L00-Z4,insulation,insulation,22.66,m2,138,139,,,T001253
1KaNMJKUE5eGuXlNQ4eiIl,T001255,STR-STEEL-BEAM,Roof beam X B-1-3,L00,L00-Z4,steel,steel,0.97,t,54,55,,,T001327
1KaNMJKUE5eGuXlNQ4eiIl,T001256,STR-STEEL-CONN,Roof beam X B-1-3,L00,L00-Z4,steel,steel,0.97,t,55,56,,,T001255;T001325
1OFCkSxQZ6OEJy$MK56kaQ,T001257,STR-STEEL-BEAM,Roof beam X B-3-2,L00,L00-Z4,steel,steel,0.95,t,54,55,,,T001339
1OFCkSxQZ6OEJy$MK56kaQ,T001258,STR-STEEL-CONN,Roof beam X B-3-2,L00,L00-Z4,steel,steel,0.95,t,55,56,,,T001257;T001330
1ZohbvHHqceRPQbiGMfEjz,T001259,STR-STEEL-COL,Steel column C-0-3,L00,L00-Z4,steel,steel,1.59,t,53,54,,,T001283
1ZohbvHHqceRPQbiGMfEjz,T001260,STR-STEEL-CONN,Steel column C-0-3,L00,L00-Z4,steel,steel,1.59,t,55,56,,,T001241;T001250;T001259
1ZohbvHHqceRPQbiGMfEjz,T001261,INS-COATING-APPLY,Steel column C-0-3,L00,L00-Z4,insulation,insulation,34.98,m2,138,139,,,T001260
1cF3p$IweJ0gbybIuhEz5H,T001262,STR-STEEL-BEAM,Roof beam X B-2-3,L00,L00-Z4,steel,steel,0.97,t,54,55,,,T001278
1cF3p$IweJ0gbybIuhEz5H,T001263,STR-STEEL-CONN,Roof beam X B-2-3,L00,L00-Z4,steel,steel,0.97,t,55,56,,,T001262;T001335
1ch8Aaivw4uBjMUpvnzPN3,T001264,PIP-FITTING-INSTALL,Isolation valve P-101-1,L00,L00-Z4,piping,piping,1.0,ea,131,132,,,T000141;T000151;T001273;T001290;T001626;T001639
1dlyisgjwYdWTFOeFNORzZ,T001265,CIV-EARTH-CUT,Pad footing F-2-2,L00,L00-Z4,civil,earthworks,14.82,m3,1,2,,,T001236;T001293
1dlyisgjwYdWTFOeFNORzZ,T001266,STR-FOOT-REBAR,Pad footing F-2-2,L00,L00-Z4,concrete,foundations,0.494,t,8,9,,,T001265
1dlyisgjwYdWTFOeFNORzZ,T001267,STR-FOOT-POUR,Pad footing F-2-2,L00,L00-Z4,concrete,foundations,4.94,m3,24,25,,,T001266
1e70vZQLK_BGtspszn04Pl,T001268,STR-STEEL-COL,Steel column C-0-2,L00,L00-Z4,steel,steel,1.24,t,53,54,,,T001318
1e70vZQLK_BGtspszn04Pl,T001269,STR-STEEL-CONN,Steel column C-0-2,L00,L00-Z4,steel,steel,1.24,t,55,56,,,T001243;T001268;T001319
1e70vZQLK_BGtspszn04Pl,T001270,INS-COATING-APPLY,Steel column C-0-2,L00,L00-Z4,insulation,insulation,27.28,m2,138,139,,,T001269
1fR5Mg8FZIrLlLuV5HCmK2,T001271,STR-STEEL-BEAM,Roof beam X B-1-2,L00,L00-Z4,steel,steel,1.29,t,54,55,,,T001303
1fR5Mg8FZIrLlLuV5HCmK2,T001272,STR-STEEL-CONN,Roof beam X B-1-2,L00,L00-Z4,steel,steel,1.29,t,55,56,,,T001271;T001276
1jbNVHYoSODhpLXAfNhzMh,T001273,PIP-PIPE-INSTALL,Process pipe P-101 seg 2,L00,L00-Z4,piping,piping,6.0,m,129,130,,,T000015;T000607;T000873;T001239;T001256;T001326;T001328
1jbNVHYoSODhpLXAfNhzMh,T001274,PIP-PIPE-TEST,Process pipe P-101 seg 2,L00,L00-Z4,piping,piping,6.0,m,132,133,,,T000206;T001264;T001273;T001324
1jbNVHYoSODhpLXAfNhzMh,T001275,CX-PIPE-FLUSH,Process pipe P-101 seg 2,L00,L00-Z4,commissioning,precommissioning,6.0,m,133,134,,,T001274
1lUPB2r31hO8SCLL5rDffO,T001276,STR-STEEL-BEAM,Roof beam Z B-1-2,L00,L00-Z4,steel,steel,0.81,t,54,55,,,T001303
1lUPB2r31hO8SCLL5rDffO,T001277,STR-STEEL-CONN,Roof beam Z B-1-2,L00,L00-Z4,steel,steel,0.81,t,55,56,,,T001271;T001276
1nUa6mnre61WPuSlPObvM9,T001278,STR-STEEL-COL,Steel column C-2-3,L00,L00-Z4,steel,steel,0.97,t,53,54,,,T001323
1nUa6mnre61WPuSlPObvM9,T001279,STR-STEEL-CONN,Steel column C-2-3,L00,L00-Z4,steel,steel,0.97,t,55,56,,,T001262;T001278;T001335
1nUa6mnre61WPuSlPObvM9,T001280,INS-COATING-APPLY,Steel column C-2-3,L00,L00-Z4,insulation,insulation,21.34,m2,138,139,,,T001279
1qJ9yXhoAgme_48UaTBtCC,T001281,CIV-EARTH-CUT,Pad footing F-0-3,L00,L00-Z4,civil,earthworks,13.59,m3,1,2,,,T001236;T001293
1qJ9yXhoAgme_48UaTBtCC,T001282,STR-FOOT-REBAR,Pad footing F-0-3,L00,L00-Z4,concrete,foundations,0.453,t,8,9,,,T001281
1qJ9yXhoAgme_48UaTBtCC,T001283,STR-FOOT-POUR,Pad footing F-0-3,L00,L00-Z4,concrete,foundations,4.53,m3,24,25,,,T001282
22oZ16$aTjSOWHC5du4kGB,T001284,CIV-EARTH-CUT,Pad footing F-3-3,L00,L00-Z4,civil,earthworks,19.47,m3,1,2,,,T001236;T001293
22oZ16$aTjSOWHC5du4kGB,T001285,STR-FOOT-REBAR,Pad footing F-3-3,L00,L00-Z4,concrete,foundations,0.649,t,9,10,,,T001284
22oZ16$aTjSOWHC5du4kGB,T001286,STR-FOOT-POUR,Pad footing F-3-3,L00,L00-Z4,concrete,foundations,6.49,m3,24,25,,,T001285
235f7bjltIVqNLMAmU$ITx,T001287,CIV-EARTH-CUT,Pad footing F-1-3,L00,L00-Z4,civil,earthworks,16.17,m3,1,2,,,T001236;T001293
235f7bjltIVqNLMAmU$ITx,T001288,STR-FOOT-REBAR,Pad footing F-1-3,L00,L00-Z4,concrete,foundations,0.539,t,9,10,,,T001287
235f7bjltIVqNLMAmU$ITx,T001289,STR-FOOT-POUR,Pad footing F-1-3,L00,L00-Z4,concrete,foundations,5.39,m3,24,25,,,T001288
26Y3knmgw43FLZMhlYWNow,T001290,PIP-PIPE-INSTALL,Process pipe P-101 seg 1,L00,L00-Z4,piping,piping,6.0,m,129,130,,,T000015;T000607;T000873;T001239;T001272;T001277;T001304
26Y3knmgw43FLZMhlYWNow,T001291,PIP-PIPE-TEST,Process pipe P-101 seg 1,L00,L00-Z4,piping,piping,6.0,m,132,133,,,T000206;T001264;T001290;T001324
26Y3knmgw43FLZMhlYWNow,T001292,CX-PIPE-FLUSH,Process pipe P-101 seg 1,L00,L00-Z4,commissioning,precommissioning,6.0,m,133,134,,,T001291
28DNkfPwEX_enoEijwMcAH,T001293,GEN-SITE-PREP,Ground slab S-2-2,L00,L00-Z4,civil,mobilise,144.0,m2,0,1,,,
28DNkfPwEX_enoEijwMcAH,T001294,CIV-EARTH-FILL,Ground slab S-2-2,L00,L00-Z4,civil,earthworks,43.2,m3,2,3,,,T001265;T001281;T001284;T001287;T001293;T001297;T001300;T001310;T001316;T001321
28DNkfPwEX_enoEijwMcAH,T001295,STR-GSLAB-POUR,Ground slab S-2-2,L00,L00-Z4,concrete,foundations,43.2,m3,49,53,,,T001267;T001286;T001294;T001299;T001323
29Udp7EyX34hrXPg7HQg7U,T001296,ARC-CLAD-INSTALL,Cladding W-3,L00,L00-Z4,steel,steel,60.0,m2,56,57,,,T001238;T001242;T001251;T001260
2CObTkMc1GZ56bG_D1ayzu,T001297,CIV-EARTH-CUT,Pad footing F-3-2,L00,L00-Z4,civil,earthworks,17.85,m3,1,2,,,T001236;T001293
2CObTkMc1GZ56bG_D1ayzu,T001298,STR-FOOT-REBAR,Pad footing F-3-2,L00,L00-Z4,concrete,foundations,0.595,t,9,10,,,T001297
2CObTkMc1GZ56bG_D1ayzu,T001299,STR-FOOT-POUR,Pad footing F-3-2,L00,L00-Z4,concrete,foundations,5.95,m3,25,26,,,T001298
2N_RjXhZZ1OAUq_Uy_v2Bb,T001300,CIV-EARTH-CUT,Pad footing F-1-2,L00,L00-Z4,civil,earthworks,13.68,m3,1,2,,,T001236;T001293
2N_RjXhZZ1OAUq_Uy_v2Bb,T001301,STR-FOOT-REBAR,Pad footing F-1-2,L00,L00-Z4,concrete,foundations,0.456,t,9,10,,,T001300
2N_RjXhZZ1OAUq_Uy_v2Bb,T001302,STR-FOOT-POUR,Pad footing F-1-2,L00,L00-Z4,concrete,foundations,4.56,m3,25,26,,,T001301
2O20VSidGDndL85cbwhtHh,T001303,STR-STEEL-COL,Steel column C-1-2,L00,L00-Z4,steel,steel,1.57,t,53,54,,,T001302
2O20VSidGDndL85cbwhtHh,T001304,STR-STEEL-CONN,Steel column C-1-2,L00,L00-Z4,steel,steel,1.57,t,55,56,,,T001271;T001276;T001303
2O20VSidGDndL85cbwhtHh,T001305,INS-COATING-APPLY,Steel column C-1-2,L00,L00-Z4,insulation,insulation,34.54,m2,138,139,,,T001304
33YvdJ8u1JhDnIKjVqZG0S,T001306,PRC-MOD-SET,Process module M-04,L00,L00-Z4,mechanical,equipment,1.0,ea,57,59,,,T001238;T001295;T001312
33YvdJ8u1JhDnIKjVqZG0S,T001307,PRC-MOD-CONNECT,Process module M-04,L00,L00-Z4,piping,piping,1.0,ea,59,61,,,T001306
33YvdJ8u1JhDnIKjVqZG0S,T001308,CX-PROCESS-STARTUP,Process module M-04,L00,L00-Z4,commissioning,commissioning,1.0,ea,159,161,,,T000190;T000191;T000244;T000245;T000837;T001307;T001604;T001605;T001649;T001650
33YvdJ8u1JhDnIKjVqZG0S,T001309,GEN-HANDOVER-DOC,Process module M-04,L00,L00-Z4,commissioning,handover,1.0,ea,176,177,,,T000838;T001308;T001671
35$VM_aSgmjDwoNb5ramnV,T001310,CIV-EARTH-CUT,Module foundation MF-4,L00,L00-Z4,civil,earthworks,27.25,m3,1,2,,,T001236;T001293
35$VM_aSgmjDwoNb5ramnV,T001311,STR-FOOT-REBAR,Module foundation MF-4,L00,L00-Z4,concrete,foundations,1.09,t,25,26,,,T001310
35$VM_aSgmjDwoNb5ramnV,T001312,STR-EQPAD-POUR,Module foundation MF-4,L00,L00-Z4,concrete,foundations,10.9,m3,49,52,,,T001311
35$VM_aSgmjDwoNb5ramnV,T001313,CIV-BACKFILL-COMPACT,Module foundation MF-4,L00,L00-Z4,civil,foundations,10.9,m3,52,53,,,T001312
394i9rAzGY5D4$SitzcT27,T001314,ARC-DOOR-INSTALL,Roller door W-3,L00,L00-Z4,insulation,insulation,1.0,ea,139,140,,,T001296
3CeO41VHmSPXyJ_N$aGPBR,T001315,ARC-ROOF-DECK,Roof sheeting R-2-2,L00,L00-Z4,steel,steel,144.0,m2,56,57,,,T001232;T001247;T001249;T001253;T001258;T001263;T001279;T001331;T001333;T001336;T001338;T001340
3DtkwJtMYzxtYfVBZvVxmh,T001316,CIV-EARTH-CUT,Pad footing F-0-2,L00,L00-Z4,civil,earthworks,18.6,m3,1,2,,,T001236;T001293
3DtkwJtMYzxtYfVBZvVxmh,T001317,STR-FOOT-REBAR,Pad footing F-0-2,L00,L00-Z4,concrete,foundations,0.62,t,10,11,,,T001316
3DtkwJtMYzxtYfVBZvVxmh,T001318,STR-FOOT-POUR,Pad footing F-0-2,L00,L00-Z4,concrete,foundations,6.2,m3,25,26,,,T001317
3L91YJujMR4Ru6Dndu606m,T001319,STR-STEEL-BEAM,Roof beam Z B-0-2,L00,L00-Z4,steel,steel,0.71,t,54,55,,,T001268
3L91YJujMR4Ru6Dndu606m,T001320,STR-STEEL-CONN,Roof beam Z B-0-2,L00,L00-Z4,steel,steel,0.71,t,55,56,,,T001243;T001319
3W1xaK9uicsWwcPnzDUmjb,T001321,CIV-EARTH-CUT,Pad footing F-2-3,L00,L00-Z4,civil,earthworks,17.34,m3,1,2,,,T001236;T001293
3W1xaK9uicsWwcPnzDUmjb,T001322,STR-FOOT-REBAR,Pad footing F-2-3,L00,L00-Z4,concrete,foundations,0.578,t,10,11,,,T001321
3W1xaK9uicsWwcPnzDUmjb,T001323,STR-FOOT-POUR,Pad footing F-2-3,L00,L00-Z4,concrete,foundations,5.78,m3,26,27,,,T001322
3Zm98x$$nJt$JGeP$4e0pN,T001324,PIP-FITTING-INSTALL,Isolation valve P-101-2,L00,L00-Z4,piping,piping,1.0,ea,131,132,,,T000141;T000151;T001273;T001290;T001626;T001639
3_C17Y05CR0mY_yhshlheU,T001325,STR-STEEL-BEAM,Roof beam Z B-1-3,L00,L00-Z4,steel,steel,0.73,t,54,55,,,T001327
3_C17Y05CR0mY_yhshlheU,T001326,STR-STEEL-CONN,Roof beam Z B-1-3,L00,L00-Z4,steel,steel,0.73,t,55,56,,,T001255;T001325
3as1D3mI67PYKaWI7bQ4jv,T001327,STR-STEEL-COL,Steel column C-1-3,L00,L00-Z4,steel,steel,1.31,t,53,54,,,T001289
3as1D3mI67PYKaWI7bQ4jv,T001328,STR-STEEL-CONN,Steel column C-1-3,L00,L00-Z4,steel,steel,1.31,t,55,56,,,T001255;T001325;T001327
3as1D3mI67PYKaWI7bQ4jv,T001329,INS-COATING-APPLY,Steel column C-1-3,L00,L00-Z4,insulation,insulation,28.82,m2,139,140,,,T001328
3c$DLWCfnHgMez8g2vmT1T,T001330,STR-STEEL-BEAM,Roof beam Z B-3-2,L00,L00-Z4,steel,steel,0.85,t,54,55,,,T001339
3c$DLWCfnHgMez8g2vmT1T,T001331,STR-STEEL-CONN,Roof beam Z B-3-2,L00,L00-Z4,steel,steel,0.85,t,55,56,,,T001257;T001330
3jOLp2TSGR2LFk4mW66D26,T001332,STR-STEEL-COL,Steel column C-2-2,L00,L00-Z4,steel,steel,1.6,t,53,54,,,T001267
3jOLp2TSGR2LFk4mW66D26,T001333,STR-STEEL-CONN,Steel column C-2-2,L00,L00-Z4,steel,steel,1.6,t,55,56,,,T001231;T001332;T001337
3jOLp2TSGR2LFk4mW66D26,T001334,INS-COATING-APPLY,Steel column C-2-2,L00,L00-Z4,insulation,insulation,35.2,m2,139,140,,,T001333
3m7jgC0wpH3FZVlvyqO0f2,T001335,STR-STEEL-BEAM,Roof beam Z B-2-3,L00,L00-Z4,steel,steel,0.88,t,54,55,,,T001278
3m7jgC0wpH3FZVlvyqO0f2,T001336,STR-STEEL-CONN,Roof beam Z B-2-3,L00,L00-Z4,steel,steel,0.88,t,55,56,,,T001262;T001335
3sFTRDjfM1pe1nRwS8Zl58,T001337,STR-STEEL-BEAM,Roof beam Z B-2-2,L00,L00-Z4,steel,steel,0.75,t,54,55,,,T001332
3sFTRDjfM1pe1nRwS8Zl58,T001338,STR-STEEL-CONN,Roof beam Z B-2-2,L00,L00-Z4,steel,steel,0.75,t,55,56,,,T001231;T001337
3umFWyJQ1crCYHrDFaED$P,T001339,STR-STEEL-COL,Steel column C-3-2,L00,L00-Z4,steel,steel,1.38,t,53,54,,,T001299
3umFWyJQ1crCYHrDFaED$P,T001340,STR-STEEL-CONN,Steel column C-3-2,L00,L00-Z4,steel,steel,1.38,t,55,56,,,T001257;T001330;T001339
3umFWyJQ1crCYHrDFaED$P,T001341,INS-COATING-APPLY,Steel column C-3-2,L00,L00-Z4,insulation,insulation,30.36,m2,139,140,,,T001340
04Q3qTCvpZB_Ks51CkvDI3,T001342,PIP-FITTING-INSTALL,Isolation valve P-103-1,L00,L00-Z5,piping,piping,1.0,ea,130,131,,,T000264;T000305;T001389;T001439;T001717;T001814
0BlWn701Dyoz$GPAMju1Yv,T001343,CIV-EARTH-CUT,Module foundation MF-5,L00,L00-Z5,civil,earthworks,42.0,m3,1,2,,,T001416;T001444
0BlWn701Dyoz$GPAMju1Yv,T001344,STR-FOOT-REBAR,Module foundation MF-5,L00,L00-Z5,concrete,foundations,1.68,t,26,27,,,T001343
0BlWn701Dyoz$GPAMju1Yv,T001345,STR-EQPAD-POUR,Module foundation MF-5,L00,L00-Z5,concrete,foundations,16.8,m3,51,54,,,T001344
0BlWn701Dyoz$GPAMju1Yv,T001346,CIV-BACKFILL-COMPACT,Module foundation MF-5,L00,L00-Z5,civil,foundations,16.8,m3,54,55,,,T001345
0CQRXAKUM9K0qvyb4Taaw9,T001347,CIV-EARTH-CUT,Pad footing F-5-2,L00,L00-Z5,civil,earthworks,15.33,m3,1,2,,,T001416;T001444
0CQRXAKUM9K0qvyb4Taaw9,T001348,STR-FOOT-REBAR,Pad footing F-5-2,L00,L00-Z5,concrete,foundations,0.511,t,10,11,,,T001347
0CQRXAKUM9K0qvyb4Taaw9,T001349,STR-FOOT-POUR,Pad footing F-5-2,L00,L00-Z5,concrete,foundations,5.11,m3,26,27,,,T001348
0K7gVx$ER_fHVGJ3CHko6O,T001350,PIP-PIPE-INSTALL,Process pipe P-102 seg 2,L00,L00-Z5,piping,piping,6.0,m,121,122,,,T000562;T001080;T001372;T001385;T001408;T001429
0K7gVx$ER_fHVGJ3CHko6O,T001351,PIP-PIPE-TEST,Process pipe P-102 seg 2,L00,L00-Z5,piping,piping,6.0,m,131,132,,,T000328;T001350;T001366;T001367
0K7gVx$ER_fHVGJ3CHko6O,T001352,CX-PIPE-FLUSH,Process pipe P-102 seg 2,L00,L00-Z5,commissioning,precommissioning,6.0,m,132,133,,,T001351
0RiG$2CTwFIZOsjfkndGR3,T001353,IC-INSTR-INSTALL,Pressure transmitter P-102,L00,L00-Z5,instrumentation,electrical_instrumentation,1.0,ea,122,123,,,T001433
0RiG$2CTwFIZOsjfkndGR3,T001354,IC-LOOP-CHECK,Pressure transmitter P-102,L00,L00-Z5,instrumentation,precommissioning,1.0,ea,132,133,,,T001353
0WzE8p_96JJcAVFrSmvucs,T001355,CIV-EARTH-CUT,Pad footing F-4-2,L00,L00-Z5,civil,earthworks,15.54,m3,1,2,,,T001416;T001444
0WzE8p_96JJcAVFrSmvucs,T001356,STR-FOOT-REBAR,Pad footing F-4-2,L00,L00-Z5,concrete,foundations,0.518,t,10,11,,,T001355
0WzE8p_96JJcAVFrSmvucs,T001357,STR-FOOT-POUR,Pad footing F-4-2,L00,L00-Z5,concrete,foundations,5.18,m3,27,28,,,T001356
0ZHExwrLhSbKLTBq_RyxZ1,T001358,STR-STEEL-BEAM,Roof beam X B-6-2,L00,L00-Z5,steel,steel,0.78,t,62,63,,,T001375
0ZHExwrLhSbKLTBq_RyxZ1,T001359,STR-STEEL-CONN,Roof beam X B-6-2,L00,L00-Z5,steel,steel,0.78,t,63,64,,,T001358;T001395
0ZzR$bm7gJQS6M_ocK2ohs,T001360,STR-STEEL-BEAM,Roof beam Z B-7-3,L00,L00-Z5,steel,steel,0.62,t,62,63,,,T001460
0ZzR$bm7gJQS6M_ocK2ohs,T001361,STR-STEEL-CONN,Roof beam Z B-7-3,L00,L00-Z5,steel,steel,0.62,t,63,64,,,T001360;T001373
0cc$xS30JXcyFarM_V3FZ$,T001362,STR-STEEL-BEAM,Roof beam X B-6-3,L00,L00-Z5,steel,steel,1.03,t,62,63,,,T001401
0cc$xS30JXcyFarM_V3FZ$,T001363,STR-STEEL-CONN,Roof beam X B-6-3,L00,L00-Z5,steel,steel,1.03,t,63,64,,,T001362;T001399
0dUsVA7Hl$bPJmQ4UugHZe,T001364,STR-STEEL-BEAM,Roof beam Z B-4-2,L00,L00-Z5,steel,steel,0.51,t,62,63,,,T001422
0dUsVA7Hl$bPJmQ4UugHZe,T001365,STR-STEEL-CONN,Roof beam Z B-4-2,L00,L00-Z5,steel,steel,0.51,t,63,64,,,T001364;T001442
0fIBwmUDo6NuFyM8wRPuRN,T001366,PIP-FITTING-INSTALL,Isolation valve P-102-1,L00,L00-Z5,piping,piping,1.0,ea,123,124,,,T000251;T000310;T001350;T001433;T001729;T001759
0fNMJRqLCsf9cUIULfkVQe,T001367,PIP-FITTING-INSTALL,Isolation valve P-102-2,L00,L00-Z5,piping,piping,1.0,ea,123,124,,,T000251;T000310;T001350;T001433;T001729;T001759
0h7xAP5qvDV6xTgA6akZ_c,T001368,PIP-FITTING-INSTALL,Isolation valve P-103-2,L00,L00-Z5,piping,piping,1.0,ea,130,131,,,T000264;T000305;T001389;T001439;T001717;T001814
0hmmtTSXEbBEBhOElGem0d,T001369,STR-STEEL-BEAM,Roof beam Z B-5-3,L00,L00-Z5,steel,steel,0.85,t,62,63,,,T001386
0hmmtTSXEbBEBhOElGem0d,T001370,STR-STEEL-CONN,Roof beam Z B-5-3,L00,L00-Z5,steel,steel,0.85,t,63,64,,,T001369;T001449
0koIslnl1aiidvBRuruaKs,T001371,STR-STEEL-BEAM,Roof beam X B-4-3,L00,L00-Z5,steel,steel,1.06,t,62,63,,,T001428
0koIslnl1aiidvBRuruaKs,T001372,STR-STEEL-CONN,Roof beam X B-4-3,L00,L00-Z5,steel,steel,1.06,t,63,64,,,T001371;T001384
0kztXyFl2XK7IexHjK6Ykr,T001373,STR-STEEL-BEAM,Roof beam X B-7-3,L00,L00-Z5,steel,steel,1.3,t,62,63,,,T001460
0kztXyFl2XK7IexHjK6Ykr,T001374,STR-STEEL-CONN,Roof beam X B-7-3,L00,L00-Z5,steel,steel,1.3,t,63,64,,,T001360;T001373
0lhNEppwYnzrLEG7KDrzuN,T001375,STR-STEEL-COL,Steel column C-6-2,L00,L00-Z5,steel,steel,1.51,t,61,62,,,T001427
0lhNEppwYnzrLEG7KDrzuN,T001376,STR-STEEL-CONN,Steel column C-6-2,L00,L00-Z5,steel,steel,1.51,t,63,64,,,T001358;T001375;T001395
0lhNEppwYnzrLEG7KDrzuN,T001377,INS-COATING-APPLY,Steel column C-6-2,L00,L00-Z5,insulation,insulation,33.22,m2,139,140,,,T001376
0ra3TghVQ6VSmfNu08_8O6,T001378,STR-STEEL-BEAM,Roof beam Z B-5-2,L00,L00-Z5,steel,steel,0.76,t,62,63,,,T001457
0ra3TghVQ6VSmfNu08_8O6,T001379,STR-STEEL-CONN,Roof beam Z B-5-2,L00,L00-Z5,steel,steel,0.76,t,63,64,,,T001378;T001451
0t8_QM4rXmUizNcTb__ojz,T001380,ARC-ROOF-DECK,Roof sheeting R-4-2,L00,L00-Z5,steel,steel,144.0,m2,64,65,,,T001365;T001370;T001372;T001379;T001385;T001387;T001423;T001429;T001443;T001450;T001452;T001458
0wlXmlDTy3fS8xcqEH54c$,T001381,CIV-EARTH-CUT,Pad footing F-5-3,L00,L00-Z5,civil,earthworks,15.09,m3,1,2,,,T001416;T001444
0wlXmlDTy3fS8xcqEH54c$,T001382,STR-FOOT-REBAR,Pad footing F-5-3,L00,L00-Z5,concrete,foundations,0.503,t,10,11,,,T001381
0wlXmlDTy3fS8xcqEH54c$,T001383,STR-FOOT-POUR,Pad footing F-5-3,L00,L00-Z5,concrete,foundations,5.03,m3,27,28,,,T001382
0zUVRLBDt3KfnZSWyFH_Bg,T001384,STR-STEEL-BEAM,Roof beam Z B-4-3,L00,L00-Z5,steel,steel,0.86,t,62,63,,,T001428
0zUVRLBDt3KfnZSWyFH_Bg,T001385,STR-STEEL-CONN,Roof beam Z B-4-3,L00,L00-Z5,steel,steel,0.86,t,63,64,,,T001371;T001384
15fmEnWa3lv_5bOfACL08Q,T001386,STR-STEEL-COL,Steel column C-5-3,L00,L00-Z5,steel,steel,1.53,t,61,62,,,T001383
15fmEnWa3lv_5bOfACL08Q,T001387,STR-STEEL-CONN,Steel column C-5-3,L00,L00-Z5,steel,steel,1.53,t,63,64,,,T001369;T001386;T001449
15fmEnWa3lv_5bOfACL08Q,T001388,INS-COATING-APPLY,Steel column C-5-3,L00,L00-Z5,insulation,insulation,33.66,m2,139,140,,,T001387
1EP32tNijvssW$3QF0gPPp,T001389,PIP-PIPE-INSTALL,Process pipe P-103 seg 1,L00,L00-Z5,piping,piping,6.0,m,128,129,,,T000695;T001049;T001398;T001411;T001413;T001448
1EP32tNijvssW$3QF0gPPp,T001390,PIP-PIPE-TEST,Process pipe P-103 seg 1,L00,L00-Z5,piping,piping,6.0,m,131,132,,,T000290;T001342;T001368;T001389
1EP32tNijvssW$3QF0gPPp,T001391,CX-PIPE-FLUSH,Process pipe P-103 seg 1,L00,L00-Z5,commissioning,precommissioning,6.0,m,132,133,,,T001390
1HnwlrJrC_qZ4lRuuUkClj,T001392,CIV-EARTH-CUT,Pad footing F-6-3,L00,L00-Z5,civil,earthworks,14.19,m3,1,2,,,T001416;T001444
1HnwlrJrC_qZ4lRuuUkClj,T001393,STR-FOOT-REBAR,Pad footing F-6-3,L00,L00-Z5,concrete,foundations,0.473,t,10,11,,,T001392
1HnwlrJrC_qZ4lRuuUkClj,T001394,STR-FOOT-POUR,Pad footing F-6-3,L00,L00-Z5,concrete,foundations,4.73,m3,27,28,,,T001393
1QGBMQUAsxdLPVsMVcavPY,T001395,STR-STEEL-BEAM,Roof beam Z B-6-2,L00,L00-Z5,steel,steel,0.75,t,62,63,,,T001375
1QGBMQUAsxdLPVsMVcavPY,T001396,STR-STEEL-CONN,Roof beam Z B-6-2,L00,L00-Z5,steel,steel,0.75,t,63,64,,,T001358;T001395
1VftSJ0r55y4sozCv$UA1q,T001397,STR-STEEL-BEAM,Roof beam X B-7-2,L00,L00-Z5,steel,steel,1.14,t,62,63,,,T001410
1VftSJ0r55y4sozCv$UA1q,T001398,STR-STEEL-CONN,Roof beam X B-7-2,L00,L00-Z5,steel,steel,1.14,t,63,64,,,T001397;T001447
1nsekGSDo1weIbS$wIaI4e,T001399,STR-STEEL-BEAM,Roof beam Z B-6-3,L00,L00-Z5,steel,steel,0.52,t,62,63,,,T001401
1nsekGSDo1weIbS$wIaI4e,T001400,STR-STEEL-CONN,Roof beam Z B-6-3,L00,L00-Z5,steel,steel,0.52,t,63,64,,,T001362;T001399
1sDQt9J3wg4B96MW9TXqnv,T001401,STR-STEEL-COL,Steel column C-6-3,L00,L00-Z5,steel,steel,1.37,t,61,62,,,T001394
1sDQt9J3wg4B96MW9TXqnv,T001402,STR-STEEL-CONN,Steel column C-6-3,L00,L00-Z5,steel,steel,1.37,t,63,64,,,T001362;T001399;T001401
1sDQt9J3wg4B96MW9TXqnv,T001403,INS-COATING-APPLY,Steel column C-6-3,L00,L00-Z5,insulation,insulation,30.14,m2,139,140,,,T001402
1trPbImpKnw1TtFy_9k3ls,T001404,PRC-MOD-SET,Process module M-06,L00,L00-Z5,mechanical,equipment,1.0,ea,88,90,,,T001446;T001468;T001532
1trPbImpKnw1TtFy_9k3ls,T001405,PRC-MOD-CONNECT,Process module M-06,L00,L00-Z5,piping,piping,1.0,ea,90,92,,,T001404
1trPbImpKnw1TtFy_9k3ls,T001406,CX-PROCESS-STARTUP,Process module M-06,L00,L00-Z5,commissioning,commissioning,1.0,ea,159,161,,,T000258;T000259;T000316;T000317;T000769;T001405;T001694;T001695;T001757;T001758
1trPbImpKnw1TtFy_9k3ls,T001407,GEN-HANDOVER-DOC,Process module M-06,L00,L00-Z5,commissioning,handover,1.0,ea,176,177,,,T000770;T001406;T001793
1xi3LypBwMNizxfXkYzHmJ,T001408,PRC-PUMP-SET,Pump P-102A,L00,L00-Z5,mechanical,equipment,1.0,ea,65,66,,,T001418
1xi3LypBwMNizxfXkYzHmJ,T001409,CX-PROCESS-STARTUP,Pump P-102A,L00,L00-Z5,commissioning,commissioning,1.0,ea,161,163,,,T000252;T000253;T000311;T000312;T001351;T001352;T001408;T001434;T001435;T001730;T001731;T001760;T001761
23Gz_Equ58Xe1ShCtVzinJ,T001410,STR-STEEL-COL,Steel column C-7-2,L00,L00-Z5,steel,steel,1.33,t,61,62,,,T001465
23Gz_Equ58Xe1ShCtVzinJ,T001411,STR-STEEL-CONN,Steel column C-7-2,L00,L00-Z5,steel,steel,1.33,t,63,64,,,T001397;T001410;T001447
23Gz_Equ58Xe1ShCtVzinJ,T001412,INS-COATING-APPLY,Steel column C-7-2,L00,L00-Z5,insulation,insulation,29.26,m2,140,141,,,T001411
28luilasMVWzDHWxt0E57F,T001413,PRC-PUMP-SET,Pump P-103A,L00,L00-Z5,mechanical,equipment,1.0,ea,65,66,,,T001446
28luilasMVWzDHWxt0E57F,T001414,CX-PROCESS-STARTUP,Pump P-103A,L00,L00-Z5,commissioning,commissioning,1.0,ea,161,163,,,T000265;T000266;T000306;T000307;T000696;T001390;T001391;T001413;T001440;T001441;T001718;T001719;T001815;T001816
2CSEarvfVsEMxeEioGz_qU,T001415,ARC-ROOF-DECK,Roof sheeting R-6-2,L00,L00-Z5,steel,steel,144.0,m2,64,65,,,T001359;T001361;T001363;T001374;T001376;T001396;T001398;T001400;T001402;T001411;T001448;T001461
2FUdENlInrHnsN_ML_aHNe,T001416,GEN-SITE-PREP,Ground slab S-4-2,L00,L00-Z5,civil,mobilise,144.0,m2,0,1,,,
2FUdENlInrHnsN_ML_aHNe,T001417,CIV-EARTH-FILL,Ground slab S-4-2,L00,L00-Z5,civil,earthworks,43.2,m3,2,3,,,T001343;T001347;T001355;T001381;T001392;T001416;T001419;T001425;T001436;T001463;T001466
2FUdENlInrHnsN_ML_aHNe,T001418,STR-GSLAB-POUR,Ground slab S-4-2,L00,L00-Z5,concrete,foundations,43.2,m3,53,57,,,T001349;T001357;T001383;T001417;T001438
2OFwBR26gVGQ8QRTgI0ZIG,T001419,CIV-EARTH-CUT,Pad footing F-7-3,L00,L00-Z5,civil,earthworks,13.86,m3,1,2,,,T001416;T001444
2OFwBR26gVGQ8QRTgI0ZIG,T001420,STR-FOOT-REBAR,Pad footing F-7-3,L00,L00-Z5,concrete,foundations,0.462,t,10,11,,,T001419
2OFwBR26gVGQ8QRTgI0ZIG,T001421,STR-FOOT-POUR,Pad footing F-7-3,L00,L00-Z5,concrete,foundations,4.62,m3,27,28,,,T001420
2PjqbK5$QzgU01BE$JB9CW,T001422,STR-STEEL-COL,Steel column C-4-2,L00,L00-Z5,steel,steel,1.33,t,61,62,,,T001357
2PjqbK5$QzgU01BE$JB9CW,T001423,STR-STEEL-CONN,Steel column C-4-2,L00,L00-Z5,steel,steel,1.33,t,63,64,,,T001364;T001422;T001442
2PjqbK5$QzgU01BE$JB9CW,T001424,INS-COATING-APPLY,Steel column C-4-2,L00,L00-Z5,insulation,insulation,29.26,m2,140,141,,,T001423
2PsESJYI97LdauFxcpY$uA,T001425,CIV-EARTH-CUT,Pad footing F-6-2,L00,L00-Z5,civil,earthworks,17.61,m3,1,2,,,T001416;T001444
2PsESJYI97LdauFxcpY$uA,T001426,STR-FOOT-REBAR,Pad footing F-6-2,L00,L00-Z5,concrete,foundations,0.587,t,11,12,,,T001425
2PsESJYI97LdauFxcpY$uA,T001427,STR-FOOT-POUR,Pad footing F-6-2,L00,L00-Z5,concrete,foundations,5.87,m3,28,29,,,T001426
2SN8KrpBiSRggkbRy1EivU,T001428,STR-STEEL-COL,Steel column C-4-3,L00,L00-Z5,steel,steel,1.45,t,61,62,,,T001438
2SN8KrpBiSRggkbRy1EivU,T001429,STR-STEEL-CONN,Steel column C-4-3,L00,L00-Z5,steel,steel,1.45,t,63,64,,,T001371;T001384;T001428
2SN8KrpBiSRggkbRy1EivU,T001430,INS-COATING-APPLY,Steel column C-4-3,L00,L00-Z5,insulation,insulation,31.9,m2,140,141,,,T001429
2pBAK$YLsJxoz6Y5jTFXBs,T001431,IC-INSTR-INSTALL,Pressure transmitter P-103,L00,L00-Z5,instrumentation,electrical_instrumentation,1.0,ea,129,130,,,T001389
2pBAK$YLsJxoz6Y5jTFXBs,T001432,IC-LOOP-CHECK,Pressure transmitter P-103,L00,L00-Z5,instrumentation,precommissioning,1.0,ea,132,133,,,T001431
2rF_x$SKobV2gXW$ENvu0N,T001433,PIP-PIPE-INSTALL,Process pipe P-102 seg 1,L00,L00-Z5,piping,piping,6.0,m,121,122,,,T000562;T001080;T001365;T001408;T001423;T001443
2rF_x$SKobV2gXW$ENvu0N,T001434,PIP-PIPE-TEST,Process pipe P-102 seg 1,L00,L00-Z5,piping,piping,6.0,m,131,132,,,T000328;T001366;T001367;T001433
2rF_x$SKobV2gXW$ENvu0N,T001435,CX-PIPE-FLUSH,Process pipe P-102 seg 1,L00,L00-Z5,commissioning,precommissioning,6.0,m,132,133,,,T001434
2rMPGkYLWzbhEx9ISokBo1,T001436,CIV-EARTH-CUT,Pad footing F-4-3,L00,L00-Z5,civil,earthworks,18.96,m3,1,2,,,T001416;T001444
2rMPGkYLWzbhEx9ISokBo1,T001437,STR-FOOT-REBAR,Pad footing F-4-3,L00,L00-Z5,concrete,foundations,0.632,t,11,12,,,T001436
2rMPGkYLWzbhEx9ISokBo1,T001438,STR-FOOT-POUR,Pad footing F-4-3,L00,L00-Z5,concrete,foundations,6.32,m3,28,29,,,T001437
2totJAj8UHy247YprsCdg3,T001439,PIP-PIPE-INSTALL,Process pipe P-103 seg 2,L00,L00-Z5,piping,piping,6.0,m,128,129,,,T000695;T001049;T001361;T001374;T001413;T001461
2totJAj8UHy247YprsCdg3,T001440,PIP-PIPE-TEST,Process pipe P-103 seg 2,L00,L00-Z5,piping,piping,6.0,m,131,132,,,T000290;T001342;T001368;T001439
2totJAj8UHy247YprsCdg3,T001441,CX-PIPE-FLUSH,Process pipe P-103 seg 2,L00,L00-Z5,commissioning,precommissioning,6.0,m,132,133,,,T001440
2w5D6MK3_E9UufrPfTEfTC,T001442,STR-STEEL-BEAM,Roof beam X B-4-2,L00,L00-Z5,steel,steel,0.96,t,62,63,,,T001422
2w5D6MK3_E9UufrPfTEfTC,T001443,STR-STEEL-CONN,Roof beam X B-4-2,L00,L00-Z5,steel,steel,0.96,t,63,64,,,T001364;T001442
36j1_HOn$q_ru_LA3Sb4ZS,T001444,GEN-SITE-PREP,Ground slab S-6-2,L00,L00-Z5,civil,mobilise,144.0,m2,0,1,,,
36j1_HOn$q_ru_LA3Sb4ZS,T001445,CIV-EARTH-FILL,Ground slab S-6-2,L00,L00-Z5,civil,earthworks,43.2,m3,2,3,,,T001343;T001347;T001355;T001381;T001392;T001419;T001425;T001436;T001444;T001463;T001466
36j1_HOn$q_ru_LA3Sb4ZS,T001446,STR-GSLAB-POUR,Ground slab S-6-2,L00,L00-Z5,concrete,foundations,43.2,m3,54,58,,,T001394;T001421;T001427;T001445;T001465
3AkomLyustJz2msAcJMWmx,T001447,STR-STEEL-BEAM,Roof beam Z B-7-2,L00,L00-Z5,steel,steel,0.84,t,62,63,,,T001410
3AkomLyustJz2msAcJMWmx,T001448,STR-STEEL-CONN,Roof beam Z B-7-2,L00,L00-Z5,steel,steel,0.84,t,63,64,,,T001397;T001447
3HBIQcyg8mB0qYrMxHPNmb,T001449,STR-STEEL-BEAM,Roof beam X B-5-3,L00,L00-Z5,steel,steel,1.14,t,62,63,,,T001386
3HBIQcyg8mB0qYrMxHPNmb,T001450,STR-STEEL-CONN,Roof beam X B-5-3,L00,L00-Z5,steel,steel,1.14,t,63,64,,,T001369;T001449
3PmS9y_6tIRwMnlHwOjYPg,T001451,STR-STEEL-BEAM,Roof beam X B-5-2,L00,L00-Z5,steel,steel,0.84,t,62,63,,,T001457
3PmS9y_6tIRwMnlHwOjYPg,T001452,STR-STEEL-CONN,Roof beam X B-5-2,L00,L00-Z5,steel,steel,0.84,t,63,64,,,T001378;T001451
3XLs9IEL6QWTzhTtin6xiL,T001453,PRC-MOD-SET,Process module M-05,L00,L00-Z5,mechanical,equipment,1.0,ea,65,67,,,T001345;T001418
3XLs9IEL6QWTzhTtin6xiL,T001454,PRC-MOD-CONNECT,Process module M-05,L00,L00-Z5,piping,piping,1.0,ea,67,69,,,T001453
3XLs9IEL6QWTzhTtin6xiL,T001455,CX-PROCESS-STARTUP,Process module M-05,L00,L00-Z5,commissioning,commissioning,1.0,ea,163,165,,,T000261;T000262;T000275;T000276;T000805;T001454;T001688;T001689;T001797;T001798
3XLs9IEL6QWTzhTtin6xiL,T001456,GEN-HANDOVER-DOC,Process module M-05,L00,L00-Z5,commissioning,handover,1.0,ea,176,177,,,T000806;T001455;T001749
3bXx6CM5bkesEC51HLgjuY,T001457,STR-STEEL-COL,Steel column C-5-2,L00,L00-Z5,steel,steel,1.35,t,61,62,,,T001349
3bXx6CM5bkesEC51HLgjuY,T001458,STR-STEEL-CONN,Steel column C-5-2,L00,L00-Z5,steel,steel,1.35,t,63,64,,,T001378;T001451;T001457
3bXx6CM5bkesEC51HLgjuY,T001459,INS-COATING-APPLY,Steel column C-5-2,L00,L00-Z5,insulation,insulation,29.7,m2,140,141,,,T001458
3e2nF0859jDbcBaumo3yKS,T001460,STR-STEEL-COL,Steel column C-7-3,L00,L00-Z5,steel,steel,1.34,t,61,62,,,T001421
3e2nF0859jDbcBaumo3yKS,T001461,STR-STEEL-CONN,Steel column C-7-3,L00,L00-Z5,steel,steel,1.34,t,63,64,,,T001360;T001373;T001460
3e2nF0859jDbcBaumo3yKS,T001462,INS-COATING-APPLY,Steel column C-7-3,L00,L00-Z5,insulation,insulation,29.48,m2,140,141,,,T001461
3fW3BT2Y5MyuZNt_Byiqgf,T001463,CIV-EARTH-CUT,Pad footing F-7-2,L00,L00-Z5,civil,earthworks,17.1,m3,1,2,,,T001416;T001444
3fW3BT2Y5MyuZNt_Byiqgf,T001464,STR-FOOT-REBAR,Pad footing F-7-2,L00,L00-Z5,concrete,foundations,0.57,t,11,12,,,T001463
3fW3BT2Y5MyuZNt_Byiqgf,T001465,STR-FOOT-POUR,Pad footing F-7-2,L00,L00-Z5,concrete,foundations,5.7,m3,28,29,,,T001464
3sYB91olcBBSa0vfCpYy51,T001466,CIV-EARTH-CUT,Module foundation MF-6,L00,L00-Z5,civil,earthworks,55.75,m3,1,2,,,T001416;T001444
3sYB91olcBBSa0vfCpYy51,T001467,STR-FOOT-REBAR,Module foundation MF-6,L00,L00-Z5,concrete,foundations,2.23,t,11,13,,,T001466
3sYB91olcBBSa0vfCpYy51,T001468,STR-EQPAD-POUR,Module foundation MF-6,L00,L00-Z5,concrete,foundations,22.3,m3,57,60,,,T001467
3sYB91olcBBSa0vfCpYy51,T001469,CIV-BACKFILL-COMPACT,Module foundation MF-6,L00,L00-Z5,civil,foundations,22.3,m3,60,61,,,T001468
01Ky$L9_fUgZ6SmpUAwuvB,T001470,STR-STEEL-COL,Steel column C-8-2,L00,L00-Z6,steel,steel,1.49,t,91,92,,,T001516
01Ky$L9_fUgZ6SmpUAwuvB,T001471,STR-STEEL-CONN,Steel column C-8-2,L00,L00-Z6,steel,steel,1.49,t,93,94,,,T001470;T001520;T001535
01Ky$L9_fUgZ6SmpUAwuvB,T001472,INS-COATING-APPLY,Steel column C-8-2,L00,L00-Z6,insulation,insulation,32.78,m2,100,101,,,T001471
0CS0hjblD5L$HqDWPOFoRw,T001473,STR-STEEL-COL,Steel column C-10-2,L00,L00-Z6,steel,steel,1.4,t,91,92,,,T001568
0CS0hjblD5L$HqDWPOFoRw,T001474,STR-STEEL-CONN,Steel column C-10-2,L00,L00-Z6,steel,steel,1.4,t,93,94,,,T001473;T001509;T001550
0CS0hjblD5L$HqDWPOFoRw,T001475,INS-COATING-APPLY,Steel column C-10-2,L00,L00-Z6,insulation,insulation,30.8,m2,100,101,,,T001474
0FnKOtWi_l7nsVVz4k3IXw,T001476,STR-STEEL-BEAM,Roof beam Z B-9-2,L00,L00-Z6,steel,steel,0.66,t,92,93,,,T001559
0FnKOtWi_l7nsVVz4k3IXw,T001477,STR-STEEL-CONN,Roof beam Z B-9-2,L00,L00-Z6,steel,steel,0.66,t,93,94,,,T001476;T001543
0Pm2z6nmGtsHEuFljOht7U,T001478,ARC-CLAD-INSTALL,Cladding E-3,L00,L00-Z6,steel,steel,60.0,m2,94,95,,,T001482;T001508;T001524;T001556
0SGITdGQGAsE92zt5PD47y,T001479,STR-STEEL-BEAM,Roof beam X B-10-3,L00,L00-Z6,steel,steel,0.72,t,92,93,,,T001527
0SGITdGQGAsE92zt5PD47y,T001480,STR-STEEL-CONN,Roof beam X B-10-3,L00,L00-Z6,steel,steel,0.72,t,93,94,,,T001479;T001557
0ZHPX9923pR4XyJkoSbHxB,T001481,STR-STEEL-COL,Steel column C-11-3,L00,L00-Z6,steel,steel,1.02,t,91,92,,,T001494
0ZHPX9923pR4XyJkoSbHxB,T001482,STR-STEEL-CONN,Steel column C-11-3,L00,L00-Z6,steel,steel,1.02,t,93,94,,,T001481;T001523;T001555
0ZHPX9923pR4XyJkoSbHxB,T001483,INS-COATING-APPLY,Steel column C-11-3,L00,L00-Z6,insulation,insulation,22.44,m2,100,101,,,T001482
0bYRq7fXeqouspX6Y_Sh5d,T001484,ARC-ROOF-DECK,Roof sheeting R-8-2,L00,L00-Z6,steel,steel,144.0,m2,94,95,,,T001471;T001477;T001497;T001499;T001502;T001521;T001526;T001536;T001538;T001544;T001553;T001560
0cw37zpsD_u9AfI8GZfmbw,T001485,CIV-EARTH-CUT,Pad footing F-9-3,L00,L00-Z6,civil,earthworks,19.17,m3,2,3,,,T001506;T001530
0cw37zpsD_u9AfI8GZfmbw,T001486,STR-FOOT-REBAR,Pad footing F-9-3,L00,L00-Z6,concrete,foundations,0.639,t,28,29,,,T001485
0cw37zpsD_u9AfI8GZfmbw,T001487,STR-FOOT-POUR,Pad footing F-9-3,L00,L00-Z6,concrete,foundations,6.39,m3,58,59,,,T001486
0gfD5$d3DTCACxnC2Igbun,T001488,PRC-MOD-SET,Process module M-07,L00,L00-Z6,mechanical,equipment,1.0,ea,96,98,,,T001508;T001541
0gfD5$d3DTCACxnC2Igbun,T001489,PRC-MOD-CONNECT,Process module M-07,L00,L00-Z6,piping,piping,1.0,ea,98,100,,,T001488
0gfD5$d3DTCACxnC2Igbun,T001490,CX-PROCESS-STARTUP,Process module M-07,L00,L00-Z6,commissioning,commissioning,1.0,ea,163,165,,,T000431;T000432;T000469;T000470;T001489;T001824;T001825;T001865;T001866
0gfD5$d3DTCACxnC2Igbun,T001491,GEN-HANDOVER-DOC,Process module M-07,L00,L00-Z6,commissioning,handover,1.0,ea,176,177,,,T001490;T001851
0tClG7gFqjs6adjDRJzSDi,T001492,CIV-EARTH-CUT,Pad footing F-11-3,L00,L00-Z6,civil,earthworks,18.48,m3,2,3,,,T001506;T001530
0tClG7gFqjs6adjDRJzSDi,T001493,STR-FOOT-REBAR,Pad footing F-11-3,L00,L00-Z6,concrete,foundations,0.616,t,29,30,,,T001492
0tClG7gFqjs6adjDRJzSDi,T001494,STR-FOOT-POUR,Pad footing F-11-3,L00,L00-Z6,concrete,foundations,6.16,m3,58,59,,,T001493
0usm9AGcCF$T6g2SbWnj8K,T001495,ARC-DOOR-INSTALL,Roller door E-2,L00,L00-Z6,insulation,insulation,1.0,ea,100,101,,,T001522
11kDImsL7CjyM6FhtJpV4F,T001496,STR-STEEL-BEAM,Roof beam Z B-9-3,L00,L00-Z6,steel,steel,0.82,t,92,93,,,T001498
11kDImsL7CjyM6FhtJpV4F,T001497,STR-STEEL-CONN,Roof beam Z B-9-3,L00,L00-Z6,steel,steel,0.82,t,93,94,,,T001496;T001501
16x9b8WCP_gjGUCa8Oe_vg,T001498,STR-STEEL-COL,Steel column C-9-3,L00,L00-Z6,steel,steel,1.04,t,91,92,,,T001487
16x9b8WCP_gjGUCa8Oe_vg,T001499,STR-STEEL-CONN,Steel column C-9-3,L00,L00-Z6,steel,steel,1.04,t,93,94,,,T001496;T001498;T001501
16x9b8WCP_gjGUCa8Oe_vg,T001500,INS-COATING-APPLY,Steel column C-9-3,L00,L00-Z6,insulation,insulation,22.88,m2,100,101,,,T001499
1DRJSOErw9EG2zidkHuhMc,T001501,STR-STEEL-BEAM,Roof beam X B-9-3,L00,L00-Z6,steel,steel,0.95,t,92,93,,,T001498
1DRJSOErw9EG2zidkHuhMc,T001502,STR-STEEL-CONN,Roof beam X B-9-3,L00,L00-Z6,steel,steel,0.95,t,93,94,,,T001496;T001501
1E3G1jUf2MX6GrE8yvkDvS,T001503,CIV-EARTH-CUT,Pad footing F-8-3,L00,L00-Z6,civil,earthworks,16.74,m3,2,3,,,T001506;T001530
1E3G1jUf2MX6GrE8yvkDvS,T001504,STR-FOOT-REBAR,Pad footing F-8-3,L00,L00-Z6,concrete,foundations,0.558,t,29,30,,,T001503
1E3G1jUf2MX6GrE8yvkDvS,T001505,STR-FOOT-POUR,Pad footing F-8-3,L00,L00-Z6,concrete,foundations,5.58,m3,59,60,,,T001504
1QisLHQQ7iZLfbbYCHq7ZG,T001506,GEN-SITE-PREP,Ground slab S-10-2,L00,L00-Z6,civil,mobilise,144.0,m2,1,2,,,
1QisLHQQ7iZLfbbYCHq7ZG,T001507,CIV-EARTH-FILL,Ground slab S-10-2,L00,L00-Z6,civil,earthworks,43.2,m3,3,4,,,T001485;T001492;T001503;T001506;T001511;T001514;T001539;T001545;T001563;T001566
1QisLHQQ7iZLfbbYCHq7ZG,T001508,STR-GSLAB-POUR,Ground slab S-10-2,L00,L00-Z6,concrete,foundations,43.2,m3,83,87,,,T001494;T001507;T001547;T001565;T001568
1WVK1EBnoAOsLsWcmdqBDi,T001509,STR-STEEL-BEAM,Roof beam Z B-10-2,L00,L00-Z6,steel,steel,0.88,t,92,93,,,T001473
1WVK1EBnoAOsLsWcmdqBDi,T001510,STR-STEEL-CONN,Roof beam Z B-10-2,L00,L00-Z6,steel,steel,0.88,t,93,94,,,T001509;T001550
1YGau_F3UKd1qBSExFJ$bY,T001511,CIV-EARTH-CUT,Pad footing F-9-2,L00,L00-Z6,civil,earthworks,18.06,m3,2,3,,,T001506;T001530
1YGau_F3UKd1qBSExFJ$bY,T001512,STR-FOOT-REBAR,Pad footing F-9-2,L00,L00-Z6,concrete,foundations,0.602,t,29,30,,,T001511
1YGau_F3UKd1qBSExFJ$bY,T001513,STR-FOOT-POUR,Pad footing F-9-2,L00,L00-Z6,concrete,foundations,6.02,m3,59,60,,,T001512
1gq$ap4wBeWfEp0xq6Ok$u,T001514,CIV-EARTH-CUT,Pad footing F-8-2,L00,L00-Z6,civil,earthworks,17.52,m3,2,3,,,T001506;T001530
1gq$ap4wBeWfEp0xq6Ok$u,T001515,STR-FOOT-REBAR,Pad footing F-8-2,L00,L00-Z6,concrete,foundations,0.584,t,29,30,,,T001514
1gq$ap4wBeWfEp0xq6Ok$u,T001516,STR-FOOT-POUR,Pad footing F-8-2,L00,L00-Z6,concrete,foundations,5.84,m3,60,61,,,T001515
1hDr5FvwH$06tzMMGDnfnr,T001517,STR-STEEL-COL,Steel column C-11-2,L00,L00-Z6,steel,steel,1.48,t,91,92,,,T001565
1hDr5FvwH$06tzMMGDnfnr,T001518,STR-STEEL-CONN,Steel column C-11-2,L00,L00-Z6,steel,steel,1.48,t,93,94,,,T001517;T001533;T001548
1hDr5FvwH$06tzMMGDnfnr,T001519,INS-COATING-APPLY,Steel column C-11-2,L00,L00-Z6,insulation,insulation,32.56,m2,100,101,,,T001518
1jbUB2zdKw3wxHpNlx09ng,T001520,STR-STEEL-BEAM,Roof beam X B-8-2,L00,L00-Z6,steel,steel,1.27,t,92,93,,,T001470
1jbUB2zdKw3wxHpNlx09ng,T001521,STR-STEEL-CONN,Roof beam X B-8-2,L00,L00-Z6,steel,steel,1.27,t,93,94,,,T001520;T001535
1tOB3CQ4H0kq9hN$OQyjjH,T001522,ARC-CLAD-INSTALL,Cladding E-2,L00,L00-Z6,steel,steel,60.0,m2,94,95,,,T001508;T001518;T001534;T001549
258c1CFQPNi3BIZijKU8C1,T001523,STR-STEEL-BEAM,Roof beam X B-11-3,L00,L00-Z6,steel,steel,0.77,t,92,93,,,T001481
258c1CFQPNi3BIZijKU8C1,T001524,STR-STEEL-CONN,Roof beam X B-11-3,L00,L00-Z6,steel,steel,0.77,t,93,94,,,T001523;T001555
26bb9ONCLfecYkCjI1Hal_,T001525,STR-STEEL-BEAM,Roof beam X B-8-3,L00,L00-Z6,steel,steel,1.08,t,92,93,,,T001552
26bb9ONCLfecYkCjI1Hal_,T001526,STR-STEEL-CONN,Roof beam X B-8-3,L00,L00-Z6,steel,steel,1.08,t,93,94,,,T001525;T001537
2JkesL0eVStZkHgzxvjd_D,T001527,STR-STEEL-COL,Steel column C-10-3,L00,L00-Z6,steel,steel,1.33,t,91,92,,,T001547
2JkesL0eVStZkHgzxvjd_D,T001528,STR-STEEL-CONN,Steel column C-10-3,L00,L00-Z6,steel,steel,1.33,t,93,94,,,T001479;T001527;T001557
2JkesL0eVStZkHgzxvjd_D,T001529,INS-COATING-APPLY,Steel column C-10-3,L00,L00-Z6,insulation,insulation,29.26,m2,100,101,,,T001528
2Lw$EEYk5uRsDVc4vXiBuF,T001530,GEN-SITE-PREP,Ground slab S-8-2,L00,L00-Z6,civil,mobilise,144.0,m2,1,2,,,
2Lw$EEYk5uRsDVc4vXiBuF,T001531,CIV-EARTH-FILL,Ground slab S-8-2,L00,L00-Z6,civil,earthworks,43.2,m3,3,4,,,T001485;T001492;T001503;T001511;T001514;T001530;T001539;T001545;T001563;T001566
2Lw$EEYk5uRsDVc4vXiBuF,T001532,STR-GSLAB-POUR,Ground slab S-8-2,L00,L00-Z6,concrete,foundations,43.2,m3,84,88,,,T001487;T001505;T001513;T001516;T001531
2Qod0L_0C8rratLMlNHP_N,T001533,STR-STEEL-BEAM,Roof beam Z B-11-2,L00,L00-Z6,steel,steel,0.83,t,92,93,,,T001517
2Qod0L_0C8rratLMlNHP_N,T001534,STR-STEEL-CONN,Roof beam Z B-11-2,L00,L00-Z6,steel,steel,0.83,t,93,94,,,T001533;T001548
2mz9gHyPJO01l_proln_d9,T001535,STR-STEEL-BEAM,Roof beam Z B-8-2,L00,L00-Z6,steel,steel,0.62,t,92,93,,,T001470
2mz9gHyPJO01l_proln_d9,T001536,STR-STEEL-CONN,Roof beam Z B-8-2,L00,L00-Z6,steel,steel,0.62,t,93,94,,,T001520;T001535
2oo9aaOoCGf6cwKHuzbIQR,T001537,STR-STEEL-BEAM,Roof beam Z B-8-3,L00,L00-Z6,steel,steel,0.77,t,92,93,,,T001552
2oo9aaOoCGf6cwKHuzbIQR,T001538,STR-STEEL-CONN,Roof beam Z B-8-3,L00,L00-Z6,steel,steel,0.77,t,93,94,,,T001525;T001537
2pH6gg6vuZ6okvgjAkoKQN,T001539,CIV-EARTH-CUT,Module foundation MF-7,L00,L00-Z6,civil,earthworks,51.0,m3,2,3,,,T001506;T001530
2pH6gg6vuZ6okvgjAkoKQN,T001540,STR-FOOT-REBAR,Module foundation MF-7,L00,L00-Z6,concrete,foundations,2.04,t,29,31,,,T001539
2pH6gg6vuZ6okvgjAkoKQN,T001541,STR-EQPAD-POUR,Module foundation MF-7,L00,L00-Z6,concrete,foundations,20.4,m3,87,90,,,T001540
2pH6gg6vuZ6okvgjAkoKQN,T001542,CIV-BACKFILL-COMPACT,Module foundation MF-7,L00,L00-Z6,civil,foundations,20.4,m3,90,91,,,T001541
2sYQAg7k6Enkx5kkM8QHgU,T001543,STR-STEEL-BEAM,Roof beam X B-9-2,L00,L00-Z6,steel,steel,1.02,t,92,93,,,T001559
2sYQAg7k6Enkx5kkM8QHgU,T001544,STR-STEEL-CONN,Roof beam X B-9-2,L00,L00-Z6,steel,steel,1.02,t,93,94,,,T001476;T001543
3CERtvTqhwprCeseWlJy8B,T001545,CIV-EARTH-CUT,Pad footing F-10-3,L00,L00-Z6,civil,earthworks,16.53,m3,2,3,,,T001506;T001530
3CERtvTqhwprCeseWlJy8B,T001546,STR-FOOT-REBAR,Pad footing F-10-3,L00,L00-Z6,concrete,foundations,0.551,t,29,30,,,T001545
3CERtvTqhwprCeseWlJy8B,T001547,STR-FOOT-POUR,Pad footing F-10-3,L00,L00-Z6,concrete,foundations,5.51,m3,60,61,,,T001546
3Ma9DLZEI$JQ2brGyiru2b,T001548,STR-STEEL-BEAM,Roof beam X B-11-2,L00,L00-Z6,steel,steel,0.75,t,92,93,,,T001517
3Ma9DLZEI$JQ2brGyiru2b,T001549,STR-STEEL-CONN,Roof beam X B-11-2,L00,L00-Z6,steel,steel,0.75,t,93,94,,,T001533;T001548
3QSfjYsZ68liv_Fybvl8Ow,T001550,STR-STEEL-BEAM,Roof beam X B-10-2,L00,L00-Z6,steel,steel,1.02,t,92,93,,,T001473
3QSfjYsZ68liv_Fybvl8Ow,T001551,STR-STEEL-CONN,Roof beam X B-10-2,L00,L00-Z6,steel,steel,1.02,t,93,94,,,T001509;T001550
3bIcl1IF50oAdQiRqIKNSW,T001552,STR-STEEL-COL,Steel column C-8-3,L00,L00-Z6,steel,steel,1.0,t,91,92,,,T001505
3bIcl1IF50oAdQiRqIKNSW,T001553,STR-STEEL-CONN,Steel column C-8-3,L00,L00-Z6,steel,steel,1.0,t,93,94,,,T001525;T001537;T001552
3bIcl1IF50oAdQiRqIKNSW,T001554,INS-COATING-APPLY,Steel column C-8-3,L00,L00-Z6,insulation,insulation,22.0,m2,100,101,,,T001553
3cGCf8Np2o_8FQFNN0veF5,T001555,STR-STEEL-BEAM,Roof beam Z B-11-3,L00,L00-Z6,steel,steel,0.65,t,92,93,,,T001481
3cGCf8Np2o_8FQFNN0veF5,T001556,STR-STEEL-CONN,Roof beam Z B-11-3,L00,L00-Z6,steel,steel,0.65,t,93,94,,,T001523;T001555
3cMmBxmZul1FEAF_S2zZCN,T001557,STR-STEEL-BEAM,Roof beam Z B-10-3,L00,L00-Z6,steel,steel,0.6,t,92,93,,,T001527
3cMmBxmZul1FEAF_S2zZCN,T001558,STR-STEEL-CONN,Roof beam Z B-10-3,L00,L00-Z6,steel,steel,0.6,t,93,94,,,T001479;T001557
3eF$2Dpq40BcQwhk6Swgyk,T001559,STR-STEEL-COL,Steel column C-9-2,L00,L00-Z6,steel,steel,1.5,t,91,92,,,T001513
3eF$2Dpq40BcQwhk6Swgyk,T001560,STR-STEEL-CONN,Steel column C-9-2,L00,L00-Z6,steel,steel,1.5,t,93,94,,,T001476;T001543;T001559
3eF$2Dpq40BcQwhk6Swgyk,T001561,INS-COATING-APPLY,Steel column C-9-2,L00,L00-Z6,insulation,insulation,33.0,m2,101,102,,,T001560
3qSLQEgG22mBgj86QkPKoT,T001562,ARC-ROOF-DECK,Roof sheeting R-10-2,L00,L00-Z6,steel,steel,144.0,m2,95,96,,,T001474;T001480;T001482;T001510;T001518;T001524;T001528;T001534;T001549;T001551;T001556;T001558
3wfOUnTq5eymnJ$4GgCuCw,T001563,CIV-EARTH-CUT,Pad footing F-11-2,L00,L00-Z6,civil,earthworks,16.8,m3,2,3,,,T001506;T001530
3wfOUnTq5eymnJ$4GgCuCw,T001564,STR-FOOT-REBAR,Pad footing F-11-2,L00,L00-Z6,concrete,foundations,0.56,t,30,31,,,T001563
3wfOUnTq5eymnJ$4GgCuCw,T001565,STR-FOOT-POUR,Pad footing F-11-2,L00,L00-Z6,concrete,foundations,5.6,m3,60,61,,,T001564
3yVwInOH8ZrhY0ac_Jvzig,T001566,CIV-EARTH-CUT,Pad footing F-10-2,L00,L00-Z6,civil,earthworks,15.99,m3,2,3,,,T001506;T001530
3yVwInOH8ZrhY0ac_Jvzig,T001567,STR-FOOT-REBAR,Pad footing F-10-2,L00,L00-Z6,concrete,foundations,0.533,t,30,31,,,T001566
3yVwInOH8ZrhY0ac_Jvzig,T001568,STR-FOOT-POUR,Pad footing F-10-2,L00,L00-Z6,concrete,foundations,5.33,m3,60,61,,,T001567
05OOvC9hcyPJ5GOrWikvFt,T001569,STR-STEEL-BEAM,Roof beam Z B-3-5,L00,L00-Z7,steel,steel,0.55,t,95,96,,,T001660
05OOvC9hcyPJ5GOrWikvFt,T001570,STR-STEEL-CONN,Roof beam Z B-3-5,L00,L00-Z7,steel,steel,0.55,t,96,97,,,T001569;T001683
0QHTdQFlI4UuwE2$4YZncA,T001571,ARC-CLAD-INSTALL,Cladding W-5,L00,L00-Z7,steel,steel,60.0,m2,97,98,,,T001589;T001612;T001617;T001624
0U4OIcRHRjZGs9WXmKpwAW,T001572,STR-STEEL-BEAM,Roof beam Z B-1-4,L00,L00-Z7,steel,steel,0.78,t,95,96,,,T001655
0U4OIcRHRjZGs9WXmKpwAW,T001573,STR-STEEL-CONN,Roof beam Z B-1-4,L00,L00-Z7,steel,steel,0.78,t,96,97,,,T001572;T001594
0ULHvKMIzj5S_T8XlT5Qkn,T001574,STR-STEEL-COL,Steel column C-0-4,L00,L00-Z7,steel,steel,1.18,t,94,95,,,T001638
0ULHvKMIzj5S_T8XlT5Qkn,T001575,STR-STEEL-CONN,Steel column C-0-4,L00,L00-Z7,steel,steel,1.18,t,96,97,,,T001574;T001609;T001618
0ULHvKMIzj5S_T8XlT5Qkn,T001576,INS-COATING-APPLY,Steel column C-0-4,L00,L00-Z7,insulation,insulation,25.96,m2,140,141,,,T001575
0gYFltpunhN$$lYAsAtNbf,T001577,CIV-EARTH-CUT,Pad footing F-3-5,L00,L00-Z7,civil,earthworks,18.66,m3,2,3,,,T001615;T001677
0gYFltpunhN$$lYAsAtNbf,T001578,STR-FOOT-REBAR,Pad footing F-3-5,L00,L00-Z7,concrete,foundations,0.622,t,30,31,,,T001577
0gYFltpunhN$$lYAsAtNbf,T001579,STR-FOOT-POUR,Pad footing F-3-5,L00,L00-Z7,concrete,foundations,6.22,m3,61,62,,,T001578
0ioMwFwe11QmCfkXNXUYyh,T001580,STR-STEEL-COL,Steel column C-1-5,L00,L00-Z7,steel,steel,1.23,t,94,95,,,T001601
0ioMwFwe11QmCfkXNXUYyh,T001581,STR-STEEL-CONN,Steel column C-1-5,L00,L00-Z7,steel,steel,1.23,t,96,97,,,T001580;T001590;T001653
0ioMwFwe11QmCfkXNXUYyh,T001582,INS-COATING-APPLY,Steel column C-1-5,L00,L00-Z7,insulation,insulation,27.06,m2,140,141,,,T001581
0m56hUzR8mJzMZgd6CHLzK,T001583,PRC-MOD-SET,Process module M-08,L00,L00-Z7,mechanical,equipment,1.0,ea,98,100,,,T001668;T001679
0m56hUzR8mJzMZgd6CHLzK,T001584,PRC-MOD-CONNECT,Process module M-08,L00,L00-Z7,piping,piping,1.0,ea,100,102,,,T001583
0m56hUzR8mJzMZgd6CHLzK,T001585,CX-PROCESS-STARTUP,Process module M-08,L00,L00-Z7,commissioning,commissioning,1.0,ea,165,167,,,T000133;T000134;T000217;T000218;T001584
0m56hUzR8mJzMZgd6CHLzK,T001586,GEN-HANDOVER-DOC,Process module M-08,L00,L00-Z7,commissioning,handover,1.0,ea,177,178,,,T000167;T001585
0mpGYA99r21JCoOdfs2cZw,T001587,ARC-ROOF-DECK,Roof sheeting R-2-4,L00,L00-Z7,steel,steel,144.0,m2,97,98,,,T001570;T001593;T001597;T001607;T001614;T001644;T001652;T001659;T001661;T001673;T001681;T001684
0qkBoHUEFW$BUFegnUsRID,T001588,STR-STEEL-BEAM,Roof beam X B-0-5,L00,L00-Z7,steel,steel,1.06,t,95,96,,,T001623
0qkBoHUEFW$BUFegnUsRID,T001589,STR-STEEL-CONN,Roof beam X B-0-5,L00,L00-Z7,steel,steel,1.06,t,96,97,,,T001588;T001611
0s6cEYkZirVe6N506fRayZ,T001590,STR-STEEL-BEAM,Roof beam Z B-1-5,L00,L00-Z7,steel,steel,0.67,t,95,96,,,T001580
0s6cEYkZirVe6N506fRayZ,T001591,STR-STEEL-CONN,Roof beam Z B-1-5,L00,L00-Z7,steel,steel,0.67,t,96,97,,,T001590;T001653
0tNW_kgcEC1GgkklUZQnBD,T001592,STR-STEEL-BEAM,Roof beam Z B-2-5,L00,L00-Z7,steel,steel,0.86,t,95,96,,,T001680
0tNW_kgcEC1GgkklUZQnBD,T001593,STR-STEEL-CONN,Roof beam Z B-2-5,L00,L00-Z7,steel,steel,0.86,t,96,97,,,T001592;T001672
1$ka5Af$EnawduSqbsO8yl,T001594,STR-STEEL-BEAM,Roof beam X B-1-4,L00,L00-Z7,steel,steel,0.77,t,95,96,,,T001655
1$ka5Af$EnawduSqbsO8yl,T001595,STR-STEEL-CONN,Roof beam X B-1-4,L00,L00-Z7,steel,steel,0.77,t,96,97,,,T001572;T001594
19ZRJNKkFTrgEzzzQKq2V5,T001596,STR-STEEL-COL,Steel column C-2-4,L00,L00-Z7,steel,steel,1.21,t,94,95,,,T001647
19ZRJNKkFTrgEzzzQKq2V5,T001597,STR-STEEL-CONN,Steel column C-2-4,L00,L00-Z7,steel,steel,1.21,t,96,97,,,T001596;T001613;T001658
19ZRJNKkFTrgEzzzQKq2V5,T001598,INS-COATING-APPLY,Steel column C-2-4,L00,L00-Z7,insulation,insulation,26.62,m2,141,142,,,T001597
1Ak82ny5nlW2j8iUDgH5jh,T001599,CIV-EARTH-CUT,Pad footing F-1-5,L00,L00-Z7,civil,earthworks,16.92,m3,2,3,,,T001615;T001677
1Ak82ny5nlW2j8iUDgH5jh,T001600,STR-FOOT-REBAR,Pad footing F-1-5,L00,L00-Z7,concrete,foundations,0.564,t,30,31,,,T001599
1Ak82ny5nlW2j8iUDgH5jh,T001601,STR-FOOT-POUR,Pad footing F-1-5,L00,L00-Z7,concrete,foundations,5.64,m3,61,62,,,T001600
1B1Tq51V797GuNa5eiVbGo,T001602,ARC-CLAD-INSTALL,Cladding W-4,L00,L00-Z7,steel,steel,60.0,m2,97,98,,,T001575;T001610;T001617;T001619
1CYAuYqDSfNomXsVoudmdB,T001603,PIP-PIPE-INSTALL,Process pipe P-104 seg 1,L00,L00-Z7,piping,piping,6.0,m,128,129,,,T000836;T001306;T001573;T001595;T001656;T001670
1CYAuYqDSfNomXsVoudmdB,T001604,PIP-PIPE-TEST,Process pipe P-104 seg 1,L00,L00-Z7,piping,piping,6.0,m,131,132,,,T000150;T001603;T001629;T001663
1CYAuYqDSfNomXsVoudmdB,T001605,CX-PIPE-FLUSH,Process pipe P-104 seg 1,L00,L00-Z7,commissioning,precommissioning,6.0,m,133,134,,,T001604
1H5I7LXNp2aARvyzLSqINX,T001606,STR-STEEL-COL,Steel column C-3-4,L00,L00-Z7,steel,steel,0.99,t,94,95,,,T001622
1H5I7LXNp2aARvyzLSqINX,T001607,STR-STEEL-CONN,Steel column C-3-4,L00,L00-Z7,steel,steel,0.99,t,96,97,,,T001606;T001643;T001651
1H5I7LXNp2aARvyzLSqINX,T001608,INS-COATING-APPLY,Steel column C-3-4,L00,L00-Z7,insulation,insulation,21.78,m2,141,142,,,T001607
1KBW4AFckLs0Vc5buH_ejQ,T001609,STR-STEEL-BEAM,Roof beam Z B-0-4,L00,L00-Z7,steel,steel,0.55,t,95,96,,,T001574
1KBW4AFckLs0Vc5buH_ejQ,T001610,STR-STEEL-CONN,Roof beam Z B-0-4,L00,L00-Z7,steel,steel,0.55,t,96,97,,,T001609;T001618
1OJTFGp4ZOIs2PB6mqdTSh,T001611,STR-STEEL-BEAM,Roof beam Z B-0-5,L00,L00-Z7,steel,steel,0.78,t,95,96,,,T001623
1OJTFGp4ZOIs2PB6mqdTSh,T001612,STR-STEEL-CONN,Roof beam Z B-0-5,L00,L00-Z7,steel,steel,0.78,t,96,97,,,T001588;T001611
1Q9YOlKrJetm3V9YFEq8gB,T001613,STR-STEEL-BEAM,Roof beam Z B-2-4,L00,L00-Z7,steel,steel,0.77,t,95,96,,,T001596
1Q9YOlKrJetm3V9YFEq8gB,T001614,STR-STEEL-CONN,Roof beam Z B-2-4,L00,L00-Z7,steel,steel,0.77,t,96,97,,,T001613;T001658
1VIfVo_IYrmv9BpZlw_f0B,T001615,GEN-SITE-PREP,Ground slab S-0-4,L00,L00-Z7,civil,mobilise,144.0,m2,1,2,,,
1VIfVo_IYrmv9BpZlw_f0B,T001616,CIV-EARTH-FILL,Ground slab S-0-4,L00,L00-Z7,civil,earthworks,43.2,m3,3,4,,,T001577;T001599;T001615;T001620;T001630;T001633;T001636;T001645;T001666;T001674
1VIfVo_IYrmv9BpZlw_f0B,T001617,STR-GSLAB-POUR,Ground slab S-0-4,L00,L00-Z7,concrete,foundations,43.2,m3,88,92,,,T001601;T001616;T001632;T001638;T001676
1aL0CRykNuDNjmsRTqEeFx,T001618,STR-STEEL-BEAM,Roof beam X B-0-4,L00,L00-Z7,steel,steel,1.02,t,95,96,,,T001574
1aL0CRykNuDNjmsRTqEeFx,T001619,STR-STEEL-CONN,Roof beam X B-0-4,L00,L00-Z7,steel,steel,1.02,t,96,97,,,T001609;T001618
1j9o5t2w9esprbEp2fLwkB,T001620,CIV-EARTH-CUT,Pad footing F-3-4,L00,L00-Z7,civil,earthworks,16.71,m3,2,3,,,T001615;T001677
1j9o5t2w9esprbEp2fLwkB,T001621,STR-FOOT-REBAR,Pad footing F-3-4,L00,L00-Z7,concrete,foundations,0.557,t,30,31,,,T001620
1j9o5t2w9esprbEp2fLwkB,T001622,STR-FOOT-POUR,Pad footing F-3-4,L00,L00-Z7,concrete,foundations,5.57,m3,61,62,,,T001621
1jJDFA$05zle$Z_NZoSG6s,T001623,STR-STEEL-COL,Steel column C-0-5,L00,L00-Z7,steel,steel,1.04,t,94,95,,,T001632
1jJDFA$05zle$Z_NZoSG6s,T001624,STR-STEEL-CONN,Steel column C-0-5,L00,L00-Z7,steel,steel,1.04,t,96,97,,,T001588;T001611;T001623
1jJDFA$05zle$Z_NZoSG6s,T001625,INS-COATING-APPLY,Steel column C-0-5,L00,L00-Z7,insulation,insulation,22.88,m2,141,142,,,T001624
1pSShlDSDolk3_Xnf2f_aX,T001626,PIP-PIPE-INSTALL,Process pipe P-101 seg 3,L00,L00-Z7,piping,piping,6.0,m,128,129,,,T000015;T000607;T000873;T001239;T001573;T001595;T001656
1pSShlDSDolk3_Xnf2f_aX,T001627,PIP-PIPE-TEST,Process pipe P-101 seg 3,L00,L00-Z7,piping,piping,6.0,m,132,133,,,T000206;T001264;T001324;T001626
1pSShlDSDolk3_Xnf2f_aX,T001628,CX-PIPE-FLUSH,Process pipe P-101 seg 3,L00,L00-Z7,commissioning,precommissioning,6.0,m,133,134,,,T001627
1qDTRyq0hNV5WfCpg2LkZc,T001629,PIP-FITTING-INSTALL,Isolation valve P-104-1,L00,L00-Z7,piping,piping,1.0,ea,129,130,,,T000189;T000243;T001603;T001626;T001648
1sEaUcF6Urw8E$2UIbs0jU,T001630,CIV-EARTH-CUT,Pad footing F-0-5,L00,L00-Z7,civil,earthworks,15.03,m3,2,3,,,T001615;T001677
1sEaUcF6Urw8E$2UIbs0jU,T001631,STR-FOOT-REBAR,Pad footing F-0-5,L00,L00-Z7,concrete,foundations,0.501,t,31,32,,,T001630
1sEaUcF6Urw8E$2UIbs0jU,T001632,STR-FOOT-POUR,Pad footing F-0-5,L00,L00-Z7,concrete,foundations,5.01,m3,61,62,,,T001631
1xzNH8w4bP5P5edoyW4Oaj,T001633,CIV-EARTH-CUT,Pad footing F-2-5,L00,L00-Z7,civil,earthworks,18.39,m3,2,3,,,T001615;T001677
1xzNH8w4bP5P5edoyW4Oaj,T001634,STR-FOOT-REBAR,Pad footing F-2-5,L00,L00-Z7,concrete,foundations,0.613,t,31,32,,,T001633
1xzNH8w4bP5P5edoyW4Oaj,T001635,STR-FOOT-POUR,Pad footing F-2-5,L00,L00-Z7,concrete,foundations,6.13,m3,62,63,,,T001634
2EZSs3Y3NYdhi0NIp8I3BR,T001636,CIV-EARTH-CUT,Pad footing F-0-4,L00,L00-Z7,civil,earthworks,18.57,m3,2,3,,,T001615;T001677
2EZSs3Y3NYdhi0NIp8I3BR,T001637,STR-FOOT-REBAR,Pad footing F-0-4,L00,L00-Z7,concrete,foundations,0.619,t,31,32,,,T001636
2EZSs3Y3NYdhi0NIp8I3BR,T001638,STR-FOOT-POUR,Pad footing F-0-4,L00,L00-Z7,concrete,foundations,6.19,m3,62,63,,,T001637
2F9EzzL6PgUY4BkQodBfbw,T001639,PIP-PIPE-INSTALL,Process pipe P-101 seg 4,L00,L00-Z7,piping,piping,6.0,m,128,129,,,T000015;T000607;T000873;T001239;T001581;T001591;T001654
2F9EzzL6PgUY4BkQodBfbw,T001640,PIP-PIPE-TEST,Process pipe P-101 seg 4,L00,L00-Z7,piping,piping,6.0,m,132,133,,,T000206;T001264;T001324;T001639
2F9EzzL6PgUY4BkQodBfbw,T001641,CX-PIPE-FLUSH,Process pipe P-101 seg 4,L00,L00-Z7,commissioning,precommissioning,6.0,m,133,134,,,T001640
2KlgqRV142Do_5Kac3TV4Y,T001642,ARC-ROOF-DECK,Roof sheeting R-0-4,L00,L00-Z7,steel,steel,144.0,m2,97,98,,,T001573;T001575;T001581;T001589;T001591;T001595;T001610;T001612;T001619;T001624;T001654;T001656
2YISZ1CmSmDFMd_CiaYC6L,T001643,STR-STEEL-BEAM,Roof beam Z B-3-4,L00,L00-Z7,steel,steel,0.65,t,95,96,,,T001606
2YISZ1CmSmDFMd_CiaYC6L,T001644,STR-STEEL-CONN,Roof beam Z B-3-4,L00,L00-Z7,steel,steel,0.65,t,96,97,,,T001643;T001651
2_d5So70QcRHWbfF0$tMGm,T001645,CIV-EARTH-CUT,Pad footing F-2-4,L00,L00-Z7,civil,earthworks,16.08,m3,2,3,,,T001615;T001677
2_d5So70QcRHWbfF0$tMGm,T001646,STR-FOOT-REBAR,Pad footing F-2-4,L00,L00-Z7,concrete,foundations,0.536,t,31,32,,,T001645
2_d5So70QcRHWbfF0$tMGm,T001647,STR-FOOT-POUR,Pad footing F-2-4,L00,L00-Z7,concrete,foundations,5.36,m3,62,63,,,T001646
2e6EFHN7zkVm5iE9yAs7To,T001648,PIP-PIPE-INSTALL,Process pipe P-104 seg 2,L00,L00-Z7,piping,piping,6.0,m,128,129,,,T000836;T001306;T001581;T001591;T001654;T001670
2e6EFHN7zkVm5iE9yAs7To,T001649,PIP-PIPE-TEST,Process pipe P-104 seg 2,L00,L00-Z7,piping,piping,6.0,m,131,132,,,T000150;T001629;T001648;T001663
2e6EFHN7zkVm5iE9yAs7To,T001650,CX-PIPE-FLUSH,Process pipe P-104 seg 2,L00,L00-Z7,commissioning,precommissioning,6.0,m,133,134,,,T001649
2pjyp_ZIwDFW_$TH3C68$3,T001651,STR-STEEL-BEAM,Roof beam X B-3-4,L00,L00-Z7,steel,steel,1.16,t,95,96,,,T001606
2pjyp_ZIwDFW_$TH3C68$3,T001652,STR-STEEL-CONN,Roof beam X B-3-4,L00,L00-Z7,steel,steel,1.16,t,96,97,,,T001643;T001651
2uqW7_lEesyVZIkyld246U,T001653,STR-STEEL-BEAM,Roof beam X B-1-5,L00,L00-Z7,steel,steel,0.81,t,95,96,,,T001580
2uqW7_lEesyVZIkyld246U,T001654,STR-STEEL-CONN,Roof beam X B-1-5,L00,L00-Z7,steel,steel,0.81,t,96,97,,,T001590;T001653
355fDZXMmmk9WmSpji_z0H,T001655,STR-STEEL-COL,Steel column C-1-4,L00,L00-Z7,steel,steel,1.23,t,94,95,,,T001676
355fDZXMmmk9WmSpji_z0H,T001656,STR-STEEL-CONN,Steel column C-1-4,L00,L00-Z7,steel,steel,1.23,t,96,97,,,T001572;T001594;T001655
355fDZXMmmk9WmSpji_z0H,T001657,INS-COATING-APPLY,Steel column C-1-4,L00,L00-Z7,insulation,insulation,27.06,m2,141,142,,,T001656
3DouAFIopDL8kPhPpFTs$Z,T001658,STR-STEEL-BEAM,Roof beam X B-2-4,L00,L00-Z7,steel,steel,0.81,t,95,96,,,T001596
3DouAFIopDL8kPhPpFTs$Z,T001659,STR-STEEL-CONN,Roof beam X B-2-4,L00,L00-Z7,steel,steel,0.81,t,96,97,,,T001613;T001658
3He_cW6oCK7RWyCvgXkkWi,T001660,STR-STEEL-COL,Steel column C-3-5,L00,L00-Z7,steel,steel,1.02,t,94,95,,,T001579
3He_cW6oCK7RWyCvgXkkWi,T001661,STR-STEEL-CONN,Steel column C-3-5,L00,L00-Z7,steel,steel,1.02,t,96,97,,,T001569;T001660;T001683
3He_cW6oCK7RWyCvgXkkWi,T001662,INS-COATING-APPLY,Steel column C-3-5,L00,L00-Z7,insulation,insulation,22.44,m2,141,142,,,T001661
3IXFCse4ObZ3rp8yz8GX50,T001663,PIP-FITTING-INSTALL,Isolation valve P-104-2,L00,L00-Z7,piping,piping,1.0,ea,129,130,,,T000189;T000243;T001603;T001639;T001648
3KNFMJbNvszydpHe8n3DAM,T001664,IC-INSTR-INSTALL,Pressure transmitter P-104,L00,L00-Z7,instrumentation,electrical_instrumentation,1.0,ea,129,130,,,T001603;T001626
3KNFMJbNvszydpHe8n3DAM,T001665,IC-LOOP-CHECK,Pressure transmitter P-104,L00,L00-Z7,instrumentation,precommissioning,1.0,ea,133,134,,,T001664
3LCL8jF_0kCtDEtRlgAexy,T001666,CIV-EARTH-CUT,Module foundation MF-8,L00,L00-Z7,civil,earthworks,33.25,m3,2,3,,,T001615;T001677
3LCL8jF_0kCtDEtRlgAexy,T001667,STR-FOOT-REBAR,Module foundation MF-8,L00,L00-Z7,concrete,foundations,1.33,t,63,64,,,T001666
3LCL8jF_0kCtDEtRlgAexy,T001668,STR-EQPAD-POUR,Module foundation MF-8,L00,L00-Z7,concrete,foundations,13.3,m3,88,91,,,T001667
3LCL8jF_0kCtDEtRlgAexy,T001669,CIV-BACKFILL-COMPACT,Module foundation MF-8,L00,L00-Z7,civil,foundations,13.3,m3,91,92,,,T001668
3T5tHXozJu8s28Bc9REVjK,T001670,PRC-PUMP-SET,Pump P-104A,L00,L00-Z7,mechanical,equipment,1.0,ea,98,99,,,T001617
3T5tHXozJu8s28Bc9REVjK,T001671,CX-PROCESS-STARTUP,Pump P-104A,L00,L00-Z7,commissioning,commissioning,1.0,ea,165,167,,,T000190;T000191;T000244;T000245;T000837;T001604;T001605;T001649;T001650;T001670
3dkFUun1oWcBUcQKueq4ZA,T001672,STR-STEEL-BEAM,Roof beam X B-2-5,L00,L00-Z7,steel,steel,0.85,t,95,96,,,T001680
3dkFUun1oWcBUcQKueq4ZA,T001673,STR-STEEL-CONN,Roof beam X B-2-5,L00,L00-Z7,steel,steel,0.85,t,96,97,,,T001592;T001672
3hKldfA6JK6AYus_urYREi,T001674,CIV-EARTH-CUT,Pad footing F-1-4,L00,L00-Z7,civil,earthworks,15.75,m3,2,3,,,T001615;T001677
3hKldfA6JK6AYus_urYREi,T001675,STR-FOOT-REBAR,Pad footing F-1-4,L00,L00-Z7,concrete,foundations,0.525,t,31,32,,,T001674
3hKldfA6JK6AYus_urYREi,T001676,STR-FOOT-POUR,Pad footing F-1-4,L00,L00-Z7,concrete,foundations,5.25,m3,63,64,,,T001675
3j8oRsR$YfahG_h65Cw2FK,T001677,GEN-SITE-PREP,Ground slab S-2-4,L00,L00-Z7,civil,mobilise,144.0,m2,1,2,,,
3j8oRsR$YfahG_h65Cw2FK,T001678,CIV-EARTH-FILL,Ground slab S-2-4,L00,L00-Z7,civil,earthworks,43.2,m3,3,4,,,T001577;T001599;T001620;T001630;T001633;T001636;T001645;T001666;T001674;T001677
3j8oRsR$YfahG_h65Cw2FK,T001679,STR-GSLAB-POUR,Ground slab S-2-4,L00,L00-Z7,concrete,foundations,43.2,m3,90,94,,,T001579;T001622;T001635;T001647;T001678
3sQrlkpZvNGTCYUtmPIJy1,T001680,STR-STEEL-COL,Steel column C-2-5,L00,L00-Z7,steel,steel,1.16,t,94,95,,,T001635
3sQrlkpZvNGTCYUtmPIJy1,T001681,STR-STEEL-CONN,Steel column C-2-5,L00,L00-Z7,steel,steel,1.16,t,96,97,,,T001592;T001672;T001680
3sQrlkpZvNGTCYUtmPIJy1,T001682,INS-COATING-APPLY,Steel column C-2-5,L00,L00-Z7,insulation,insulation,25.52,m2,141,142,,,T001681
3yqgsCKX8jrfw36NuH0pPd,T001683,STR-STEEL-BEAM,Roof beam X B-3-5,L00,L00-Z7,steel,steel,1.19,t,95,96,,,T001660
3yqgsCKX8jrfw36NuH0pPd,T001684,STR-STEEL-CONN,Roof beam X B-3-5,L00,L00-Z7,steel,steel,1.19,t,96,97,,,T001569;T001683
04McL_tHdn_E_yyK7oX$mj,T001685,STR-STEEL-BEAM,Roof beam X B-5-4,L00,L00-Z8,steel,steel,0.97,t,72,73,,,T001742
04McL_tHdn_E_yyK7oX$mj,T001686,STR-STEEL-CONN,Roof beam X B-5-4,L00,L00-Z8,steel,steel,0.97,t,73,74,,,T001685;T001782
08ouya8siMZWWkXXs6Qk8y,T001687,PIP-PIPE-INSTALL,Process pipe P-105 seg 1,L00,L00-Z8,piping,piping,6.0,m,128,129,,,T000804;T001453;T001748;T001785;T001803;T001811
08ouya8siMZWWkXXs6Qk8y,T001688,PIP-PIPE-TEST,Process pipe P-105 seg 1,L00,L00-Z8,piping,piping,6.0,m,131,132,,,T000355;T001687;T001692;T001812
08ouya8siMZWWkXXs6Qk8y,T001689,CX-PIPE-FLUSH,Process pipe P-105 seg 1,L00,L00-Z8,commissioning,precommissioning,6.0,m,132,133,,,T001688
0EKVGqevzHXMfaPArlNomS,T001690,STR-STEEL-BEAM,Roof beam X B-4-5,L00,L00-Z8,steel,steel,0.89,t,72,73,,,T001711
0EKVGqevzHXMfaPArlNomS,T001691,STR-STEEL-CONN,Roof beam X B-4-5,L00,L00-Z8,steel,steel,0.89,t,73,74,,,T001690;T001787
0HOJva_AvuoQVbL_L3OmL9,T001692,PIP-FITTING-INSTALL,Isolation valve P-105-1,L00,L00-Z8,piping,piping,1.0,ea,130,131,,,T000260;T000274;T001687;T001759;T001796
0IGk$0268pShqZ6wLRHZyM,T001693,PIP-PIPE-INSTALL,Process pipe P-106 seg 1,L00,L00-Z8,piping,piping,6.0,m,128,129,,,T000768;T001404;T001708;T001710;T001792;T001800
0IGk$0268pShqZ6wLRHZyM,T001694,PIP-PIPE-TEST,Process pipe P-106 seg 1,L00,L00-Z8,piping,piping,6.0,m,131,132,,,T000263;T001693;T001806;T001813
0IGk$0268pShqZ6wLRHZyM,T001695,CX-PIPE-FLUSH,Process pipe P-106 seg 1,L00,L00-Z8,commissioning,precommissioning,6.0,m,132,133,,,T001694
0Rz9GSu11hFsGz9TnBDDel,T001696,GEN-SITE-PREP,Ground slab S-6-4,L00,L00-Z8,civil,mobilise,144.0,m2,0,1,,,
0Rz9GSu11hFsGz9TnBDDel,T001697,CIV-EARTH-FILL,Ground slab S-6-4,L00,L00-Z8,civil,earthworks,43.2,m3,2,3,,,T001696;T001701;T001704;T001722;T001726;T001738;T001745;T001752;T001765;T001779
0Rz9GSu11hFsGz9TnBDDel,T001698,STR-GSLAB-POUR,Ground slab S-6-4,L00,L00-Z8,concrete,foundations,43.2,m3,63,67,,,T001697;T001706;T001728;T001747;T001781
0TBxPXL6psXJBlLF1tw$FS,T001699,STR-STEEL-BEAM,Roof beam X B-5-5,L00,L00-Z8,steel,steel,0.71,t,72,73,,,T001762
0TBxPXL6psXJBlLF1tw$FS,T001700,STR-STEEL-CONN,Roof beam X B-5-5,L00,L00-Z8,steel,steel,0.71,t,73,74,,,T001699;T001720
0VtpAodhSgL9EOiiIUDIWP,T001701,CIV-EARTH-CUT,Pad footing F-4-4,L00,L00-Z8,civil,earthworks,16.11,m3,1,2,,,T001696;T001818
0VtpAodhSgL9EOiiIUDIWP,T001702,STR-FOOT-REBAR,Pad footing F-4-4,L00,L00-Z8,concrete,foundations,0.537,t,11,12,,,T001701
0VtpAodhSgL9EOiiIUDIWP,T001703,STR-FOOT-POUR,Pad footing F-4-4,L00,L00-Z8,concrete,foundations,5.37,m3,31,32,,,T001702
0XXvRa_PFH9vMuBei8bcKM,T001704,CIV-EARTH-CUT,Pad footing F-6-5,L00,L00-Z8,civil,earthworks,18.99,m3,1,2,,,T001696;T001818
0XXvRa_PFH9vMuBei8bcKM,T001705,STR-FOOT-REBAR,Pad footing F-6-5,L00,L00-Z8,concrete,foundations,0.633,t,12,13,,,T001704
0XXvRa_PFH9vMuBei8bcKM,T001706,STR-FOOT-POUR,Pad footing F-6-5,L00,L00-Z8,concrete,foundations,6.33,m3,32,33,,,T001705
0dEhL2f4wsrY2y2emnfC_C,T001707,STR-STEEL-BEAM,Roof beam X B-7-4,L00,L00-Z8,steel,steel,1.06,t,72,73,,,T001799
0dEhL2f4wsrY2y2emnfC_C,T001708,STR-STEEL-CONN,Roof beam X B-7-4,L00,L00-Z8,steel,steel,1.06,t,73,74,,,T001707;T001709
0hVFbczbXR0oRd4x_7j0wg,T001709,STR-STEEL-BEAM,Roof beam Z B-7-4,L00,L00-Z8,steel,steel,0.65,t,72,73,,,T001799
0hVFbczbXR0oRd4x_7j0wg,T001710,STR-STEEL-CONN,Roof beam Z B-7-4,L00,L00-Z8,steel,steel,0.65,t,73,74,,,T001707;T001709
0iPMajf_vAmaxILhrp9AKh,T001711,STR-STEEL-COL,Steel column C-4-5,L00,L00-Z8,steel,steel,0.91,t,71,72,,,T001767
0iPMajf_vAmaxILhrp9AKh,T001712,STR-STEEL-CONN,Steel column C-4-5,L00,L00-Z8,steel,steel,0.91,t,73,74,,,T001690;T001711;T001787
0iPMajf_vAmaxILhrp9AKh,T001713,INS-COATING-APPLY,Steel column C-4-5,L00,L00-Z8,insulation,insulation,20.02,m2,141,142,,,T001712
0oTvlzDdgIACLQ_VAIpyT7,T001714,ARC-ROOF-DECK,Roof sheeting R-6-4,L00,L00-Z8,steel,steel,144.0,m2,74,75,,,T001708;T001710;T001716;T001734;T001736;T001751;T001772;T001774;T001790;T001795;T001800;T001808
0p1O0siV5vLSM9kHj6s$mL,T001715,STR-STEEL-BEAM,Roof beam Z B-6-4,L00,L00-Z8,steel,steel,0.7,t,72,73,,,T001735
0p1O0siV5vLSM9kHj6s$mL,T001716,STR-STEEL-CONN,Roof beam Z B-6-4,L00,L00-Z8,steel,steel,0.7,t,73,74,,,T001715;T001771
0v_xFW42XU8Y0eV8eM5W4c,T001717,PIP-PIPE-INSTALL,Process pipe P-103 seg 3,L00,L00-Z8,piping,piping,6.0,m,129,130,,,T000695;T001049;T001413;T001708;T001710;T001800
0v_xFW42XU8Y0eV8eM5W4c,T001718,PIP-PIPE-TEST,Process pipe P-103 seg 3,L00,L00-Z8,piping,piping,6.0,m,131,132,,,T000290;T001342;T001368;T001717
0v_xFW42XU8Y0eV8eM5W4c,T001719,CX-PIPE-FLUSH,Process pipe P-103 seg 3,L00,L00-Z8,commissioning,precommissioning,6.0,m,132,133,,,T001718
0wXcSbYFLS5Ub5IZHY6VQE,T001720,STR-STEEL-BEAM,Roof beam Z B-5-5,L00,L00-Z8,steel,steel,0.73,t,72,73,,,T001762
0wXcSbYFLS5Ub5IZHY6VQE,T001721,STR-STEEL-CONN,Roof beam Z B-5-5,L00,L00-Z8,steel,steel,0.73,t,73,74,,,T001699;T001720
19M$xvfeJu8yucZ7j9dxv4,T001722,CIV-EARTH-CUT,Pad footing F-5-4,L00,L00-Z8,civil,earthworks,14.55,m3,1,2,,,T001696;T001818
19M$xvfeJu8yucZ7j9dxv4,T001723,STR-FOOT-REBAR,Pad footing F-5-4,L00,L00-Z8,concrete,foundations,0.485,t,12,13,,,T001722
19M$xvfeJu8yucZ7j9dxv4,T001724,STR-FOOT-POUR,Pad footing F-5-4,L00,L00-Z8,concrete,foundations,4.85,m3,32,33,,,T001723
1CXymbsBSqZzaVm2$olDvS,T001725,ARC-ROOF-DECK,Roof sheeting R-4-4,L00,L00-Z8,steel,steel,144.0,m2,74,75,,,T001686;T001691;T001700;T001712;T001721;T001743;T001763;T001783;T001785;T001788;T001803;T001811
1FPHU$3klxGB8dozqq9Ge9,T001726,CIV-EARTH-CUT,Pad footing F-7-5,L00,L00-Z8,civil,earthworks,18.27,m3,1,2,,,T001696;T001818
1FPHU$3klxGB8dozqq9Ge9,T001727,STR-FOOT-REBAR,Pad footing F-7-5,L00,L00-Z8,concrete,foundations,0.609,t,12,13,,,T001726
1FPHU$3klxGB8dozqq9Ge9,T001728,STR-FOOT-POUR,Pad footing F-7-5,L00,L00-Z8,concrete,foundations,6.09,m3,32,33,,,T001727
1QB2JLi3BcPzZO7P0ryAQ$,T001729,PIP-PIPE-INSTALL,Process pipe P-102 seg 4,L00,L00-Z8,piping,piping,6.0,m,121,122,,,T000562;T001080;T001408;T001691;T001712;T001788
1QB2JLi3BcPzZO7P0ryAQ$,T001730,PIP-PIPE-TEST,Process pipe P-102 seg 4,L00,L00-Z8,piping,piping,6.0,m,131,132,,,T000328;T001366;T001367;T001729
1QB2JLi3BcPzZO7P0ryAQ$,T001731,CX-PIPE-FLUSH,Process pipe P-102 seg 4,L00,L00-Z8,commissioning,precommissioning,6.0,m,132,133,,,T001730
1Ulkh0o9TH$O5RctBhnNsJ,T001732,ARC-RAIL-INSTALL,Handrail ST-3-2,L00,L00-Z8,steel,steel,6.0,m,75,76,,,T001716;T001736;T001741;T001772
1Ya$mGtQRaOrNqI3bXUvVl,T001733,STR-STEEL-BEAM,Roof beam X B-6-5,L00,L00-Z8,steel,steel,1.13,t,72,73,,,T001789
1Ya$mGtQRaOrNqI3bXUvVl,T001734,STR-STEEL-CONN,Roof beam X B-6-5,L00,L00-Z8,steel,steel,1.13,t,73,74,,,T001733;T001773
1eqkDJsWXskZoQqzMlzWdi,T001735,STR-STEEL-COL,Steel column C-6-4,L00,L00-Z8,steel,steel,1.16,t,71,72,,,T001747
1eqkDJsWXskZoQqzMlzWdi,T001736,STR-STEEL-CONN,Steel column C-6-4,L00,L00-Z8,steel,steel,1.16,t,73,74,,,T001715;T001735;T001771
1eqkDJsWXskZoQqzMlzWdi,T001737,INS-COATING-APPLY,Steel column C-6-4,L00,L00-Z8,insulation,insulation,25.52,m2,141,142,,,T001736
1kkn4Jvllu9HkoeZVE3N$n,T001738,CIV-EARTH-CUT,Pad footing F-5-5,L00,L00-Z8,civil,earthworks,14.25,m3,1,2,,,T001696;T001818
1kkn4Jvllu9HkoeZVE3N$n,T001739,STR-FOOT-REBAR,Pad footing F-5-5,L00,L00-Z8,concrete,foundations,0.475,t,12,13,,,T001738
1kkn4Jvllu9HkoeZVE3N$n,T001740,STR-FOOT-POUR,Pad footing F-5-5,L00,L00-Z8,concrete,foundations,4.75,m3,32,33,,,T001739
1w0IPMcdANUQtBVJl0zKiC,T001741,ARC-STAIR-INSTALL,Access stair ST-3,L00,L00-Z8,steel,steel,1.0,ea,74,75,,,T001716;T001736;T001772
25sTzmiCsHWzTAaqWO00F0,T001742,STR-STEEL-COL,Steel column C-5-4,L00,L00-Z8,steel,steel,1.27,t,71,72,,,T001724
25sTzmiCsHWzTAaqWO00F0,T001743,STR-STEEL-CONN,Steel column C-5-4,L00,L00-Z8,steel,steel,1.27,t,73,74,,,T001685;T001742;T001782
25sTzmiCsHWzTAaqWO00F0,T001744,INS-COATING-APPLY,Steel column C-5-4,L00,L00-Z8,insulation,insulation,27.94,m2,142,143,,,T001743
29Bnx5vOfyJ7vDhAM5VuuK,T001745,CIV-EARTH-CUT,Pad footing F-6-4,L00,L00-Z8,civil,earthworks,13.83,m3,1,2,,,T001696;T001818
29Bnx5vOfyJ7vDhAM5VuuK,T001746,STR-FOOT-REBAR,Pad footing F-6-4,L00,L00-Z8,concrete,foundations,0.461,t,12,13,,,T001745
29Bnx5vOfyJ7vDhAM5VuuK,T001747,STR-FOOT-POUR,Pad footing F-6-4,L00,L00-Z8,concrete,foundations,4.61,m3,33,34,,,T001746
2MdGFTfWkY64sWdlaxhIP9,T001748,PRC-PUMP-SET,Pump P-105A,L00,L00-Z8,mechanical,equipment,1.0,ea,76,77,,,T001820
2MdGFTfWkY64sWdlaxhIP9,T001749,CX-PROCESS-STARTUP,Pump P-105A,L00,L00-Z8,commissioning,commissioning,1.0,ea,167,169,,,T000261;T000262;T000275;T000276;T000805;T001688;T001689;T001748;T001797;T001798
2QoJvTtlIzB$NwNMO_Na2d,T001750,STR-STEEL-BEAM,Roof beam Z B-7-5,L00,L00-Z8,steel,steel,0.59,t,72,73,,,T001807
2QoJvTtlIzB$NwNMO_Na2d,T001751,STR-STEEL-CONN,Roof beam Z B-7-5,L00,L00-Z8,steel,steel,0.59,t,73,74,,,T001750;T001794
2UHawNk7kUSVXP4U9Ak$p3,T001752,CIV-EARTH-CUT,Module foundation MF-9,L00,L00-Z8,civil,earthworks,35.0,m3,1,2,,,T001696;T001818
2UHawNk7kUSVXP4U9Ak$p3,T001753,STR-FOOT-REBAR,Module foundation MF-9,L00,L00-Z8,concrete,foundations,1.4,t,33,34,,,T001752
2UHawNk7kUSVXP4U9Ak$p3,T001754,STR-EQPAD-POUR,Module foundation MF-9,L00,L00-Z8,concrete,foundations,14.0,m3,64,67,,,T001753
2UHawNk7kUSVXP4U9Ak$p3,T001755,CIV-BACKFILL-COMPACT,Module foundation MF-9,L00,L00-Z8,civil,foundations,14.0,m3,67,68,,,T001754
2Z07B_NKXvUBHr9nl0z87i,T001756,PIP-PIPE-INSTALL,Process pipe P-106 seg 2,L00,L00-Z8,piping,piping,6.0,m,129,130,,,T000768;T001404;T001751;T001792;T001795;T001808
2Z07B_NKXvUBHr9nl0z87i,T001757,PIP-PIPE-TEST,Process pipe P-106 seg 2,L00,L00-Z8,piping,piping,6.0,m,131,132,,,T000263;T001756;T001806;T001813
2Z07B_NKXvUBHr9nl0z87i,T001758,CX-PIPE-FLUSH,Process pipe P-106 seg 2,L00,L00-Z8,commissioning,precommissioning,6.0,m,132,133,,,T001757
2_xuiQljNUo75P2ZcUnAfE,T001759,PIP-PIPE-INSTALL,Process pipe P-102 seg 3,L00,L00-Z8,piping,piping,6.0,m,121,122,,,T000562;T001080;T001408;T001785;T001803;T001811
2_xuiQljNUo75P2ZcUnAfE,T001760,PIP-PIPE-TEST,Process pipe P-102 seg 3,L00,L00-Z8,piping,piping,6.0,m,131,132,,,T000328;T001366;T001367;T001759
2_xuiQljNUo75P2ZcUnAfE,T001761,CX-PIPE-FLUSH,Process pipe P-102 seg 3,L00,L00-Z8,commissioning,precommissioning,6.0,m,132,133,,,T001760
2bYoYukvqLN2GUWAQLoDC8,T001762,STR-STEEL-COL,Steel column C-5-5,L00,L00-Z8,steel,steel,1.06,t,71,72,,,T001740
2bYoYukvqLN2GUWAQLoDC8,T001763,STR-STEEL-CONN,Steel column C-5-5,L00,L00-Z8,steel,steel,1.06,t,73,74,,,T001699;T001720;T001762
2bYoYukvqLN2GUWAQLoDC8,T001764,INS-COATING-APPLY,Steel column C-5-5,L00,L00-Z8,insulation,insulation,23.32,m2,142,143,,,T001763
2bdvsLuiv5jtZ79pkK3Iu4,T001765,CIV-EARTH-CUT,Pad footing F-4-5,L00,L00-Z8,civil,earthworks,14.13,m3,1,2,,,T001696;T001818
2bdvsLuiv5jtZ79pkK3Iu4,T001766,STR-FOOT-REBAR,Pad footing F-4-5,L00,L00-Z8,concrete,foundations,0.471,t,13,14,,,T001765
2bdvsLuiv5jtZ79pkK3Iu4,T001767,STR-FOOT-POUR,Pad footing F-4-5,L00,L00-Z8,concrete,foundations,4.71,m3,33,34,,,T001766
2dnz4XrMKoDxAiCp1KeGnw,T001768,ARC-RAIL-INSTALL,Handrail ST-3-3,L00,L00-Z8,steel,steel,6.0,m,75,76,,,T001716;T001736;T001741;T001772
2dqeC40P2wpN0lZgmu9g25,T001769,IC-INSTR-INSTALL,Pressure transmitter P-105,L00,L00-Z8,instrumentation,electrical_instrumentation,1.0,ea,129,130,,,T001687;T001759
2dqeC40P2wpN0lZgmu9g25,T001770,IC-LOOP-CHECK,Pressure transmitter P-105,L00,L00-Z8,instrumentation,precommissioning,1.0,ea,132,133,,,T001769
2f735Gki3hmCsijqi7VVUd,T001771,STR-STEEL-BEAM,Roof beam X B-6-4,L00,L00-Z8,steel,steel,1.16,t,72,73,,,T001735
2f735Gki3hmCsijqi7VVUd,T001772,STR-STEEL-CONN,Roof beam X B-6-4,L00,L00-Z8,steel,steel,1.16,t,73,74,,,T001715;T001771
2lfAXHqbf71jSZMW2DmWQu,T001773,STR-STEEL-BEAM,Roof beam Z B-6-5,L00,L00-Z8,steel,steel,0.5,t,72,73,,,T001789
2lfAXHqbf71jSZMW2DmWQu,T001774,STR-STEEL-CONN,Roof beam Z B-6-5,L00,L00-Z8,steel,steel,0.5,t,73,74,,,T001733;T001773
2lxnY$gwpYgPkUtlyYonm8,T001775,PRC-MOD-SET,Process module M-09,L00,L00-Z8,mechanical,equipment,1.0,ea,76,78,,,T001698;T001754;T001820
2lxnY$gwpYgPkUtlyYonm8,T001776,PRC-MOD-CONNECT,Process module M-09,L00,L00-Z8,piping,piping,1.0,ea,78,80,,,T001775
2lxnY$gwpYgPkUtlyYonm8,T001777,CX-PROCESS-STARTUP,Process module M-09,L00,L00-Z8,commissioning,commissioning,1.0,ea,167,169,,,T000339;T000340;T000357;T000358;T001776
2lxnY$gwpYgPkUtlyYonm8,T001778,GEN-HANDOVER-DOC,Process module M-09,L00,L00-Z8,commissioning,handover,1.0,ea,177,178,,,T000324;T001777
2nqh6g8gCnaWJgAIidoGAd,T001779,CIV-EARTH-CUT,Pad footing F-7-4,L00,L00-Z8,civil,earthworks,15.69,m3,1,2,,,T001696;T001818
2nqh6g8gCnaWJgAIidoGAd,T001780,STR-FOOT-REBAR,Pad footing F-7-4,L00,L00-Z8,concrete,foundations,0.523,t,13,14,,,T001779
2nqh6g8gCnaWJgAIidoGAd,T001781,STR-FOOT-POUR,Pad footing F-7-4,L00,L00-Z8,concrete,foundations,5.23,m3,33,34,,,T001780
2sTdBdqeBA9UBL7Aa$1sHz,T001782,STR-STEEL-BEAM,Roof beam Z B-5-4,L00,L00-Z8,steel,steel,0.7,t,72,73,,,T001742
2sTdBdqeBA9UBL7Aa$1sHz,T001783,STR-STEEL-CONN,Roof beam Z B-5-4,L00,L00-Z8,steel,steel,0.7,t,73,74,,,T001685;T001782
2w8TmnGD2PrJCMy4FBzG0t,T001784,STR-STEEL-COL,Steel column C-4-4,L00,L00-Z8,steel,steel,1.02,t,71,72,,,T001703
2w8TmnGD2PrJCMy4FBzG0t,T001785,STR-STEEL-CONN,Steel column C-4-4,L00,L00-Z8,steel,steel,1.02,t,73,74,,,T001784;T001802;T001810
2w8TmnGD2PrJCMy4FBzG0t,T001786,INS-COATING-APPLY,Steel column C-4-4,L00,L00-Z8,insulation,insulation,22.44,m2,142,143,,,T001785
32LZGb57Oo$9LunnpYQN0K,T001787,STR-STEEL-BEAM,Roof beam Z B-4-5,L00,L00-Z8,steel,steel,0.53,t,72,73,,,T001711
32LZGb57Oo$9LunnpYQN0K,T001788,STR-STEEL-CONN,Roof beam Z B-4-5,L00,L00-Z8,steel,steel,0.53,t,73,74,,,T001690;T001787
363oADXJAndTVauGGL34jf,T001789,STR-STEEL-COL,Steel column C-6-5,L00,L00-Z8,steel,steel,1.56,t,71,72,,,T001706
363oADXJAndTVauGGL34jf,T001790,STR-STEEL-CONN,Steel column C-6-5,L00,L00-Z8,steel,steel,1.56,t,73,74,,,T001733;T001773;T001789
363oADXJAndTVauGGL34jf,T001791,INS-COATING-APPLY,Steel column C-6-5,L00,L00-Z8,insulation,insulation,34.32,m2,142,143,,,T001790
39wm2UG2BGtjwNm1cA0lH9,T001792,PRC-PUMP-SET,Pump P-106A,L00,L00-Z8,mechanical,equipment,1.0,ea,76,77,,,T001698
39wm2UG2BGtjwNm1cA0lH9,T001793,CX-PROCESS-STARTUP,Pump P-106A,L00,L00-Z8,commissioning,commissioning,1.0,ea,169,171,,,T000258;T000259;T000316;T000317;T000769;T001694;T001695;T001757;T001758;T001792
3A1yHfoRnsW9C76gUyj50W,T001794,STR-STEEL-BEAM,Roof beam X B-7-5,L00,L00-Z8,steel,steel,1.05,t,72,73,,,T001807
3A1yHfoRnsW9C76gUyj50W,T001795,STR-STEEL-CONN,Roof beam X B-7-5,L00,L00-Z8,steel,steel,1.05,t,73,74,,,T001750;T001794
3D1fUFIwWnsJ7dezHzDZvH,T001796,PIP-PIPE-INSTALL,Process pipe P-105 seg 2,L00,L00-Z8,piping,piping,6.0,m,129,130,,,T000804;T001453;T001691;T001712;T001748;T001788
3D1fUFIwWnsJ7dezHzDZvH,T001797,PIP-PIPE-TEST,Process pipe P-105 seg 2,L00,L00-Z8,piping,piping,6.0,m,131,132,,,T000355;T001692;T001796;T001812
3D1fUFIwWnsJ7dezHzDZvH,T001798,CX-PIPE-FLUSH,Process pipe P-105 seg 2,L00,L00-Z8,commissioning,precommissioning,6.0,m,132,133,,,T001797
3HFTvKCRph6Kn0BIytB8XS,T001799,STR-STEEL-COL,Steel column C-7-4,L00,L00-Z8,steel,steel,1.44,t,71,72,,,T001781
3HFTvKCRph6Kn0BIytB8XS,T001800,STR-STEEL-CONN,Steel column C-7-4,L00,L00-Z8,steel,steel,1.44,t,73,74,,,T001707;T001709;T001799
3HFTvKCRph6Kn0BIytB8XS,T001801,INS-COATING-APPLY,Steel column C-7-4,L00,L00-Z8,insulation,insulation,31.68,m2,142,143,,,T001800
3NipzGX1JGImY6lVrwNujx,T001802,STR-STEEL-BEAM,Roof beam Z B-4-4,L00,L00-Z8,steel,steel,0.63,t,72,73,,,T001784
3NipzGX1JGImY6lVrwNujx,T001803,STR-STEEL-CONN,Roof beam Z B-4-4,L00,L00-Z8,steel,steel,0.63,t,73,74,,,T001802;T001810
3WUhJr7pYt4svOSWcOcMeT,T001804,IC-INSTR-INSTALL,Pressure transmitter P-106,L00,L00-Z8,instrumentation,electrical_instrumentation,1.0,ea,130,131,,,T001693;T001717
3WUhJr7pYt4svOSWcOcMeT,T001805,IC-LOOP-CHECK,Pressure transmitter P-106,L00,L00-Z8,instrumentation,precommissioning,1.0,ea,132,133,,,T001804
3YMKIzg9v6XkYGDibl_5et,T001806,PIP-FITTING-INSTALL,Isolation valve P-106-2,L00,L00-Z8,piping,piping,1.0,ea,130,131,,,T000257;T000315;T001693;T001756;T001814
3YuHMwtdizTBudkqXJc10H,T001807,STR-STEEL-COL,Steel column C-7-5,L00,L00-Z8,steel,steel,1.5,t,71,72,,,T001728
3YuHMwtdizTBudkqXJc10H,T001808,STR-STEEL-CONN,Steel column C-7-5,L00,L00-Z8,steel,steel,1.5,t,73,74,,,T001750;T001794;T001807
3YuHMwtdizTBudkqXJc10H,T001809,INS-COATING-APPLY,Steel column C-7-5,L00,L00-Z8,insulation,insulation,33.0,m2,142,143,,,T001808
3fJcC9$xPb$_Xh24tFnvem,T001810,STR-STEEL-BEAM,Roof beam X B-4-4,L00,L00-Z8,steel,steel,1.28,t,72,73,,,T001784
3fJcC9$xPb$_Xh24tFnvem,T001811,STR-STEEL-CONN,Roof beam X B-4-4,L00,L00-Z8,steel,steel,1.28,t,73,74,,,T001802;T001810
3j178nV5WgO4nTfIYTgTd1,T001812,PIP-FITTING-INSTALL,Isolation valve P-105-2,L00,L00-Z8,piping,piping,1.0,ea,130,131,,,T000260;T000274;T001687;T001729;T001796
3kgeFw_wbBH_bnN9CIZBpH,T001813,PIP-FITTING-INSTALL,Isolation valve P-106-1,L00,L00-Z8,piping,piping,1.0,ea,130,131,,,T000257;T000315;T001693;T001717;T001756
3o$S8PxuFrmbDqmCJR_a6_,T001814,PIP-PIPE-INSTALL,Process pipe P-103 seg 4,L00,L00-Z8,piping,piping,6.0,m,129,130,,,T000695;T001049;T001413;T001751;T001795;T001808
3o$S8PxuFrmbDqmCJR_a6_,T001815,PIP-PIPE-TEST,Process pipe P-103 seg 4,L00,L00-Z8,piping,piping,6.0,m,131,132,,,T000290;T001342;T001368;T001814
3o$S8PxuFrmbDqmCJR_a6_,T001816,CX-PIPE-FLUSH,Process pipe P-103 seg 4,L00,L00-Z8,commissioning,precommissioning,6.0,m,132,133,,,T001815
3oRymxVCnGeHpfaso9i_3S,T001817,ARC-RAIL-INSTALL,Handrail ST-3-1,L00,L00-Z8,steel,steel,6.0,m,75,76,,,T001716;T001736;T001741;T001772
3w0sPGcKZBkWAlL6odTsBC,T001818,GEN-SITE-PREP,Ground slab S-4-4,L00,L00-Z8,civil,mobilise,144.0,m2,0,1,,,
3w0sPGcKZBkWAlL6odTsBC,T001819,CIV-EARTH-FILL,Ground slab S-4-4,L00,L00-Z8,civil,earthworks,43.2,m3,2,3,,,T001701;T001704;T001722;T001726;T001738;T001745;T001752;T001765;T001779;T001818
3w0sPGcKZBkWAlL6odTsBC,T001820,STR-GSLAB-POUR,Ground slab S-4-4,L00,L00-Z8,concrete,foundations,43.2,m3,67,71,,,T001703;T001724;T001740;T001767;T001819
00iNpj1Ct_PAJqF_0JWSyo,T001821,STR-STEEL-BEAM,Roof beam Z B-8-4,L00,L00-Z9,steel,steel,0.62,t,99,100,,,T001841
00iNpj1Ct_PAJqF_0JWSyo,T001822,STR-STEEL-CONN,Roof beam Z B-8-4,L00,L00-Z9,steel,steel,0.62,t,100,101,,,T001821;T001857
09nuzX5UzYGROadlS20o_w,T001823,PIP-PIPE-INSTALL,Process pipe P-107 seg 2,L00,L00-Z9,piping,piping,6.0,m,103,104,,,T001488;T001850;T001868;T001889;T001928
09nuzX5UzYGROadlS20o_w,T001824,PIP-PIPE-TEST,Process pipe P-107 seg 2,L00,L00-Z9,piping,piping,6.0,m,105,106,,,T000512;T001823;T001838;T001863
09nuzX5UzYGROadlS20o_w,T001825,CX-PIPE-FLUSH,Process pipe P-107 seg 2,L00,L00-Z9,commissioning,precommissioning,6.0,m,106,107,,,T001824
0Nn$FKPm4C1_FJoCjSNB$t,T001826,PRC-MOD-SET,Process module M-10,L00,L00-Z9,mechanical,equipment,1.0,ea,102,104,,,T001882;T001914
0Nn$FKPm4C1_FJoCjSNB$t,T001827,PRC-MOD-CONNECT,Process module M-10,L00,L00-Z9,piping,piping,1.0,ea,104,106,,,T001826
0Nn$FKPm4C1_FJoCjSNB$t,T001828,CX-PROCESS-STARTUP,Process module M-10,L00,L00-Z9,commissioning,commissioning,1.0,ea,169,171,,,T000488;T000489;T000491;T000492;T001827
0Nn$FKPm4C1_FJoCjSNB$t,T001829,GEN-HANDOVER-DOC,Process module M-10,L00,L00-Z9,commissioning,handover,1.0,ea,177,178,,,T000462;T000865;T000978;T000987;T001828
0PkxIUJctqe8QqYaKWUpUE,T001830,STR-STEEL-BEAM,Roof beam X B-10-4,L00,L00-Z9,steel,steel,1.26,t,99,100,,,T001834
0PkxIUJctqe8QqYaKWUpUE,T001831,STR-STEEL-CONN,Roof beam X B-10-4,L00,L00-Z9,steel,steel,1.26,t,100,101,,,T001830;T001852
0Vdx_ts4PKYH3XZM5_27Ae,T001832,STR-STEEL-BEAM,Roof beam X B-11-4,L00,L00-Z9,steel,steel,0.79,t,99,100,,,T001885
0Vdx_ts4PKYH3XZM5_27Ae,T001833,STR-STEEL-CONN,Roof beam X B-11-4,L00,L00-Z9,steel,steel,0.79,t,100,101,,,T001832;T001896
0WWumzVhww3zEX8mSTeqj1,T001834,STR-STEEL-COL,Steel column C-10-4,L00,L00-Z9,steel,steel,1.14,t,98,99,,,T001909
0WWumzVhww3zEX8mSTeqj1,T001835,STR-STEEL-CONN,Steel column C-10-4,L00,L00-Z9,steel,steel,1.14,t,100,101,,,T001830;T001834;T001852
0WWumzVhww3zEX8mSTeqj1,T001836,INS-COATING-APPLY,Steel column C-10-4,L00,L00-Z9,insulation,insulation,25.08,m2,106,107,,,T001835
0Zn$2mnu5SQmNt6d4i3hXR,T001837,ARC-CLAD-INSTALL,Cladding E-5,L00,L00-Z9,steel,steel,60.0,m2,101,102,,,T001862;T001870;T001879;T001904
0eEhRNiXuh4ua5$CuOGx6j,T001838,PIP-FITTING-INSTALL,Isolation valve P-107-1,L00,L00-Z9,piping,piping,1.0,ea,104,105,,,T000430;T000468;T001823;T001864
0hts7DnaxsXKmxUG1ZZAVb,T001839,ARC-DOOR-INSTALL,Roller door E-5,L00,L00-Z9,insulation,insulation,1.0,ea,106,107,,,T001837
0mG1KFLPuE4s$L_Hrp1bFt,T001840,ARC-ROOF-DECK,Roof sheeting R-10-4,L00,L00-Z9,steel,steel,144.0,m2,101,102,,,T001831;T001833;T001835;T001853;T001862;T001868;T001870;T001886;T001889;T001897;T001904;T001928
0npa7M$u1PaO4TL4kU0KBZ,T001841,STR-STEEL-COL,Steel column C-8-4,L00,L00-Z9,steel,steel,1.16,t,98,99,,,T001873
0npa7M$u1PaO4TL4kU0KBZ,T001842,STR-STEEL-CONN,Steel column C-8-4,L00,L00-Z9,steel,steel,1.16,t,100,101,,,T001821;T001841;T001857
0npa7M$u1PaO4TL4kU0KBZ,T001843,INS-COATING-APPLY,Steel column C-8-4,L00,L00-Z9,insulation,insulation,25.52,m2,106,107,,,T001842
1JLh53A5XQr3$bczVpcw97,T001844,CIV-EARTH-CUT,Pad footing F-9-5,L00,L00-Z9,civil,earthworks,16.53,m3,3,4,,,T001877;T001880
1JLh53A5XQr3$bczVpcw97,T001845,STR-FOOT-REBAR,Pad footing F-9-5,L00,L00-Z9,concrete,foundations,0.551,t,34,35,,,T001844
1JLh53A5XQr3$bczVpcw97,T001846,STR-FOOT-POUR,Pad footing F-9-5,L00,L00-Z9,concrete,foundations,5.51,m3,67,68,,,T001845
1KNLu5qkUuavTUdyOluxam,T001847,CIV-EARTH-CUT,Pad footing F-9-4,L00,L00-Z9,civil,earthworks,17.07,m3,3,4,,,T001877;T001880
1KNLu5qkUuavTUdyOluxam,T001848,STR-FOOT-REBAR,Pad footing F-9-4,L00,L00-Z9,concrete,foundations,0.569,t,34,35,,,T001847
1KNLu5qkUuavTUdyOluxam,T001849,STR-FOOT-POUR,Pad footing F-9-4,L00,L00-Z9,concrete,foundations,5.69,m3,67,68,,,T001848
1L3plTeYAM0AHNuej71Kr6,T001850,PRC-PUMP-SET,Pump P-107A,L00,L00-Z9,mechanical,equipment,1.0,ea,102,103,,,T001879
1L3plTeYAM0AHNuej71Kr6,T001851,CX-PROCESS-STARTUP,Pump P-107A,L00,L00-Z9,commissioning,commissioning,1.0,ea,171,173,,,T000431;T000432;T000469;T000470;T001824;T001825;T001850;T001865;T001866
1PzYFr_$GfpnGED2GJi1U6,T001852,STR-STEEL-BEAM,Roof beam Z B-10-4,L00,L00-Z9,steel,steel,0.86,t,99,100,,,T001834
1PzYFr_$GfpnGED2GJi1U6,T001853,STR-STEEL-CONN,Roof beam Z B-10-4,L00,L00-Z9,steel,steel,0.86,t,100,101,,,T001830;T001852
1YaYqO8NHbEwvY_Of2J62N,T001854,STR-STEEL-COL,Steel column C-9-5,L00,L00-Z9,steel,steel,1.2,t,98,99,,,T001846
1YaYqO8NHbEwvY_Of2J62N,T001855,STR-STEEL-CONN,Steel column C-9-5,L00,L00-Z9,steel,steel,1.2,t,100,101,,,T001854;T001883;T001891
1YaYqO8NHbEwvY_Of2J62N,T001856,INS-COATING-APPLY,Steel column C-9-5,L00,L00-Z9,insulation,insulation,26.4,m2,106,107,,,T001855
1h$hLcktP$9RaX6cpSBChY,T001857,STR-STEEL-BEAM,Roof beam X B-8-4,L00,L00-Z9,steel,steel,1.11,t,99,100,,,T001841
1h$hLcktP$9RaX6cpSBChY,T001858,STR-STEEL-CONN,Roof beam X B-8-4,L00,L00-Z9,steel,steel,1.11,t,100,101,,,T001821;T001857
1oO8I9sVwpCH1Cmn2E15GV,T001859,STR-STEEL-BEAM,Roof beam Z B-8-5,L00,L00-Z9,steel,steel,0.57,t,99,100,,,T001900
1oO8I9sVwpCH1Cmn2E15GV,T001860,STR-STEEL-CONN,Roof beam Z B-8-5,L00,L00-Z9,steel,steel,0.57,t,100,101,,,T001859;T001917
1r9V$Cg3aFolDfJ3AwzwY0,T001861,STR-STEEL-BEAM,Roof beam X B-11-5,L00,L00-Z9,steel,steel,1.02,t,99,100,,,T001903
1r9V$Cg3aFolDfJ3AwzwY0,T001862,STR-STEEL-CONN,Roof beam X B-11-5,L00,L00-Z9,steel,steel,1.02,t,100,101,,,T001861;T001869
23T861oaRc1QF0ZiG4Rs5a,T001863,PIP-FITTING-INSTALL,Isolation valve P-107-2,L00,L00-Z9,piping,piping,1.0,ea,104,105,,,T000430;T000468;T001823;T001864
2CShMjiVlhI5kn947q_12o,T001864,PIP-PIPE-INSTALL,Process pipe P-107 seg 1,L00,L00-Z9,piping,piping,6.0,m,103,104,,,T001488;T001831;T001835;T001850;T001853
2CShMjiVlhI5kn947q_12o,T001865,PIP-PIPE-TEST,Process pipe P-107 seg 1,L00,L00-Z9,piping,piping,6.0,m,105,106,,,T000512;T001838;T001863;T001864
2CShMjiVlhI5kn947q_12o,T001866,CX-PIPE-FLUSH,Process pipe P-107 seg 1,L00,L00-Z9,commissioning,precommissioning,6.0,m,106,107,,,T001865
2DrI0S3TsnIjaSnE_LESDa,T001867,STR-STEEL-BEAM,Roof beam Z B-10-5,L00,L00-Z9,steel,steel,0.54,t,99,100,,,T001888
2DrI0S3TsnIjaSnE_LESDa,T001868,STR-STEEL-CONN,Roof beam Z B-10-5,L00,L00-Z9,steel,steel,0.54,t,100,101,,,T001867;T001927
2FkA5JMsgNsJcaiDY$lX90,T001869,STR-STEEL-BEAM,Roof beam Z B-11-5,L00,L00-Z9,steel,steel,0.64,t,99,100,,,T001903
2FkA5JMsgNsJcaiDY$lX90,T001870,STR-STEEL-CONN,Roof beam Z B-11-5,L00,L00-Z9,steel,steel,0.64,t,100,101,,,T001861;T001869
2GBsk2kdNRh_OSHJ9bC4hG,T001871,CIV-EARTH-CUT,Pad footing F-8-4,L00,L00-Z9,civil,earthworks,16.86,m3,3,4,,,T001877;T001880
2GBsk2kdNRh_OSHJ9bC4hG,T001872,STR-FOOT-REBAR,Pad footing F-8-4,L00,L00-Z9,concrete,foundations,0.562,t,34,35,,,T001871
2GBsk2kdNRh_OSHJ9bC4hG,T001873,STR-FOOT-POUR,Pad footing F-8-4,L00,L00-Z9,concrete,foundations,5.62,m3,68,69,,,T001872
2GNGt7FJcLKfSiaAWPZGcB,T001874,CIV-EARTH-CUT,Pad footing F-8-5,L00,L00-Z9,civil,earthworks,16.2,m3,3,4,,,T001877;T001880
2GNGt7FJcLKfSiaAWPZGcB,T001875,STR-FOOT-REBAR,Pad footing F-8-5,L00,L00-Z9,concrete,foundations,0.54,t,34,35,,,T001874
2GNGt7FJcLKfSiaAWPZGcB,T001876,STR-FOOT-POUR,Pad footing F-8-5,L00,L00-Z9,concrete,foundations,5.4,m3,68,69,,,T001875
2HVZAVa3cQOob6U$nEU$91,T001877,GEN-SITE-PREP,Ground slab S-10-4,L00,L00-Z9,civil,mobilise,144.0,m2,1,2,,,
2HVZAVa3cQOob6U$nEU$91,T001878,CIV-EARTH-FILL,Ground slab S-10-4,L00,L00-Z9,civil,earthworks,43.2,m3,4,5,,,T001844;T001847;T001871;T001874;T001877;T001907;T001912;T001919;T001922;T001929
2HVZAVa3cQOob6U$nEU$91,T001879,STR-GSLAB-POUR,Ground slab S-10-4,L00,L00-Z9,concrete,foundations,43.2,m3,92,96,,,T001878;T001909;T001921;T001924;T001931
2HmHI81LuiRJquRBCHFnis,T001880,GEN-SITE-PREP,Ground slab S-8-4,L00,L00-Z9,civil,mobilise,144.0,m2,2,3,,,
2HmHI81LuiRJquRBCHFnis,T001881,CIV-EARTH-FILL,Ground slab S-8-4,L00,L00-Z9,civil,earthworks,43.2,m3,4,5,,,T001844;T001847;T001871;T001874;T001880;T001907;T001912;T001919;T001922;T001929
2HmHI81LuiRJquRBCHFnis,T001882,STR-GSLAB-POUR,Ground slab S-8-4,L00,L00-Z9,concrete,foundations,43.2,m3,94,98,,,T001846;T001849;T001873;T001876;T001881
2I11DhAPHzuKdgzJV7YF25,T001883,STR-STEEL-BEAM,Roof beam Z B-9-5,L00,L00-Z9,steel,steel,0.81,t,99,100,,,T001854
2I11DhAPHzuKdgzJV7YF25,T001884,STR-STEEL-CONN,Roof beam Z B-9-5,L00,L00-Z9,steel,steel,0.81,t,100,101,,,T001883;T001891
2VaBph9MyejRYNO$PUUXQT,T001885,STR-STEEL-COL,Steel column C-11-4,L00,L00-Z9,steel,steel,1.39,t,98,99,,,T001921
2VaBph9MyejRYNO$PUUXQT,T001886,STR-STEEL-CONN,Steel column C-11-4,L00,L00-Z9,steel,steel,1.39,t,100,101,,,T001832;T001885;T001896
2VaBph9MyejRYNO$PUUXQT,T001887,INS-COATING-APPLY,Steel column C-11-4,L00,L00-Z9,insulation,insulation,30.58,m2,106,107,,,T001886
2YGu1TBJ1$Rhrd$lx4gAI7,T001888,STR-STEEL-COL,Steel column C-10-5,L00,L00-Z9,steel,steel,1.58,t,98,99,,,T001931
2YGu1TBJ1$Rhrd$lx4gAI7,T001889,STR-STEEL-CONN,Steel column C-10-5,L00,L00-Z9,steel,steel,1.58,t,100,101,,,T001867;T001888;T001927
2YGu1TBJ1$Rhrd$lx4gAI7,T001890,INS-COATING-APPLY,Steel column C-10-5,L00,L00-Z9,insulation,insulation,34.76,m2,106,107,,,T001889
2ktaXXetLe_Ju6OJ6TN4yX,T001891,STR-STEEL-BEAM,Roof beam X B-9-5,L00,L00-Z9,steel,steel,1.0,t,99,100,,,T001854
2ktaXXetLe_Ju6OJ6TN4yX,T001892,STR-STEEL-CONN,Roof beam X B-9-5,L00,L00-Z9,steel,steel,1.0,t,100,101,,,T001883;T001891
2opP18BaiiZSOwp0XMqD9b,T001893,STR-STEEL-COL,Steel column C-9-4,L00,L00-Z9,steel,steel,1.45,t,98,99,,,T001849
2opP18BaiiZSOwp0XMqD9b,T001894,STR-STEEL-CONN,Steel column C-9-4,L00,L00-Z9,steel,steel,1.45,t,100,101,,,T001893;T001898;T001925
2opP18BaiiZSOwp0XMqD9b,T001895,INS-COATING-APPLY,Steel column C-9-4,L00,L00-Z9,insulation,insulation,31.9,m2,106,107,,,T001894
2s1tzba_AsVJNVZEXVsPyD,T001896,STR-STEEL-BEAM,Roof beam Z B-11-4,L00,L00-Z9,steel,steel,0.77,t,99,100,,,T001885
2s1tzba_AsVJNVZEXVsPyD,T001897,STR-STEEL-CONN,Roof beam Z B-11-4,L00,L00-Z9,steel,steel,0.77,t,100,101,,,T001832;T001896
2sNYDuuKHjt0jPEOa5Horg,T001898,STR-STEEL-BEAM,Roof beam Z B-9-4,L00,L00-Z9,steel,steel,0.65,t,99,100,,,T001893
2sNYDuuKHjt0jPEOa5Horg,T001899,STR-STEEL-CONN,Roof beam Z B-9-4,L00,L00-Z9,steel,steel,0.65,t,100,101,,,T001898;T001925
31_zc1tbT0lOqtoVKnmSXA,T001900,STR-STEEL-COL,Steel column C-8-5,L00,L00-Z9,steel,steel,1.14,t,98,99,,,T001876
31_zc1tbT0lOqtoVKnmSXA,T001901,STR-STEEL-CONN,Steel column C-8-5,L00,L00-Z9,steel,steel,1.14,t,100,101,,,T001859;T001900;T001917
31_zc1tbT0lOqtoVKnmSXA,T001902,INS-COATING-APPLY,Steel column C-8-5,L00,L00-Z9,insulation,insulation,25.08,m2,106,107,,,T001901
39yNOWm1FVnuV4PwCQyndf,T001903,STR-STEEL-COL,Steel column C-11-5,L00,L00-Z9,steel,steel,1.09,t,98,99,,,T001924
39yNOWm1FVnuV4PwCQyndf,T001904,STR-STEEL-CONN,Steel column C-11-5,L00,L00-Z9,steel,steel,1.09,t,100,101,,,T001861;T001869;T001903
39yNOWm1FVnuV4PwCQyndf,T001905,INS-COATING-APPLY,Steel column C-11-5,L00,L00-Z9,insulation,insulation,23.98,m2,107,108,,,T001904
3F99WQ$jSuckbVYeD6iq_Z,T001906,ARC-CLAD-INSTALL,Cladding E-4,L00,L00-Z9,steel,steel,60.0,m2,101,102,,,T001833;T001879;T001886;T001897
3KPHW6zlDFaAKYvItBSvi3,T001907,CIV-EARTH-CUT,Pad footing F-10-4,L00,L00-Z9,civil,earthworks,16.53,m3,3,4,,,T001877;T001880
3KPHW6zlDFaAKYvItBSvi3,T001908,STR-FOOT-REBAR,Pad footing F-10-4,L00,L00-Z9,concrete,foundations,0.551,t,34,35,,,T001907
3KPHW6zlDFaAKYvItBSvi3,T001909,STR-FOOT-POUR,Pad footing F-10-4,L00,L00-Z9,concrete,foundations,5.51,m3,69,70,,,T001908
3M1IwljN9Wxx3G0uEBiKS0,T001910,IC-INSTR-INSTALL,Pressure transmitter P-107,L00,L00-Z9,instrumentation,electrical_instrumentation,1.0,ea,104,105,,,T001864
3M1IwljN9Wxx3G0uEBiKS0,T001911,IC-LOOP-CHECK,Pressure transmitter P-107,L00,L00-Z9,instrumentation,precommissioning,1.0,ea,106,107,,,T001910
3TOM0akySjSGTssBi4yoB6,T001912,CIV-EARTH-CUT,Module foundation MF-10,L00,L00-Z9,civil,earthworks,32.25,m3,3,4,,,T001877;T001880
3TOM0akySjSGTssBi4yoB6,T001913,STR-FOOT-REBAR,Module foundation MF-10,L00,L00-Z9,concrete,foundations,1.29,t,69,70,,,T001912
3TOM0akySjSGTssBi4yoB6,T001914,STR-EQPAD-POUR,Module foundation MF-10,L00,L00-Z9,concrete,foundations,12.9,m3,94,97,,,T001913
3TOM0akySjSGTssBi4yoB6,T001915,CIV-BACKFILL-COMPACT,Module foundation MF-10,L00,L00-Z9,civil,foundations,12.9,m3,97,98,,,T001914
3WqdhJ4fq0YQ_$eUfxzADs,T001916,ARC-ROOF-DECK,Roof sheeting R-8-4,L00,L00-Z9,steel,steel,144.0,m2,101,102,,,T001822;T001842;T001855;T001858;T001860;T001884;T001892;T001894;T001899;T001901;T001918;T001926
3colG5MXL$hxGBetIXEe5G,T001917,STR-STEEL-BEAM,Roof beam X B-8-5,L00,L00-Z9,steel,steel,1.0,t,99,100,,,T001900
3colG5MXL$hxGBetIXEe5G,T001918,STR-STEEL-CONN,Roof beam X B-8-5,L00,L00-Z9,steel,steel,1.0,t,100,101,,,T001859;T001917
3lUnAlS3eCgIH4ayHyv0A2,T001919,CIV-EARTH-CUT,Pad footing F-11-4,L00,L00-Z9,civil,earthworks,15.99,m3,3,4,,,T001877;T001880
3lUnAlS3eCgIH4ayHyv0A2,T001920,STR-FOOT-REBAR,Pad footing F-11-4,L00,L00-Z9,concrete,foundations,0.533,t,34,35,,,T001919
3lUnAlS3eCgIH4ayHyv0A2,T001921,STR-FOOT-POUR,Pad footing F-11-4,L00,L00-Z9,concrete,foundations,5.33,m3,70,71,,,T001920
3rVKfeOK$x$d$2BowURj66,T001922,CIV-EARTH-CUT,Pad footing F-11-5,L00,L00-Z9,civil,earthworks,13.8,m3,3,4,,,T001877;T001880
3rVKfeOK$x$d$2BowURj66,T001923,STR-FOOT-REBAR,Pad footing F-11-5,L00,L00-Z9,concrete,foundations,0.46,t,34,35,,,T001922
3rVKfeOK$x$d$2BowURj66,T001924,STR-FOOT-POUR,Pad footing F-11-5,L00,L00-Z9,concrete,foundations,4.6,m3,70,71,,,T001923
3sQi9cctePrpWwN2N$RxYt,T001925,STR-STEEL-BEAM,Roof beam X B-9-4,L00,L00-Z9,steel,steel,0.74,t,99,100,,,T001893
3sQi9cctePrpWwN2N$RxYt,T001926,STR-STEEL-CONN,Roof beam X B-9-4,L00,L00-Z9,steel,steel,0.74,t,100,101,,,T001898;T001925
3tE$5uj_w$EIFiBQaNLYR0,T001927,STR-STEEL-BEAM,Roof beam X B-10-5,L00,L00-Z9,steel,steel,0.8,t,99,100,,,T001888
3tE$5uj_w$EIFiBQaNLYR0,T001928,STR-STEEL-CONN,Roof beam X B-10-5,L00,L00-Z9,steel,steel,0.8,t,100,101,,,T001867;T001927
3zxQhIeeipGlDeUxFYvVIC,T001929,CIV-EARTH-CUT,Pad footing F-10-5,L00,L00-Z9,civil,earthworks,14.46,m3,3,4,,,T001877;T001880
3zxQhIeeipGlDeUxFYvVIC,T001930,STR-FOOT-REBAR,Pad footing F-10-5,L00,L00-Z9,concrete,foundations,0.482,t,35,36,,,T001929
3zxQhIeeipGlDeUxFYvVIC,T001931,STR-FOOT-POUR,Pad footing F-10-5,L00,L00-Z9,concrete,foundations,4.82,m3,71,72,,,T001930
